-- phpMyAdmin SQL Dump
-- version 3.5.2.2
-- http://www.phpmyadmin.net
--
-- Host: 127.0.0.1
-- Generation Time: Mar 08, 2018 at 10:56 AM
-- Server version: 5.5.27
-- PHP Version: 5.4.7

SET SQL_MODE="NO_AUTO_VALUE_ON_ZERO";
SET time_zone = "+00:00";


/*!40101 SET @OLD_CHARACTER_SET_CLIENT=@@CHARACTER_SET_CLIENT */;
/*!40101 SET @OLD_CHARACTER_SET_RESULTS=@@CHARACTER_SET_RESULTS */;
/*!40101 SET @OLD_COLLATION_CONNECTION=@@COLLATION_CONNECTION */;
/*!40101 SET NAMES utf8 */;

--
-- Database: `db_petugas_piket`
--

-- --------------------------------------------------------

--
-- Table structure for table `tbl_absensi_siswa`
--

CREATE TABLE IF NOT EXISTS `tbl_absensi_siswa` (
  `id_absen` bigint(20) NOT NULL AUTO_INCREMENT,
  `tahun_pelajaran` varchar(9) NOT NULL,
  `semester` varchar(3) NOT NULL,
  `nis` varchar(8) NOT NULL,
  `nama` varchar(100) NOT NULL,
  `rombel` varchar(9) NOT NULL,
  `kode_rayon` varchar(5) NOT NULL,
  `tgl_absen` date NOT NULL,
  `hadir` int(1) NOT NULL,
  `alpa` int(1) NOT NULL,
  `izin` int(1) NOT NULL,
  `sakit` int(1) NOT NULL,
  `tugas` int(1) NOT NULL,
  `catatan` text,
  `tgl_update` timestamp NULL DEFAULT NULL,
  `user_update` varchar(50) DEFAULT NULL,
  PRIMARY KEY (`id_absen`),
  KEY `nis` (`nis`),
  KEY `kode_rayon` (`kode_rayon`)
) ENGINE=InnoDB  DEFAULT CHARSET=latin1 AUTO_INCREMENT=651 ;

--
-- Dumping data for table `tbl_absensi_siswa`
--

INSERT INTO `tbl_absensi_siswa` (`id_absen`, `tahun_pelajaran`, `semester`, `nis`, `nama`, `rombel`, `kode_rayon`, `tgl_absen`, `hadir`, `alpa`, `izin`, `sakit`, `tugas`, `catatan`, `tgl_update`, `user_update`) VALUES
(1, '2017-2018', 'VI', '11504716', 'Abdurrahman', 'RPL XII-3', 'Cia 1', '2018-03-02', 1, 0, 0, 0, 0, '', NULL, NULL),
(2, '2017-2018', 'VI', '11504719', 'Adam Pahmi Rizaldi', 'RPL XII-3', 'Wik 2', '2018-03-02', 1, 0, 0, 0, 0, '', NULL, NULL),
(3, '2017-2018', 'VI', '11504739', 'Aldi Oktaresi', 'RPL XII-3', 'Taj 4', '2018-03-02', 1, 0, 0, 0, 0, '', NULL, NULL),
(4, '2017-2018', 'VI', '11504748', 'Alwi Gunawan', 'RPL XII-3', 'Cic 1', '2018-03-02', 1, 0, 0, 0, 0, '', NULL, NULL),
(5, '2017-2018', 'VI', '11504774', 'Ari Aliansah', 'RPL XII-3', 'Cia 4', '2018-03-02', 1, 0, 0, 0, 0, '', NULL, NULL),
(6, '2017-2018', 'VI', '11504776', 'Ari Septyan Nurmawan', 'RPL XII-3', 'Cic 4', '2018-03-02', 1, 0, 0, 0, 0, '', NULL, NULL),
(7, '2017-2018', 'VI', '11504807', 'Chauzar Vanneeza', 'RPL XII-3', 'Cia 3', '2018-03-02', 1, 0, 0, 0, 0, '', NULL, NULL),
(8, '2017-2018', 'VI', '11504861', 'Elsa Yusiani Wibowo', 'RPL XII-3', 'Cis 6', '2018-03-02', 1, 0, 0, 0, 0, '', NULL, NULL),
(9, '2017-2018', 'VI', '11504870', 'Fahmi Mulyani', 'RPL XII-3', 'Cib 3', '2018-03-02', 1, 0, 0, 0, 0, '', NULL, NULL),
(10, '2017-2018', 'VI', '11504873', 'Fajar Firdaus', 'RPL XII-3', 'Taj 1', '2018-03-02', 1, 0, 0, 0, 0, '', NULL, NULL),
(11, '2017-2018', 'VI', '11504887', 'Fherdy Lianza', 'RPL XII-3', 'Cic 5', '2018-03-02', 1, 0, 0, 0, 0, '', NULL, NULL),
(12, '2017-2018', 'VI', '11504901', 'Galuh Jafar Sidiq', 'RPL XII-3', 'Cis 6', '2018-03-02', 1, 0, 0, 0, 0, '', NULL, NULL),
(13, '2017-2018', 'VI', '11504907', 'Hadi Muhammad Sunarya', 'RPL XII-3', 'Cib 1', '2018-03-02', 1, 0, 0, 0, 0, '', NULL, NULL),
(14, '2017-2018', 'VI', '11504958', 'Lutfi Maulana', 'RPL XII-3', 'Wik 3', '2018-03-02', 1, 0, 0, 0, 0, '', NULL, NULL),
(15, '2017-2018', 'VI', '11504961', 'Lyshaz Prahandiva', 'RPL XII-3', 'Cic 6', '2018-03-02', 1, 0, 0, 0, 0, '', NULL, NULL),
(16, '2017-2018', 'VI', '11504968', 'Muhamad Indra Supriadi', 'RPL XII-3', 'Cis 6', '2018-03-02', 1, 0, 0, 0, 0, '', NULL, NULL),
(17, '2017-2018', 'VI', '11505002', 'Muhamad Irfan Maulana', 'RPL XII-3', 'Cib 1', '2018-03-02', 1, 0, 0, 0, 0, '', NULL, NULL),
(18, '2017-2018', 'VI', '11505005', 'Muhammad Agung Jumadi', 'RPL XII-3', 'Cia 2', '2018-03-02', 1, 0, 0, 0, 0, '', NULL, NULL),
(19, '2017-2018', 'VI', '11505016', 'Muhamad Firdaus', 'RPL XII-3', 'Wik 4', '2018-03-02', 1, 0, 0, 0, 0, '', NULL, NULL),
(20, '2017-2018', 'VI', '11505026', 'Muhamad Ramdani', 'RPL XII-3', 'Cic 2', '2018-03-02', 1, 0, 0, 0, 0, '', NULL, NULL),
(21, '2017-2018', 'VI', '11505029', 'Muhammad Rifki Darmawan', 'RPL XII-3', 'Cia 4', '2018-03-02', 1, 0, 0, 0, 0, '', NULL, NULL),
(22, '2017-2018', 'VI', '11505045', 'Muhammad Agus Suryadi', 'RPL XII-3', 'Cia 2', '2018-03-02', 1, 0, 0, 0, 0, '', NULL, NULL),
(23, '2017-2018', 'VI', '11505056', 'Muhammad Feb Abnie', 'RPL XII-3', 'Cis 3', '2018-03-02', 1, 0, 0, 0, 0, '', NULL, NULL),
(24, '2017-2018', 'VI', '11505063', 'Muhammad Jonathan', 'RPL XII-3', 'Taj 1', '2018-03-02', 1, 0, 0, 0, 0, '', NULL, NULL),
(25, '2017-2018', 'VI', '11505065', 'Muhammad Lutfhi Akhdan', 'RPL XII-3', 'Cic 4', '2018-03-02', 1, 0, 0, 0, 0, '', NULL, NULL),
(26, '2017-2018', 'VI', '11505068', 'Muhammad Nur Alfi', 'RPL XII-3', 'Taj 4', '2018-03-02', 1, 0, 0, 0, 0, '', NULL, NULL),
(27, '2017-2018', 'VI', '11505071', 'Muhammad Ramdan', 'RPL XII-3', 'Cia 2', '2018-03-02', 1, 0, 0, 0, 0, '', NULL, NULL),
(28, '2017-2018', 'VI', '11505076', 'Muhammad Riyanda Nekhan', 'RPL XII-3', 'Cis 4', '2018-03-02', 1, 0, 0, 0, 0, '', NULL, NULL),
(29, '2017-2018', 'VI', '11505081', 'Muhammad Rozinul Miqdad', 'RPL XII-3', 'Wik 2', '2018-03-02', 1, 0, 0, 0, 0, '', NULL, NULL),
(30, '2017-2018', 'VI', '11505095', 'Nabila Nur Jayanti', 'RPL XII-3', 'Cic 5', '2018-03-02', 1, 0, 0, 0, 0, '', NULL, NULL),
(31, '2017-2018', 'VI', '11505105', 'Nesta Maulana', 'RPL XII-3', 'Suk 1', '2018-03-02', 1, 0, 0, 0, 0, '', NULL, NULL),
(32, '2017-2018', 'VI', '11505112', 'Novandiansyah', 'RPL XII-3', 'Cia 4', '2018-03-02', 1, 0, 0, 0, 0, '', NULL, NULL),
(33, '2017-2018', 'VI', '11505174', 'Rival Pramas Autia', 'RPL XII-3', 'Cic 1', '2018-03-02', 1, 0, 0, 0, 0, '', NULL, NULL),
(34, '2017-2018', 'VI', '11505175', 'Rivan Disahayyan', 'RPL XII-3', 'Cic 4', '2018-03-02', 1, 0, 0, 0, 0, '', NULL, NULL),
(35, '2017-2018', 'VI', '11505178', 'Rizaldy Sukma Perkasa', 'RPL XII-3', 'Cia 1', '2018-03-02', 1, 0, 0, 0, 0, '', NULL, NULL),
(36, '2017-2018', 'VI', '11505193', 'Salman Muhammad Ichsan', 'RPL XII-3', 'Cib 2', '2018-03-02', 1, 0, 0, 0, 0, '', NULL, NULL),
(37, '2017-2018', 'VI', '11505207', 'Sherline Marceline Cendana', 'RPL XII-3', 'Cic 6', '2018-03-02', 1, 0, 0, 0, 0, '', NULL, NULL),
(38, '2017-2018', 'VI', '11505220', 'Siti Hildayati', 'RPL XII-3', 'Cia 1', '2018-03-02', 1, 0, 0, 0, 0, '', NULL, NULL),
(39, '2017-2018', 'VI', '11505269', 'Wanda Oktapiani', 'RPL XII-3', 'Cia 1', '2018-03-02', 1, 0, 0, 0, 0, '', NULL, NULL),
(40, '2017-2018', 'IV', '11605331', 'Aimatul Khoeriyah', 'APK XI-1', 'Cib 3', '2018-03-03', 0, 0, 1, 0, 0, '', NULL, NULL),
(41, '2017-2018', 'IV', '11605344', 'Alfiyah Abdullah', 'APK XI-1', 'Wik 4', '2018-03-03', 0, 1, 0, 0, 0, '', NULL, NULL),
(42, '2017-2018', 'IV', '11605359', 'Ananda Restyane', 'APK XI-1', 'Cia 4', '2018-03-03', 0, 0, 0, 1, 0, '', NULL, NULL),
(43, '2017-2018', 'IV', '11605363', 'Andika Rizky Nugraha', 'APK XI-1', 'Wik 4', '2018-03-03', 0, 0, 0, 1, 0, '', NULL, NULL),
(44, '2017-2018', 'IV', '11605365', 'Angelia Nurjanah', 'APK XI-1', 'Taj 5', '2018-03-03', 1, 0, 0, 0, 0, '', NULL, NULL),
(45, '2017-2018', 'IV', '11605371', 'Ani Apriliani', 'APK XI-1', 'Cib 2', '2018-03-03', 1, 0, 0, 0, 0, '', NULL, NULL),
(46, '2017-2018', 'IV', '11605375', 'Anisa Novianti Sulbi', 'APK XI-1', 'Cis 2', '2018-03-03', 0, 0, 1, 0, 0, '', NULL, NULL),
(47, '2017-2018', 'IV', '11605414', 'Dahlia Pertiwi Kalsum', 'APK XI-1', 'Cic 1', '2018-03-03', 0, 0, 0, 1, 0, '', NULL, NULL),
(48, '2017-2018', 'IV', '11605420', 'Dea Dwi Purwanti', 'APK XI-1', 'Cia 3', '2018-03-03', 0, 1, 0, 0, 0, '', NULL, NULL),
(49, '2017-2018', 'IV', '11605423', 'Dellaneira Siska Widyawati', 'APK XI-1', 'Cic 6', '2018-03-03', 1, 0, 0, 0, 0, '', NULL, NULL),
(50, '2017-2018', 'IV', '11605459', 'Eneng Nova Permatasari', 'APK XI-1', 'Cia 4', '2018-03-03', 1, 0, 0, 0, 0, '', NULL, NULL),
(51, '2017-2018', 'IV', '11605462', 'Erisa Sri Aulia Dewi', 'APK XI-1', 'Wik 4', '2018-03-03', 1, 0, 0, 0, 0, '', NULL, NULL),
(52, '2017-2018', 'IV', '11605481', 'Fatma Agustina', 'APK XI-1', 'Cic 1', '2018-03-03', 1, 0, 0, 0, 0, '', NULL, NULL),
(53, '2017-2018', 'IV', '11605489', 'Fetty Fatimah', 'APK XI-1', 'Cib 3', '2018-03-03', 1, 0, 0, 0, 0, '', NULL, NULL),
(54, '2017-2018', 'IV', '11605491', 'Firda Nurhidayanti', 'APK XI-1', 'Taj 4', '2018-03-03', 1, 0, 0, 0, 0, '', NULL, NULL),
(55, '2017-2018', 'IV', '11605520', 'Indriyanti', 'APK XI-1', 'Cib 1', '2018-03-03', 1, 0, 0, 0, 0, '', NULL, NULL),
(56, '2017-2018', 'IV', '11605522', 'Injanurelia Hayat', 'APK XI-1', 'Cis 2', '2018-03-03', 1, 0, 0, 0, 0, '', NULL, NULL),
(57, '2017-2018', 'IV', '11605547', 'Liana Nur Rizqi', 'APK XI-1', 'Suk 2', '2018-03-03', 1, 0, 0, 0, 0, '', NULL, NULL),
(58, '2017-2018', 'IV', '11605551', 'Lisma Retnawati', 'APK XI-1', 'Cic 4', '2018-03-03', 1, 0, 0, 0, 0, '', NULL, NULL),
(59, '2017-2018', 'IV', '11605552', 'Listia Wati', 'APK XI-1', 'Cia 4', '2018-03-03', 1, 0, 0, 0, 0, '', NULL, NULL),
(60, '2017-2018', 'IV', '11605703', 'Navy Putri Marini', 'APK XI-1', 'Wik 1', '2018-03-03', 1, 0, 0, 0, 0, '', NULL, NULL),
(61, '2017-2018', 'IV', '11605720', 'Nur Fitri Apriani Harahap', 'APK XI-1', 'Cic 3', '2018-03-03', 1, 0, 0, 0, 0, '', NULL, NULL),
(62, '2017-2018', 'IV', '11605723', 'Nurdian Fitri Ningsih', 'APK XI-1', 'Wik 2', '2018-03-03', 1, 0, 0, 0, 0, '', NULL, NULL),
(63, '2017-2018', 'IV', '11605727', 'Nurul Fauziah', 'APK XI-1', 'Cic 7', '2018-03-03', 1, 0, 0, 0, 0, '', NULL, NULL),
(64, '2017-2018', 'IV', '11605739', 'Putri Apryanti', 'APK XI-1', 'Cib 1', '2018-03-03', 1, 0, 0, 0, 0, '', NULL, NULL),
(65, '2017-2018', 'IV', '11605747', 'Qonitat Sholihah', 'APK XI-1', 'Cis 5', '2018-03-03', 1, 0, 0, 0, 0, '', NULL, NULL),
(66, '2017-2018', 'IV', '11605752', 'Raden Desti Safitri', 'APK XI-1', 'Cis 4', '2018-03-03', 1, 0, 0, 0, 0, '', NULL, NULL),
(67, '2017-2018', 'IV', '11605772', 'Rena Wahyuni', 'APK XI-1', 'Cia 5', '2018-03-03', 1, 0, 0, 0, 0, '', NULL, NULL),
(68, '2017-2018', 'IV', '11605785', 'Rifki Ananda', 'APK XI-1', 'Cia 3', '2018-03-03', 1, 0, 0, 0, 0, '', NULL, NULL),
(69, '2017-2018', 'IV', '11605794', 'Rini Indriyani', 'APK XI-1', 'Cia 3', '2018-03-03', 1, 0, 0, 0, 0, '', NULL, NULL),
(70, '2017-2018', 'IV', '11605799', 'Risma Yunianti', 'APK XI-1', 'Cis 3', '2018-03-03', 1, 0, 0, 0, 0, '', NULL, NULL),
(71, '2017-2018', 'IV', '11605822', 'Salwa Rizky Aulia', 'APK XI-1', 'Cic 5', '2018-03-03', 1, 0, 0, 0, 0, '', NULL, NULL),
(72, '2017-2018', 'IV', '11605834', 'Selvi Noviliana', 'APK XI-1', 'Cic 5', '2018-03-03', 1, 0, 0, 0, 0, '', NULL, NULL),
(73, '2017-2018', 'IV', '11605848', 'Sindi Iklimah Nurul Apriani', 'APK XI-1', 'Cia 4', '2018-03-03', 1, 0, 0, 0, 0, '', NULL, NULL),
(74, '2017-2018', 'IV', '11605850', 'Siti Amalia Ihsan', 'APK XI-1', 'Cia 5', '2018-03-03', 1, 0, 0, 0, 0, '', NULL, NULL),
(75, '2017-2018', 'IV', '11605856', 'Siti Mariam', 'APK XI-1', 'Suk 1', '2018-03-03', 1, 0, 0, 0, 0, '', NULL, NULL),
(76, '2017-2018', 'IV', '11605866', 'Siti Nuraeni', 'APK XI-1', 'Cic 7', '2018-03-03', 1, 0, 0, 0, 0, '', NULL, NULL),
(77, '2017-2018', 'IV', '11605868', 'Siti Nurul Fadilah', 'APK XI-1', 'Cib 3', '2018-03-03', 1, 0, 0, 0, 0, '', NULL, NULL),
(78, '2017-2018', 'IV', '11605870', 'Siti Salbia Sundava', 'APK XI-1', 'Cis 3', '2018-03-03', 1, 0, 0, 0, 0, '', NULL, NULL),
(79, '2017-2018', 'IV', '11605892', 'Syifa Fitriawati', 'APK XI-1', 'Cia 5', '2018-03-03', 1, 0, 0, 0, 0, '', NULL, NULL),
(80, '2017-2018', 'IV', '11605896', 'Sylvia Julianti', 'APK XI-1', 'Cic 3', '2018-03-03', 0, 0, 0, 0, 1, '', NULL, NULL),
(81, '2017-2018', 'IV', '11605903', 'Tesa Nurdiani', 'APK XI-1', 'Taj 4', '2018-03-03', 0, 1, 0, 0, 0, '', NULL, NULL),
(82, '2017-2018', 'IV', '11605338', 'Aldiza Putri Mulphyani', 'APK XI-2', 'Cib 3', '2018-03-03', 0, 0, 0, 1, 0, '', NULL, NULL),
(83, '2017-2018', 'IV', '11605356', 'Amalia Nur Fitri Yani', 'APK XI-2', 'Cis 5', '2018-03-03', 0, 0, 0, 1, 0, '', NULL, NULL),
(84, '2017-2018', 'IV', '11605376', 'Anisa Rahman', 'APK XI-2', 'Taj 3', '2018-03-03', 1, 0, 0, 0, 0, '', NULL, NULL),
(85, '2017-2018', 'IV', '11605380', 'Annisa Halimatussadiah', 'APK XI-2', 'Cis 4', '2018-03-03', 1, 0, 0, 0, 0, '', NULL, NULL),
(86, '2017-2018', 'IV', '11605394', 'Audia Asyifatul Khumaeroh', 'APK XI-2', 'Cis 5', '2018-03-03', 1, 0, 0, 0, 0, '', NULL, NULL),
(87, '2017-2018', 'IV', '11605436', 'Dhika Pramudia', 'APK XI-2', 'Wik 4', '2018-03-03', 1, 0, 0, 0, 0, '', NULL, NULL),
(88, '2017-2018', 'IV', '11605443', 'Dina Yulianti', 'APK XI-2', 'Cis 2', '2018-03-03', 1, 0, 0, 0, 0, '', NULL, NULL),
(89, '2017-2018', 'IV', '11605449', 'Dwi Ayu Widiyanti', 'APK XI-2', 'Cic 1', '2018-03-03', 1, 0, 0, 0, 0, '', NULL, NULL),
(90, '2017-2018', 'IV', '11605464', 'Erza Putri Suryamulyawan', 'APK XI-2', 'Cic 1', '2018-03-03', 1, 0, 0, 0, 0, '', NULL, NULL),
(91, '2017-2018', 'IV', '11605483', 'Fauziah Fazriani', 'APK XI-2', 'Cib 1', '2018-03-03', 1, 0, 0, 0, 0, '', NULL, NULL),
(92, '2017-2018', 'IV', '11605495', 'Frista Maulia Putri', 'APK XI-2', 'Suk 1', '2018-03-03', 1, 0, 0, 0, 0, '', NULL, NULL),
(93, '2017-2018', 'IV', '11605496', 'Futri Aliepiah Yulianti', 'APK XI-2', 'Wik 4', '2018-03-03', 1, 0, 0, 0, 0, '', NULL, NULL),
(94, '2017-2018', 'IV', '11605518', 'Indri Meidiani', 'APK XI-2', 'Cis 5', '2018-03-03', 1, 0, 0, 0, 0, '', NULL, NULL),
(95, '2017-2018', 'IV', '11605521', 'Inggih Surya Ningsih', 'APK XI-2', 'Cia 5', '2018-03-03', 1, 0, 0, 0, 0, '', NULL, NULL),
(96, '2017-2018', 'IV', '11605537', 'Karina Nurul Fadilah', 'APK XI-2', 'Cic 3', '2018-03-03', 1, 0, 0, 0, 0, '', NULL, NULL),
(97, '2017-2018', 'IV', '11605570', 'Marwah Oktaviani', 'APK XI-2', 'Wik 2', '2018-03-03', 1, 0, 0, 0, 0, '', NULL, NULL),
(98, '2017-2018', 'IV', '11605573', 'Mega Lestari', 'APK XI-2', 'Cia 4', '2018-03-03', 1, 0, 0, 0, 0, '', NULL, NULL),
(99, '2017-2018', 'IV', '11605635', 'Muhamad Sadam Husen', 'APK XI-2', 'Cib 3', '2018-03-03', 1, 0, 0, 0, 0, '', NULL, NULL),
(100, '2017-2018', 'IV', '11605654', 'Muhammad Daud Satibi', 'APK XI-2', 'Suk 2', '2018-03-03', 1, 0, 0, 0, 0, '', NULL, NULL),
(101, '2017-2018', 'IV', '11605691', 'Mupida Safitri', 'APK XI-2', 'Taj 4', '2018-03-03', 1, 0, 0, 0, 0, '', NULL, NULL),
(102, '2017-2018', 'IV', '11605708', 'Nisa Maulida', 'APK XI-2', 'Cib 2', '2018-03-03', 1, 0, 0, 0, 0, '', NULL, NULL),
(103, '2017-2018', 'IV', '11605712', 'Noer Samantha Chaerunnisa', 'APK XI-2', 'Taj 2', '2018-03-03', 1, 0, 0, 0, 0, '', NULL, NULL),
(104, '2017-2018', 'IV', '11605740', 'Putri Fadella Ari Aluna', 'APK XI-2', 'Cic 1', '2018-03-03', 1, 0, 0, 0, 0, '', NULL, NULL),
(105, '2017-2018', 'IV', '11605741', 'Putri Pratiwi', 'APK XI-2', 'Cis 3', '2018-03-03', 1, 0, 0, 0, 0, '', NULL, NULL),
(106, '2017-2018', 'IV', '11605744', 'Putri Yasinta', 'APK XI-2', 'Taj 3', '2018-03-03', 1, 0, 0, 0, 0, '', NULL, NULL),
(107, '2017-2018', 'IV', '11605748', 'R. Siti Hanipah', 'APK XI-2', 'Cis 2', '2018-03-03', 1, 0, 0, 0, 0, '', NULL, NULL),
(108, '2017-2018', 'IV', '11605775', 'Renisa Qori Adinda', 'APK XI-2', 'Cib 2', '2018-03-03', 1, 0, 0, 0, 0, '', NULL, NULL),
(109, '2017-2018', 'IV', '11605796', 'Riri Nurma Herwini', 'APK XI-2', 'Cis 6', '2018-03-03', 1, 0, 0, 0, 0, '', NULL, NULL),
(110, '2017-2018', 'IV', '11605807', 'Runi Khaerunisa', 'APK XI-2', 'Cis 6', '2018-03-03', 1, 0, 0, 0, 0, '', NULL, NULL),
(111, '2017-2018', 'IV', '11605813', 'Safinah Apriliyani', 'APK XI-2', 'Cic 3', '2018-03-03', 1, 0, 0, 0, 0, '', NULL, NULL),
(112, '2017-2018', 'IV', '11605821', 'Salsha Desviani', 'APK XI-2', 'Cia 3', '2018-03-03', 1, 0, 0, 0, 0, '', NULL, NULL),
(113, '2017-2018', 'IV', '11605839', 'Septiani Zulkarnain', 'APK XI-2', 'Taj 5', '2018-03-03', 1, 0, 0, 0, 0, '', NULL, NULL),
(114, '2017-2018', 'IV', '11605845', 'Silvi Nurfadhilah', 'APK XI-2', 'Cia 1', '2018-03-03', 1, 0, 0, 0, 0, '', NULL, NULL),
(115, '2017-2018', 'IV', '11605853', 'Siti Inayatul Wahidah', 'APK XI-2', 'Cic 7', '2018-03-03', 1, 0, 0, 0, 0, '', NULL, NULL),
(116, '2017-2018', 'IV', '11605857', 'Siti Maryamah', 'APK XI-2', 'Cia 2', '2018-03-03', 1, 0, 0, 0, 0, '', NULL, NULL),
(117, '2017-2018', 'IV', '11605863', 'Siti Novi Nurkomala', 'APK XI-2', 'Cia 2', '2018-03-03', 1, 0, 0, 0, 0, '', NULL, NULL),
(118, '2017-2018', 'IV', '11605869', 'Siti Robiatul Adawiah', 'APK XI-2', 'Cis 1', '2018-03-03', 1, 0, 0, 0, 0, '', NULL, NULL),
(119, '2017-2018', 'IV', '11605873', 'Siti Silvani Nahrulita', 'APK XI-2', 'Cis 6', '2018-03-03', 1, 0, 0, 0, 0, '', NULL, NULL),
(120, '2017-2018', 'IV', '11605875', 'Siti Syarah Namira Nur Azizah', 'APK XI-2', 'Taj 4', '2018-03-03', 1, 0, 0, 0, 0, '', NULL, NULL),
(121, '2017-2018', 'IV', '11605899', 'Tasha Andini Afiany', 'APK XI-2', 'Cib 1', '2018-03-03', 1, 0, 0, 0, 0, '', NULL, NULL),
(122, '2017-2018', 'IV', '11605907', 'Tri Wulan Dari', 'APK XI-2', 'Cis 4', '2018-03-03', 1, 0, 0, 0, 0, '', NULL, NULL),
(123, '2017-2018', 'IV', '11605922', 'Zeta Caradiva Bulansari', 'APK XI-2', 'Cis 3', '2018-03-03', 0, 0, 0, 0, 1, '', NULL, NULL),
(124, '2017-2018', 'IV', '11605349', 'Alma Suci Rahmadani', 'APK XI-3', 'Cic 7', '2018-03-03', 1, 0, 0, 0, 0, '', NULL, NULL),
(125, '2017-2018', 'IV', '11605378', 'Anita Natasya', 'APK XI-3', 'Taj 5', '2018-03-03', 1, 0, 0, 0, 0, '', NULL, NULL),
(126, '2017-2018', 'IV', '11605381', 'Apriliani Sugiarti', 'APK XI-3', 'Cib 1', '2018-03-03', 1, 0, 0, 0, 0, '', NULL, NULL),
(127, '2017-2018', 'IV', '11605392', 'Astiawati Widyasari', 'APK XI-3', 'Cia 1', '2018-03-03', 1, 0, 0, 0, 0, '', NULL, NULL),
(128, '2017-2018', 'IV', '11605397', 'Aurelya Amatul Zahwa', 'APK XI-3', 'Cis 6', '2018-03-03', 0, 0, 0, 1, 0, '', NULL, NULL),
(129, '2017-2018', 'IV', '11605430', 'Dewi Astuti', 'APK XI-3', 'Cic 3', '2018-03-03', 0, 0, 1, 0, 0, '', NULL, NULL),
(130, '2017-2018', 'IV', '11605437', 'Dian Indria Wati', 'APK XI-3', 'Cis 6', '2018-03-03', 1, 0, 0, 0, 0, '', NULL, NULL),
(131, '2017-2018', 'IV', '11605439', 'Dila Aprilia Ramdini', 'APK XI-3', 'Taj 1', '2018-03-03', 1, 0, 0, 0, 0, '', NULL, NULL),
(132, '2017-2018', 'IV', '11605450', 'Dwi Tantri', 'APK XI-3', 'Cis 4', '2018-03-03', 1, 0, 0, 0, 0, '', NULL, NULL),
(133, '2017-2018', 'IV', '11605451', 'Dyah Ayu Gitaswari Paramitha', 'APK XI-3', 'Cia 3', '2018-03-03', 1, 0, 0, 0, 0, '', NULL, NULL),
(134, '2017-2018', 'IV', '11605456', 'Elsa Febriana', 'APK XI-3', 'Cia 5', '2018-03-03', 1, 0, 0, 0, 0, '', NULL, NULL),
(135, '2017-2018', 'IV', '11605475', 'Fakih Septiana Nasrulloh', 'APK XI-3', 'Cis 1', '2018-03-03', 1, 0, 0, 0, 0, '', NULL, NULL),
(136, '2017-2018', 'IV', '11605485', 'Febriani Putri Afgani', 'APK XI-3', 'Cic 4', '2018-03-03', 1, 0, 0, 0, 0, '', NULL, NULL),
(137, '2017-2018', 'IV', '11605494', 'Friska Meyliana', 'APK XI-3', 'Taj 3', '2018-03-03', 1, 0, 0, 0, 0, '', NULL, NULL),
(138, '2017-2018', 'IV', '11605519', 'Indrianingsih', 'APK XI-3', 'Taj 5', '2018-03-03', 1, 0, 0, 0, 0, '', NULL, NULL),
(139, '2017-2018', 'IV', '11605543', 'Laila Holidah Fatmawati', 'APK XI-3', 'Cic 3', '2018-03-03', 1, 0, 0, 0, 0, '', NULL, NULL),
(140, '2017-2018', 'IV', '11605544', 'Laili Nurdina', 'APK XI-3', 'Cis 2', '2018-03-03', 1, 0, 0, 0, 0, '', NULL, NULL),
(141, '2017-2018', 'IV', '11605549', 'Lintang Oktavia', 'APK XI-3', 'Cia 5', '2018-03-03', 1, 0, 0, 0, 0, '', NULL, NULL),
(142, '2017-2018', 'IV', '11605692', 'Murni Zulia Hadstuti', 'APK XI-3', 'Cib 1', '2018-03-03', 1, 0, 0, 0, 0, '', NULL, NULL),
(143, '2017-2018', 'IV', '11605697', 'Nadia Septiani', 'APK XI-3', 'Cib 1', '2018-03-03', 1, 0, 0, 0, 0, '', NULL, NULL),
(144, '2017-2018', 'IV', '11605714', 'Noviana Eni Marlufi', 'APK XI-3', 'Cic 1', '2018-03-03', 1, 0, 0, 0, 0, '', NULL, NULL),
(145, '2017-2018', 'IV', '11605719', 'Nur Arini Erdiani Soleha', 'APK XI-3', 'Cic 7', '2018-03-03', 1, 0, 0, 0, 0, '', NULL, NULL),
(146, '2017-2018', 'IV', '11605725', 'Nurrizki Pratama', 'APK XI-3', 'Suk 1', '2018-03-03', 1, 0, 0, 0, 0, '', NULL, NULL),
(147, '2017-2018', 'IV', '11605746', 'Putriyani', 'APK XI-3', 'Cia 3', '2018-03-03', 1, 0, 0, 0, 0, '', NULL, NULL),
(148, '2017-2018', 'IV', '11605768', 'Raysa Afni', 'APK XI-3', 'Wik 2', '2018-03-03', 1, 0, 0, 0, 0, '', NULL, NULL),
(149, '2017-2018', 'IV', '11605770', 'Refasya Ika Pramesti', 'APK XI-3', 'Cib 2', '2018-03-03', 0, 1, 0, 0, 0, '', NULL, NULL),
(150, '2017-2018', 'IV', '11605790', 'Rika Rahmawati', 'APK XI-3', 'Cia 2', '2018-03-03', 1, 0, 0, 0, 0, '', NULL, NULL),
(151, '2017-2018', 'IV', '11605826', 'Sandra Zettira', 'APK XI-3', 'Cic 1', '2018-03-03', 1, 0, 0, 0, 0, '', NULL, NULL),
(152, '2017-2018', 'IV', '11605830', 'Saskia Intan Ramadhanti', 'APK XI-3', 'Cib 1', '2018-03-03', 1, 0, 0, 0, 0, '', NULL, NULL),
(153, '2017-2018', 'IV', '11605844', 'Silvi Anggiastuti', 'APK XI-3', 'Cis 6', '2018-03-03', 1, 0, 0, 0, 0, '', NULL, NULL),
(154, '2017-2018', 'IV', '11605852', 'Siti Halimah', 'APK XI-3', 'Wik 1', '2018-03-03', 1, 0, 0, 0, 0, '', NULL, NULL),
(155, '2017-2018', 'IV', '11605855', 'Siti Khodijah', 'APK XI-3', 'Cis 4', '2018-03-03', 1, 0, 0, 0, 0, '', NULL, NULL),
(156, '2017-2018', 'IV', '11605858', 'Siti Maulidia Sa`adah', 'APK XI-3', 'Suk 1', '2018-03-03', 1, 0, 0, 0, 0, '', NULL, NULL),
(157, '2017-2018', 'IV', '11605860', 'Siti Meliawati', 'APK XI-3', 'Cia 4', '2018-03-03', 1, 0, 0, 0, 0, '', NULL, NULL),
(158, '2017-2018', 'IV', '11605862', 'Siti Nadea', 'APK XI-3', 'Cic 5', '2018-03-03', 1, 0, 0, 0, 0, '', NULL, NULL),
(159, '2017-2018', 'IV', '11605876', 'Siti Yulia Nengsih', 'APK XI-3', 'Cic 4', '2018-03-03', 1, 0, 0, 0, 0, '', NULL, NULL),
(160, '2017-2018', 'IV', '11605877', 'Siti Yulianti', 'APK XI-3', 'Cic 7', '2018-03-03', 1, 0, 0, 0, 0, '', NULL, NULL),
(161, '2017-2018', 'IV', '11605881', 'Sri Ratih', 'APK XI-3', 'Cib 2', '2018-03-03', 1, 0, 0, 0, 0, '', NULL, NULL),
(162, '2017-2018', 'IV', '11605911', 'Virnanda Asmy Luckyta', 'APK XI-3', 'Cic 5', '2018-03-03', 1, 0, 0, 0, 0, '', NULL, NULL),
(163, '2017-2018', 'IV', '11605912', 'Wahyudis Hapitaliani', 'APK XI-3', 'Cia 3', '2018-03-03', 1, 0, 0, 0, 0, '', NULL, NULL),
(164, '2017-2018', 'IV', '11605920', 'Yushi Nur Afifah', 'APK XI-3', 'Cia 4', '2018-03-03', 1, 0, 0, 0, 0, '', NULL, NULL),
(165, '2017-2018', 'IV', '11605927', 'Shazira Rizky Wahyudi', 'APK XI-3', 'SUK 1', '2018-03-03', 1, 0, 0, 0, 0, '', NULL, NULL),
(166, '2017-2018', 'VI', '11504716', 'Abdurrahman', 'RPL XII-3', 'Cia 1', '2018-03-04', 1, 0, 0, 0, 0, '', NULL, NULL),
(167, '2017-2018', 'VI', '11504719', 'Adam Pahmi Rizaldi', 'RPL XII-3', 'Wik 2', '2018-03-04', 1, 0, 0, 0, 0, '', NULL, NULL),
(168, '2017-2018', 'VI', '11504739', 'Aldi Oktaresi', 'RPL XII-3', 'Taj 4', '2018-03-04', 1, 0, 0, 0, 0, '', NULL, NULL),
(169, '2017-2018', 'VI', '11504748', 'Alwi Gunawan', 'RPL XII-3', 'Cic 1', '2018-03-04', 1, 0, 0, 0, 0, '', NULL, NULL),
(170, '2017-2018', 'VI', '11504774', 'Ari Aliansah', 'RPL XII-3', 'Cia 4', '2018-03-04', 1, 0, 0, 0, 0, '', NULL, NULL),
(171, '2017-2018', 'VI', '11504776', 'Ari Septyan Nurmawan', 'RPL XII-3', 'Cic 4', '2018-03-04', 1, 0, 0, 0, 0, '', NULL, NULL),
(172, '2017-2018', 'VI', '11504807', 'Chauzar Vanneeza', 'RPL XII-3', 'Cia 3', '2018-03-04', 1, 0, 0, 0, 0, '', NULL, NULL),
(173, '2017-2018', 'VI', '11504861', 'Elsa Yusiani Wibowo', 'RPL XII-3', 'Cis 6', '2018-03-04', 1, 0, 0, 0, 0, '', NULL, NULL),
(174, '2017-2018', 'VI', '11504870', 'Fahmi Mulyani', 'RPL XII-3', 'Cib 3', '2018-03-04', 1, 0, 0, 0, 0, '', NULL, NULL),
(175, '2017-2018', 'VI', '11504873', 'Fajar Firdaus', 'RPL XII-3', 'Taj 1', '2018-03-04', 1, 0, 0, 0, 0, '', NULL, NULL),
(176, '2017-2018', 'VI', '11504887', 'Fherdy Lianza', 'RPL XII-3', 'Cic 5', '2018-03-04', 1, 0, 0, 0, 0, '', NULL, NULL),
(177, '2017-2018', 'VI', '11504901', 'Galuh Jafar Sidiq', 'RPL XII-3', 'Cis 6', '2018-03-04', 1, 0, 0, 0, 0, '', NULL, NULL),
(178, '2017-2018', 'VI', '11504907', 'Hadi Muhammad Sunarya', 'RPL XII-3', 'Cib 1', '2018-03-04', 1, 0, 0, 0, 0, '', NULL, NULL),
(179, '2017-2018', 'VI', '11504958', 'Lutfi Maulana', 'RPL XII-3', 'Wik 3', '2018-03-04', 1, 0, 0, 0, 0, '', NULL, NULL),
(180, '2017-2018', 'VI', '11504961', 'Lyshaz Prahandiva', 'RPL XII-3', 'Cic 6', '2018-03-04', 1, 0, 0, 0, 0, '', NULL, NULL),
(181, '2017-2018', 'VI', '11504968', 'Muhamad Indra Supriadi', 'RPL XII-3', 'Cis 6', '2018-03-04', 1, 0, 0, 0, 0, '', NULL, NULL),
(182, '2017-2018', 'VI', '11505002', 'Muhamad Irfan Maulana', 'RPL XII-3', 'Cib 1', '2018-03-04', 1, 0, 0, 0, 0, '', NULL, NULL),
(183, '2017-2018', 'VI', '11505005', 'Muhammad Agung Jumadi', 'RPL XII-3', 'Cia 2', '2018-03-04', 1, 0, 0, 0, 0, '', NULL, NULL),
(184, '2017-2018', 'VI', '11505016', 'Muhamad Firdaus', 'RPL XII-3', 'Wik 4', '2018-03-04', 1, 0, 0, 0, 0, '', NULL, NULL),
(185, '2017-2018', 'VI', '11505026', 'Muhamad Ramdani', 'RPL XII-3', 'Cic 2', '2018-03-04', 1, 0, 0, 0, 0, '', NULL, NULL),
(186, '2017-2018', 'VI', '11505029', 'Muhammad Rifki Darmawan', 'RPL XII-3', 'Cia 4', '2018-03-04', 1, 0, 0, 0, 0, '', NULL, NULL),
(187, '2017-2018', 'VI', '11505045', 'Muhammad Agus Suryadi', 'RPL XII-3', 'Cia 2', '2018-03-04', 1, 0, 0, 0, 0, '', NULL, NULL),
(188, '2017-2018', 'VI', '11505056', 'Muhammad Feb Abnie', 'RPL XII-3', 'Cis 3', '2018-03-04', 1, 0, 0, 0, 0, '', NULL, NULL),
(189, '2017-2018', 'VI', '11505063', 'Muhammad Jonathan', 'RPL XII-3', 'Taj 1', '2018-03-04', 1, 0, 0, 0, 0, '', NULL, NULL),
(190, '2017-2018', 'VI', '11505065', 'Muhammad Lutfhi Akhdan', 'RPL XII-3', 'Cic 4', '2018-03-04', 1, 0, 0, 0, 0, '', NULL, NULL),
(191, '2017-2018', 'VI', '11505068', 'Muhammad Nur Alfi', 'RPL XII-3', 'Taj 4', '2018-03-04', 1, 0, 0, 0, 0, '', NULL, NULL),
(192, '2017-2018', 'VI', '11505071', 'Muhammad Ramdan', 'RPL XII-3', 'Cia 2', '2018-03-04', 0, 0, 0, 1, 0, 'Sakit Perut', NULL, NULL),
(193, '2017-2018', 'VI', '11505076', 'Muhammad Riyanda Nekhan', 'RPL XII-3', 'Cis 4', '2018-03-04', 1, 0, 0, 0, 0, '', NULL, NULL),
(194, '2017-2018', 'VI', '11505081', 'Muhammad Rozinul Miqdad', 'RPL XII-3', 'Wik 2', '2018-03-04', 1, 0, 0, 0, 0, '', NULL, NULL),
(195, '2017-2018', 'VI', '11505095', 'Nabila Nur Jayanti', 'RPL XII-3', 'Cic 5', '2018-03-04', 1, 0, 0, 0, 0, '', NULL, NULL),
(196, '2017-2018', 'VI', '11505105', 'Nesta Maulana', 'RPL XII-3', 'Suk 1', '2018-03-04', 0, 0, 0, 0, 1, 'CBT KWH', NULL, NULL),
(197, '2017-2018', 'VI', '11505112', 'Novandiansyah', 'RPL XII-3', 'Cia 4', '2018-03-04', 1, 0, 0, 0, 0, '', NULL, NULL),
(198, '2017-2018', 'VI', '11505174', 'Rival Pramas Autia', 'RPL XII-3', 'Cic 1', '2018-03-04', 0, 0, 1, 0, 0, '', NULL, NULL),
(199, '2017-2018', 'VI', '11505175', 'Rivan Disahayyan', 'RPL XII-3', 'Cic 4', '2018-03-04', 0, 1, 0, 0, 0, '', NULL, NULL),
(200, '2017-2018', 'VI', '11505178', 'Rizaldy Sukma Perkasa', 'RPL XII-3', 'Cia 1', '2018-03-04', 1, 0, 0, 0, 0, '', NULL, NULL),
(201, '2017-2018', 'VI', '11505193', 'Salman Muhammad Ichsan', 'RPL XII-3', 'Cib 2', '2018-03-04', 1, 0, 0, 0, 0, '', NULL, NULL),
(202, '2017-2018', 'VI', '11505207', 'Sherline Marceline Cendana', 'RPL XII-3', 'Cic 6', '2018-03-04', 1, 0, 0, 0, 0, '', NULL, NULL),
(203, '2017-2018', 'VI', '11505220', 'Siti Hildayati', 'RPL XII-3', 'Cia 1', '2018-03-04', 1, 0, 0, 0, 0, '', NULL, NULL),
(204, '2017-2018', 'VI', '11505269', 'Wanda Oktapiani', 'RPL XII-3', 'Cia 1', '2018-03-04', 1, 0, 0, 0, 0, '', NULL, NULL),
(205, '2017-2018', 'IV', '11605331', 'Aimatul Khoeriyah', 'APK XI-1', 'Cib 3', '2018-03-04', 1, 0, 0, 0, 0, '', NULL, NULL),
(206, '2017-2018', 'IV', '11605344', 'Alfiyah Abdullah', 'APK XI-1', 'Wik 4', '2018-03-04', 1, 0, 0, 0, 0, '', NULL, NULL),
(207, '2017-2018', 'IV', '11605359', 'Ananda Restyane', 'APK XI-1', 'Cia 4', '2018-03-04', 1, 0, 0, 0, 0, '', NULL, NULL),
(208, '2017-2018', 'IV', '11605363', 'Andika Rizky Nugraha', 'APK XI-1', 'Wik 4', '2018-03-04', 0, 1, 0, 0, 0, '', NULL, NULL),
(209, '2017-2018', 'IV', '11605365', 'Angelia Nurjanah', 'APK XI-1', 'Taj 5', '2018-03-04', 1, 0, 0, 0, 0, '', NULL, NULL),
(210, '2017-2018', 'IV', '11605371', 'Ani Apriliani', 'APK XI-1', 'Cib 2', '2018-03-04', 1, 0, 0, 0, 0, '', NULL, NULL),
(211, '2017-2018', 'IV', '11605375', 'Anisa Novianti Sulbi', 'APK XI-1', 'Cis 2', '2018-03-04', 1, 0, 0, 0, 0, '', NULL, NULL),
(212, '2017-2018', 'IV', '11605414', 'Dahlia Pertiwi Kalsum', 'APK XI-1', 'Cic 1', '2018-03-04', 1, 0, 0, 0, 0, '', NULL, NULL),
(213, '2017-2018', 'IV', '11605420', 'Dea Dwi Purwanti', 'APK XI-1', 'Cia 3', '2018-03-04', 1, 0, 0, 0, 0, '', NULL, NULL),
(214, '2017-2018', 'IV', '11605423', 'Dellaneira Siska Widyawati', 'APK XI-1', 'Cic 6', '2018-03-04', 1, 0, 0, 0, 0, '', NULL, NULL),
(215, '2017-2018', 'IV', '11605459', 'Eneng Nova Permatasari', 'APK XI-1', 'Cia 4', '2018-03-04', 1, 0, 0, 0, 0, '', NULL, NULL),
(216, '2017-2018', 'IV', '11605462', 'Erisa Sri Aulia Dewi', 'APK XI-1', 'Wik 4', '2018-03-04', 1, 0, 0, 0, 0, '', NULL, NULL),
(217, '2017-2018', 'IV', '11605481', 'Fatma Agustina', 'APK XI-1', 'Cic 1', '2018-03-04', 0, 1, 0, 0, 0, '', NULL, NULL),
(218, '2017-2018', 'IV', '11605489', 'Fetty Fatimah', 'APK XI-1', 'Cib 3', '2018-03-04', 1, 0, 0, 0, 0, '', NULL, NULL),
(219, '2017-2018', 'IV', '11605491', 'Firda Nurhidayanti', 'APK XI-1', 'Taj 4', '2018-03-04', 0, 0, 1, 0, 0, '', NULL, NULL),
(220, '2017-2018', 'IV', '11605520', 'Indriyanti', 'APK XI-1', 'Cib 1', '2018-03-04', 1, 0, 0, 0, 0, '', NULL, NULL),
(221, '2017-2018', 'IV', '11605522', 'Injanurelia Hayat', 'APK XI-1', 'Cis 2', '2018-03-04', 1, 0, 0, 0, 0, '', NULL, NULL),
(222, '2017-2018', 'IV', '11605547', 'Liana Nur Rizqi', 'APK XI-1', 'Suk 2', '2018-03-04', 1, 0, 0, 0, 0, '', NULL, NULL),
(223, '2017-2018', 'IV', '11605551', 'Lisma Retnawati', 'APK XI-1', 'Cic 4', '2018-03-04', 1, 0, 0, 0, 0, '', NULL, NULL),
(224, '2017-2018', 'IV', '11605552', 'Listia Wati', 'APK XI-1', 'Cia 4', '2018-03-04', 1, 0, 0, 0, 0, '', NULL, NULL),
(225, '2017-2018', 'IV', '11605703', 'Navy Putri Marini', 'APK XI-1', 'Wik 1', '2018-03-04', 1, 0, 0, 0, 0, '', NULL, NULL),
(226, '2017-2018', 'IV', '11605720', 'Nur Fitri Apriani Harahap', 'APK XI-1', 'Cic 3', '2018-03-04', 1, 0, 0, 0, 0, '', NULL, NULL),
(227, '2017-2018', 'IV', '11605723', 'Nurdian Fitri Ningsih', 'APK XI-1', 'Wik 2', '2018-03-04', 1, 0, 0, 0, 0, '', NULL, NULL),
(228, '2017-2018', 'IV', '11605727', 'Nurul Fauziah', 'APK XI-1', 'Cic 7', '2018-03-04', 1, 0, 0, 0, 0, '', NULL, NULL),
(229, '2017-2018', 'IV', '11605739', 'Putri Apryanti', 'APK XI-1', 'Cib 1', '2018-03-04', 1, 0, 0, 0, 0, '', NULL, NULL),
(230, '2017-2018', 'IV', '11605747', 'Qonitat Sholihah', 'APK XI-1', 'Cis 5', '2018-03-04', 1, 0, 0, 0, 0, '', NULL, NULL),
(231, '2017-2018', 'IV', '11605752', 'Raden Desti Safitri', 'APK XI-1', 'Cis 4', '2018-03-04', 1, 0, 0, 0, 0, '', NULL, NULL),
(232, '2017-2018', 'IV', '11605772', 'Rena Wahyuni', 'APK XI-1', 'Cia 5', '2018-03-04', 1, 0, 0, 0, 0, '', NULL, NULL),
(233, '2017-2018', 'IV', '11605785', 'Rifki Ananda', 'APK XI-1', 'Cia 3', '2018-03-04', 1, 0, 0, 0, 0, '', NULL, NULL),
(234, '2017-2018', 'IV', '11605794', 'Rini Indriyani', 'APK XI-1', 'Cia 3', '2018-03-04', 1, 0, 0, 0, 0, '', NULL, NULL),
(235, '2017-2018', 'IV', '11605799', 'Risma Yunianti', 'APK XI-1', 'Cis 3', '2018-03-04', 1, 0, 0, 0, 0, '', NULL, NULL),
(236, '2017-2018', 'IV', '11605822', 'Salwa Rizky Aulia', 'APK XI-1', 'Cic 5', '2018-03-04', 1, 0, 0, 0, 0, '', NULL, NULL),
(237, '2017-2018', 'IV', '11605834', 'Selvi Noviliana', 'APK XI-1', 'Cic 5', '2018-03-04', 1, 0, 0, 0, 0, '', NULL, NULL),
(238, '2017-2018', 'IV', '11605848', 'Sindi Iklimah Nurul Apriani', 'APK XI-1', 'Cia 4', '2018-03-04', 1, 0, 0, 0, 0, '', NULL, NULL),
(239, '2017-2018', 'IV', '11605850', 'Siti Amalia Ihsan', 'APK XI-1', 'Cia 5', '2018-03-04', 1, 0, 0, 0, 0, '', NULL, NULL),
(240, '2017-2018', 'IV', '11605856', 'Siti Mariam', 'APK XI-1', 'Suk 1', '2018-03-04', 1, 0, 0, 0, 0, '', NULL, NULL),
(241, '2017-2018', 'IV', '11605866', 'Siti Nuraeni', 'APK XI-1', 'Cic 7', '2018-03-04', 1, 0, 0, 0, 0, '', NULL, NULL),
(242, '2017-2018', 'IV', '11605868', 'Siti Nurul Fadilah', 'APK XI-1', 'Cib 3', '2018-03-04', 1, 0, 0, 0, 0, '', NULL, NULL),
(243, '2017-2018', 'IV', '11605870', 'Siti Salbia Sundava', 'APK XI-1', 'Cis 3', '2018-03-04', 1, 0, 0, 0, 0, '', NULL, NULL),
(244, '2017-2018', 'IV', '11605892', 'Syifa Fitriawati', 'APK XI-1', 'Cia 5', '2018-03-04', 1, 0, 0, 0, 0, '', NULL, NULL),
(245, '2017-2018', 'IV', '11605896', 'Sylvia Julianti', 'APK XI-1', 'Cic 3', '2018-03-04', 0, 0, 0, 1, 0, '', NULL, NULL),
(246, '2017-2018', 'IV', '11605903', 'Tesa Nurdiani', 'APK XI-1', 'Taj 4', '2018-03-04', 0, 0, 1, 0, 0, '', NULL, NULL),
(247, '2017-2018', 'IV', '11605331', 'Aimatul Khoeriyah', 'APK XI-1', 'Cib 3', '2018-03-02', 1, 0, 0, 0, 0, '', NULL, NULL),
(248, '2017-2018', 'IV', '11605344', 'Alfiyah Abdullah', 'APK XI-1', 'Wik 4', '2018-03-02', 1, 0, 0, 0, 0, '', NULL, NULL),
(249, '2017-2018', 'IV', '11605359', 'Ananda Restyane', 'APK XI-1', 'Cia 4', '2018-03-02', 1, 0, 0, 0, 0, '', NULL, NULL),
(250, '2017-2018', 'IV', '11605363', 'Andika Rizky Nugraha', 'APK XI-1', 'Wik 4', '2018-03-02', 0, 0, 0, 1, 0, '', NULL, NULL),
(251, '2017-2018', 'IV', '11605365', 'Angelia Nurjanah', 'APK XI-1', 'Taj 5', '2018-03-02', 1, 0, 0, 0, 0, '', NULL, NULL),
(252, '2017-2018', 'IV', '11605371', 'Ani Apriliani', 'APK XI-1', 'Cib 2', '2018-03-02', 1, 0, 0, 0, 0, '', NULL, NULL),
(253, '2017-2018', 'IV', '11605375', 'Anisa Novianti Sulbi', 'APK XI-1', 'Cis 2', '2018-03-02', 1, 0, 0, 0, 0, '', NULL, NULL),
(254, '2017-2018', 'IV', '11605414', 'Dahlia Pertiwi Kalsum', 'APK XI-1', 'Cic 1', '2018-03-02', 1, 0, 0, 0, 0, '', NULL, NULL),
(255, '2017-2018', 'IV', '11605420', 'Dea Dwi Purwanti', 'APK XI-1', 'Cia 3', '2018-03-02', 1, 0, 0, 0, 0, '', NULL, NULL),
(256, '2017-2018', 'IV', '11605423', 'Dellaneira Siska Widyawati', 'APK XI-1', 'Cic 6', '2018-03-02', 1, 0, 0, 0, 0, '', NULL, NULL),
(257, '2017-2018', 'IV', '11605459', 'Eneng Nova Permatasari', 'APK XI-1', 'Cia 4', '2018-03-02', 1, 0, 0, 0, 0, '', NULL, NULL),
(258, '2017-2018', 'IV', '11605462', 'Erisa Sri Aulia Dewi', 'APK XI-1', 'Wik 4', '2018-03-02', 1, 0, 0, 0, 0, '', NULL, NULL),
(259, '2017-2018', 'IV', '11605481', 'Fatma Agustina', 'APK XI-1', 'Cic 1', '2018-03-02', 1, 0, 0, 0, 0, '', NULL, NULL),
(260, '2017-2018', 'IV', '11605489', 'Fetty Fatimah', 'APK XI-1', 'Cib 3', '2018-03-02', 1, 0, 0, 0, 0, '', NULL, NULL),
(261, '2017-2018', 'IV', '11605491', 'Firda Nurhidayanti', 'APK XI-1', 'Taj 4', '2018-03-02', 1, 0, 0, 0, 0, '', NULL, NULL),
(262, '2017-2018', 'IV', '11605520', 'Indriyanti', 'APK XI-1', 'Cib 1', '2018-03-02', 1, 0, 0, 0, 0, '', NULL, NULL),
(263, '2017-2018', 'IV', '11605522', 'Injanurelia Hayat', 'APK XI-1', 'Cis 2', '2018-03-02', 1, 0, 0, 0, 0, '', NULL, NULL),
(264, '2017-2018', 'IV', '11605547', 'Liana Nur Rizqi', 'APK XI-1', 'Suk 2', '2018-03-02', 1, 0, 0, 0, 0, '', NULL, NULL),
(265, '2017-2018', 'IV', '11605551', 'Lisma Retnawati', 'APK XI-1', 'Cic 4', '2018-03-02', 1, 0, 0, 0, 0, '', NULL, NULL),
(266, '2017-2018', 'IV', '11605552', 'Listia Wati', 'APK XI-1', 'Cia 4', '2018-03-02', 1, 0, 0, 0, 0, '', NULL, NULL),
(267, '2017-2018', 'IV', '11605703', 'Navy Putri Marini', 'APK XI-1', 'Wik 1', '2018-03-02', 1, 0, 0, 0, 0, '', NULL, NULL),
(268, '2017-2018', 'IV', '11605720', 'Nur Fitri Apriani Harahap', 'APK XI-1', 'Cic 3', '2018-03-02', 1, 0, 0, 0, 0, '', NULL, NULL),
(269, '2017-2018', 'IV', '11605723', 'Nurdian Fitri Ningsih', 'APK XI-1', 'Wik 2', '2018-03-02', 1, 0, 0, 0, 0, '', NULL, NULL),
(270, '2017-2018', 'IV', '11605727', 'Nurul Fauziah', 'APK XI-1', 'Cic 7', '2018-03-02', 1, 0, 0, 0, 0, '', NULL, NULL),
(271, '2017-2018', 'IV', '11605739', 'Putri Apryanti', 'APK XI-1', 'Cib 1', '2018-03-02', 1, 0, 0, 0, 0, '', NULL, NULL),
(272, '2017-2018', 'IV', '11605747', 'Qonitat Sholihah', 'APK XI-1', 'Cis 5', '2018-03-02', 1, 0, 0, 0, 0, '', NULL, NULL),
(273, '2017-2018', 'IV', '11605752', 'Raden Desti Safitri', 'APK XI-1', 'Cis 4', '2018-03-02', 1, 0, 0, 0, 0, '', NULL, NULL),
(274, '2017-2018', 'IV', '11605772', 'Rena Wahyuni', 'APK XI-1', 'Cia 5', '2018-03-02', 1, 0, 0, 0, 0, '', NULL, NULL),
(275, '2017-2018', 'IV', '11605785', 'Rifki Ananda', 'APK XI-1', 'Cia 3', '2018-03-02', 1, 0, 0, 0, 0, '', NULL, NULL),
(276, '2017-2018', 'IV', '11605794', 'Rini Indriyani', 'APK XI-1', 'Cia 3', '2018-03-02', 1, 0, 0, 0, 0, '', NULL, NULL),
(277, '2017-2018', 'IV', '11605799', 'Risma Yunianti', 'APK XI-1', 'Cis 3', '2018-03-02', 1, 0, 0, 0, 0, '', NULL, NULL),
(278, '2017-2018', 'IV', '11605822', 'Salwa Rizky Aulia', 'APK XI-1', 'Cic 5', '2018-03-02', 1, 0, 0, 0, 0, '', NULL, NULL),
(279, '2017-2018', 'IV', '11605834', 'Selvi Noviliana', 'APK XI-1', 'Cic 5', '2018-03-02', 1, 0, 0, 0, 0, '', NULL, NULL),
(280, '2017-2018', 'IV', '11605848', 'Sindi Iklimah Nurul Apriani', 'APK XI-1', 'Cia 4', '2018-03-02', 1, 0, 0, 0, 0, '', NULL, NULL),
(281, '2017-2018', 'IV', '11605850', 'Siti Amalia Ihsan', 'APK XI-1', 'Cia 5', '2018-03-02', 1, 0, 0, 0, 0, '', NULL, NULL),
(282, '2017-2018', 'IV', '11605856', 'Siti Mariam', 'APK XI-1', 'Suk 1', '2018-03-02', 1, 0, 0, 0, 0, '', NULL, NULL),
(283, '2017-2018', 'IV', '11605866', 'Siti Nuraeni', 'APK XI-1', 'Cic 7', '2018-03-02', 1, 0, 0, 0, 0, '', NULL, NULL),
(284, '2017-2018', 'IV', '11605868', 'Siti Nurul Fadilah', 'APK XI-1', 'Cib 3', '2018-03-02', 1, 0, 0, 0, 0, '', NULL, NULL),
(285, '2017-2018', 'IV', '11605870', 'Siti Salbia Sundava', 'APK XI-1', 'Cis 3', '2018-03-02', 1, 0, 0, 0, 0, '', NULL, NULL),
(286, '2017-2018', 'IV', '11605892', 'Syifa Fitriawati', 'APK XI-1', 'Cia 5', '2018-03-02', 1, 0, 0, 0, 0, '', NULL, NULL),
(287, '2017-2018', 'IV', '11605896', 'Sylvia Julianti', 'APK XI-1', 'Cic 3', '2018-03-02', 0, 1, 0, 0, 0, '', NULL, NULL),
(288, '2017-2018', 'IV', '11605903', 'Tesa Nurdiani', 'APK XI-1', 'Taj 4', '2018-03-02', 0, 1, 0, 0, 0, '', NULL, NULL),
(289, '2017-2018', 'II', '11705958', 'Alya Shafira', 'BDP X-1', 'Cib 3', '2018-03-04', 0, 0, 1, 0, 0, '', NULL, NULL),
(290, '2017-2018', 'II', '11705960', 'Ananda Desita Putri', 'BDP X-1', 'Cis 2', '2018-03-04', 0, 0, 1, 0, 0, '', NULL, NULL),
(291, '2017-2018', 'II', '11705961', 'Ananda Tri Agustin', 'BDP X-1', 'Cib 3', '2018-03-04', 1, 0, 0, 0, 0, '', NULL, NULL),
(292, '2017-2018', 'II', '11705967', 'Anesty Melva Suwandi', 'BDP X-1', 'Cib 3', '2018-03-04', 1, 0, 0, 0, 0, '', NULL, NULL),
(293, '2017-2018', 'II', '11705981', 'Artias Fahsya Annisa', 'BDP X-1', 'Cic 7', '2018-03-04', 1, 0, 0, 0, 0, '', NULL, NULL),
(294, '2017-2018', 'II', '11705982', 'Arya Rizal Mulqi', 'BDP X-1', 'Cib 2', '2018-03-04', 0, 0, 1, 0, 0, '', NULL, NULL),
(295, '2017-2018', 'II', '11705990', 'Aysha Ryanti Putri', 'BDP X-1', 'Cib 3', '2018-03-04', 0, 1, 0, 0, 0, '', NULL, NULL),
(296, '2017-2018', 'II', '11705997', 'Benikno Satria', 'BDP X-1', 'Cic 2', '2018-03-04', 1, 0, 0, 0, 0, '', NULL, NULL),
(297, '2017-2018', 'II', '11706011', 'Dede Fitria', 'BDP X-1', 'Cic 2', '2018-03-04', 1, 0, 0, 0, 0, '', NULL, NULL),
(298, '2017-2018', 'II', '11706027', 'Dinda Ajeng Cahyani', 'BDP X-1', 'Cic 4', '2018-03-04', 1, 0, 0, 0, 0, '', NULL, NULL),
(299, '2017-2018', 'II', '11706046', 'Eva Apriyana', 'BDP X-1', 'Taj 5', '2018-03-04', 1, 0, 0, 0, 0, '', NULL, NULL),
(300, '2017-2018', 'II', '11706058', 'Fatma Laila Salsabilla', 'BDP X-1', 'Cia 1', '2018-03-04', 1, 0, 0, 0, 0, '', NULL, NULL),
(301, '2017-2018', 'II', '11706078', 'Helga Giovanni Idelia', 'BDP X-1', 'Taj 3', '2018-03-04', 1, 0, 0, 0, 0, '', NULL, NULL),
(302, '2017-2018', 'II', '11706087', 'Indah Destriyani', 'BDP X-1', 'Cis 1', '2018-03-04', 1, 0, 0, 0, 0, '', NULL, NULL),
(303, '2017-2018', 'II', '11706126', 'Muhammad Naufal Fadhil Rahmat', 'BDP X-1', 'Cic 2', '2018-03-04', 1, 0, 0, 0, 0, '', NULL, NULL),
(304, '2017-2018', 'II', '11706145', 'Meilinda Krisanti', 'BDP X-1', 'Taj 3', '2018-03-04', 1, 0, 0, 0, 0, '', NULL, NULL),
(305, '2017-2018', 'II', '11706235', 'Muhammad Ilham Maulidian', 'BDP X-1', 'Cib 3', '2018-03-04', 1, 0, 0, 0, 0, '', NULL, NULL),
(306, '2017-2018', 'II', '11706239', 'Muhammad Maulana', 'BDP X-1', 'Taj 3', '2018-03-04', 1, 0, 0, 0, 0, '', NULL, NULL),
(307, '2017-2018', 'II', '11706262', 'Mulyana Amalia', 'BDP X-1', 'Cis 1', '2018-03-04', 1, 0, 0, 0, 0, '', NULL, NULL),
(308, '2017-2018', 'II', '11706288', 'Nurizkiawati', 'BDP X-1', 'Cic 6', '2018-03-04', 1, 0, 0, 0, 0, '', NULL, NULL),
(309, '2017-2018', 'II', '11706292', 'Nurul Aflah Nasution', 'BDP X-1', 'Cis 3', '2018-03-04', 1, 0, 0, 0, 0, '', NULL, NULL),
(310, '2017-2018', 'II', '11706301', 'R.Mohamad Alfiansyah Prawira', 'BDP X-1', 'Cia 5', '2018-03-04', 1, 0, 0, 0, 0, '', NULL, NULL),
(311, '2017-2018', 'II', '11706317', 'Ratu Dhelila Apriani Humaidi', 'BDP X-1', 'Cic 3', '2018-03-04', 1, 0, 0, 0, 0, '', NULL, NULL),
(312, '2017-2018', 'II', '11706329', 'Rida', 'BDP X-1', 'Cia 2', '2018-03-04', 1, 0, 0, 0, 0, '', NULL, NULL),
(313, '2017-2018', 'II', '11706335', 'Riska Juliani Usman', 'BDP X-1', 'Taj 3', '2018-03-04', 1, 0, 0, 0, 0, '', NULL, NULL),
(314, '2017-2018', 'II', '11706358', 'Sephia Herliana Muchtar', 'BDP X-1', 'Taj 3', '2018-03-04', 1, 0, 0, 0, 0, '', NULL, NULL),
(315, '2017-2018', 'II', '11706363', 'Shalsha Syabyllah', 'BDP X-1', 'Taj 3', '2018-03-04', 1, 0, 0, 0, 0, '', NULL, NULL),
(316, '2017-2018', 'II', '11706365', 'Shankara Argatira Bima', 'BDP X-1', 'Suk 1', '2018-03-04', 1, 0, 0, 0, 0, '', NULL, NULL),
(317, '2017-2018', 'II', '11706399', 'Stefani', 'BDP X-1', 'Wik 3', '2018-03-04', 1, 0, 0, 0, 0, '', NULL, NULL),
(318, '2017-2018', 'II', '11706442', 'Yulistina Nurul Azizah', 'BDP X-1', 'Cic 3', '2018-03-04', 1, 0, 0, 0, 0, '', NULL, NULL),
(319, '2017-2018', 'II', '11706443', 'Yuni Wijaya', 'BDP X-1', 'Cis 5', '2018-03-04', 1, 0, 0, 0, 0, '', NULL, NULL),
(320, '2017-2018', 'II', '11706446', 'Yunni Agustin', 'BDP X-1', 'Taj 5', '2018-03-04', 1, 0, 0, 0, 0, '', NULL, NULL),
(321, '2017-2018', 'II', '11706449', 'Zafira Yasmin Ghiffari', 'BDP X-1', 'Wik 1', '2018-03-04', 1, 0, 0, 0, 0, '', NULL, NULL),
(322, '2017-2018', 'II', '11705934', 'Adella Aprilia', 'HTL X-1', 'Taj 5', '2018-03-04', 0, 0, 0, 0, 1, 'CBT PLH ', NULL, NULL),
(323, '2017-2018', 'II', '11705952', 'Alfiya Damayanti', 'HTL X-1', 'Cic 2', '2018-03-04', 0, 0, 1, 0, 0, '', NULL, NULL),
(324, '2017-2018', 'II', '11705953', 'Alif Adnan Ali', 'HTL X-1', 'Taj 5', '2018-03-04', 0, 0, 0, 1, 0, '', NULL, NULL),
(325, '2017-2018', 'II', '11705963', 'Andi Raihan Maulana', 'HTL X-1', 'Cic 5', '2018-03-04', 0, 1, 0, 0, 0, '', NULL, NULL),
(326, '2017-2018', 'II', '11705971', 'Anisa Cahyani', 'HTL X-1', 'Cis 3', '2018-03-04', 0, 0, 0, 0, 1, 'CBT KWH', NULL, NULL),
(327, '2017-2018', 'II', '11705989', 'Awaliah Zulhaida', 'HTL X-1', 'Cic 5', '2018-03-04', 1, 0, 0, 0, 0, '', NULL, NULL),
(328, '2017-2018', 'II', '11706000', 'Cindi Pratama Dewi', 'HTL X-1', 'Cic 3', '2018-03-04', 1, 0, 0, 0, 0, '', NULL, NULL),
(329, '2017-2018', 'II', '11706008', 'Dea Fitri Rahmawati', 'HTL X-1', 'Cis 5', '2018-03-04', 0, 0, 0, 0, 1, 'CBT HUMAs', NULL, NULL),
(330, '2017-2018', 'II', '11706018', 'Dhia Dzulfikar', 'HTL X-1', 'Wik 1', '2018-03-04', 1, 0, 0, 0, 0, '', NULL, NULL),
(331, '2017-2018', 'II', '11706020', 'Dian Rahmawati', 'HTL X-1', 'Cia 4', '2018-03-04', 1, 0, 0, 0, 0, '', NULL, NULL),
(332, '2017-2018', 'II', '11706021', 'Dimas Aji Febriansyah', 'HTL X-1', 'Taj 5', '2018-03-04', 1, 0, 0, 0, 0, '', NULL, NULL),
(333, '2017-2018', 'II', '11706036', 'Emilia Muspita Oktaviani', 'HTL X-1', 'Cia 2', '2018-03-04', 1, 0, 0, 0, 0, '', NULL, NULL),
(334, '2017-2018', 'II', '11706053', 'Farah Diba Rezi Fauziah', 'HTL X-1', 'Cia 5', '2018-03-04', 1, 0, 0, 0, 0, '', NULL, NULL),
(335, '2017-2018', 'II', '11706073', 'Gita Irrenza', 'HTL X-1', 'Taj 5', '2018-03-04', 1, 0, 0, 0, 0, '', NULL, NULL),
(336, '2017-2018', 'II', '11706092', 'Irsan Febriansyah', 'HTL X-1', 'Cib 1', '2018-03-04', 1, 0, 0, 0, 0, '', NULL, NULL),
(337, '2017-2018', 'II', '11706111', 'Leviany Jesilia Sopamena', 'HTL X-1', 'Cis 5', '2018-03-04', 1, 0, 0, 0, 0, '', NULL, NULL),
(338, '2017-2018', 'II', '11706117', 'Lola Wati', 'HTL X-1', 'Taj 3', '2018-03-04', 1, 0, 0, 0, 0, '', NULL, NULL),
(339, '2017-2018', 'II', '11706141', 'Marsela Oktavia', 'HTL X-1', 'Cia 4', '2018-03-04', 1, 0, 0, 0, 0, '', NULL, NULL),
(340, '2017-2018', 'II', '11706143', 'Maulana Fattur Fahman', 'HTL X-1', 'Cic 6', '2018-03-04', 1, 0, 0, 0, 0, '', NULL, NULL),
(341, '2017-2018', 'II', '11706148', 'Michellia Aryanti', 'HTL X-1', 'Cis 5', '2018-03-04', 1, 0, 0, 0, 0, '', NULL, NULL),
(342, '2017-2018', 'II', '11706208', 'Muhammad Arif Alhaeni', 'HTL X-1', 'Cic 5', '2018-03-04', 1, 0, 0, 0, 0, '', NULL, NULL),
(343, '2017-2018', 'II', '11706216', 'Muhammad Fadli Hasan', 'HTL X-1', 'Cic 5', '2018-03-04', 1, 0, 0, 0, 0, '', NULL, NULL),
(344, '2017-2018', 'II', '11706226', 'Muhammad Fikri Pratama Allatif', 'HTL X-1', 'Cia 5', '2018-03-04', 1, 0, 0, 0, 0, '', NULL, NULL),
(345, '2017-2018', 'II', '11706231', 'Muhammad Ichsan Khairullah', 'HTL X-1', 'Taj 3', '2018-03-04', 1, 0, 0, 0, 0, '', NULL, NULL),
(346, '2017-2018', 'II', '11706267', 'Nabila Baedani', 'HTL X-1', 'Cic 2', '2018-03-04', 1, 0, 0, 0, 0, '', NULL, NULL),
(347, '2017-2018', 'II', '11706279', 'Neneng Novitawati Rahmadhani', 'HTL X-1', 'Cic 7', '2018-03-04', 1, 0, 0, 0, 0, '', NULL, NULL),
(348, '2017-2018', 'II', '11706298', 'Prayudha Arya Nugraha', 'HTL X-1', 'Cic 3', '2018-03-04', 1, 0, 0, 0, 0, '', NULL, NULL),
(349, '2017-2018', 'II', '11706339', 'Rival Nazar Ruslan', 'HTL X-1', 'Cis 1', '2018-03-04', 1, 0, 0, 0, 0, '', NULL, NULL),
(350, '2017-2018', 'II', '11706343', 'Rosita', 'HTL X-1', 'Taj 5', '2018-03-04', 1, 0, 0, 0, 0, '', NULL, NULL),
(351, '2017-2018', 'II', '11706368', 'Silvia Natasya', 'HTL X-1', 'Cis 1', '2018-03-04', 1, 0, 0, 0, 0, '', NULL, NULL),
(352, '2017-2018', 'II', '11706369', 'Silvia Noviyani', 'HTL X-1', 'Cic 7', '2018-03-04', 1, 0, 0, 0, 0, '', NULL, NULL),
(353, '2017-2018', 'II', '11706383', 'Siti Marlina', 'HTL X-1', 'Cib 2', '2018-03-04', 1, 0, 0, 0, 0, '', NULL, NULL),
(354, '2017-2018', 'II', '11706400', 'Stefanny Greacia', 'HTL X-1', 'Taj 5', '2018-03-04', 1, 0, 0, 0, 0, '', NULL, NULL),
(355, '2017-2018', 'II', '11706411', 'Tasya Shafira Wilman', 'HTL X-1', 'Taj 1', '2018-03-04', 1, 0, 0, 0, 0, '', NULL, NULL),
(356, '2017-2018', 'II', '11706425', 'Virda Regina', 'HTL X-1', 'Suk 1', '2018-03-04', 1, 0, 0, 0, 0, '', NULL, NULL),
(357, '2017-2018', 'II', '11705929', 'Abimanyu Pamungkas', 'MMD X-2', 'Wik 2', '2018-03-04', 0, 0, 1, 0, 0, '', NULL, NULL),
(358, '2017-2018', 'II', '11705948', 'Akbar Kartiko', 'MMD X-2', 'Taj 2', '2018-03-04', 0, 0, 1, 0, 0, '', NULL, NULL),
(359, '2017-2018', 'II', '11705951', 'Alfina Azzahra', 'MMD X-2', 'Cia 2', '2018-03-04', 1, 0, 0, 0, 0, '', NULL, NULL),
(360, '2017-2018', 'II', '11705966', 'Andri Oktavian', 'MMD X-2', 'Cia 2', '2018-03-04', 1, 0, 0, 0, 0, '', NULL, NULL),
(361, '2017-2018', 'II', '11705968', 'Angelive Hilsunny', 'MMD X-2', 'Suk 1', '2018-03-04', 1, 0, 0, 0, 0, '', NULL, NULL),
(362, '2017-2018', 'II', '11705984', 'Astri Utami Febriani', 'MMD X-2', 'Cia 1', '2018-03-04', 1, 0, 0, 0, 0, '', NULL, NULL),
(363, '2017-2018', 'II', '11705992', 'Azhare Rasyid Kaliki', 'MMD X-2', 'Cia 4', '2018-03-04', 1, 0, 0, 0, 0, '', NULL, NULL),
(364, '2017-2018', 'II', '11705995', 'Bagus Prasetyo', 'MMD X-2', 'Cic 5', '2018-03-04', 1, 0, 0, 0, 0, '', NULL, NULL),
(365, '2017-2018', 'II', '11706014', 'Denzel Gymnastiar Setiawan', 'MMD X-2', 'Suk 1', '2018-03-04', 1, 0, 0, 0, 0, '', NULL, NULL),
(366, '2017-2018', 'II', '11706028', 'Dinda Utami', 'MMD X-2', 'Taj 2', '2018-03-04', 1, 0, 0, 0, 0, '', NULL, NULL),
(367, '2017-2018', 'II', '11706035', 'Elsa Destriani Putri', 'MMD X-2', 'Cic 6', '2018-03-04', 1, 0, 0, 0, 0, '', NULL, NULL),
(368, '2017-2018', 'II', '11706047', 'Fadhila Handayani', 'MMD X-2', 'Taj 2', '2018-03-04', 1, 0, 0, 0, 0, '', NULL, NULL),
(369, '2017-2018', 'II', '11706048', 'Fadlika Inasya Putri', 'MMD X-2', 'Suk 1', '2018-03-04', 1, 0, 0, 0, 0, '', NULL, NULL),
(370, '2017-2018', 'II', '11706051', 'Faishal Raihan Kurnianto', 'MMD X-2', 'Wik 4', '2018-03-04', 1, 0, 0, 0, 0, '', NULL, NULL),
(371, '2017-2018', 'II', '11706056', 'Fatima Azzahra', 'MMD X-2', 'Cib 1', '2018-03-04', 1, 0, 0, 0, 0, '', NULL, NULL),
(372, '2017-2018', 'II', '11706112', 'Lianintan Suci', 'MMD X-2', 'Cia 3', '2018-03-04', 1, 0, 0, 0, 0, '', NULL, NULL),
(373, '2017-2018', 'II', '11706120', 'Luthfia Nur Azizah', 'MMD X-2', 'Taj 2', '2018-03-04', 1, 0, 0, 0, 0, '', NULL, NULL),
(374, '2017-2018', 'II', '11706147', 'Michael Kurniawan Prananto', 'MMD X-2', 'Wik 1', '2018-03-04', 1, 0, 0, 0, 0, '', NULL, NULL),
(375, '2017-2018', 'II', '11706150', 'Moch Dika Firdaus', 'MMD X-2', 'Cia 5', '2018-03-04', 1, 0, 0, 0, 0, '', NULL, NULL),
(376, '2017-2018', 'II', '11706170', 'Muhammad Farhan', 'MMD X-2', 'Taj 3', '2018-03-04', 1, 0, 0, 0, 0, '', NULL, NULL),
(377, '2017-2018', 'II', '11706173', 'Muhamad Fauzi Azhar', 'MMD X-2', 'Cis 1', '2018-03-04', 1, 0, 0, 0, 0, '', NULL, NULL),
(378, '2017-2018', 'II', '11706177', 'Muhamad Hildan Pratama', 'MMD X-2', 'Cis 1', '2018-03-04', 1, 0, 0, 0, 0, '', NULL, NULL),
(379, '2017-2018', 'II', '11706191', 'Muhamad Rifki Fadilah', 'MMD X-2', 'Taj 2', '2018-03-04', 1, 0, 0, 0, 0, '', NULL, NULL),
(380, '2017-2018', 'II', '11706214', 'Muhammad Dikiyansyah', 'MMD X-2', 'Cia 2', '2018-03-04', 1, 0, 0, 0, 0, '', NULL, NULL),
(381, '2017-2018', 'II', '11706222', 'Muhammad Fauzi Ridwan', 'MMD X-2', 'Cic 2', '2018-03-04', 1, 0, 0, 0, 0, '', NULL, NULL),
(382, '2017-2018', 'II', '11706227', 'Muhammad Galuh Aldiyaksya', 'MMD X-2', 'Cic 6', '2018-03-04', 1, 0, 0, 0, 0, '', NULL, NULL),
(383, '2017-2018', 'II', '11706249', 'Muhammad Renaldi Pajrin', 'MMD X-2', 'Cic 1', '2018-03-04', 1, 0, 0, 0, 0, '', NULL, NULL),
(384, '2017-2018', 'II', '11706271', 'Nadzira Alexandra', 'MMD X-2', 'Wik 4', '2018-03-04', 1, 0, 0, 0, 0, '', NULL, NULL),
(385, '2017-2018', 'II', '11706277', 'Nazira Zahra Windayani', 'MMD X-2', 'Cia 3', '2018-03-04', 1, 0, 0, 0, 0, '', NULL, NULL),
(386, '2017-2018', 'II', '11706287', 'Nur Arsy', 'MMD X-2', 'Cic 4', '2018-03-04', 1, 0, 0, 0, 0, '', NULL, NULL),
(387, '2017-2018', 'II', '11706336', 'Riski Ramadan', 'MMD X-2', 'Taj 5', '2018-03-04', 1, 0, 0, 0, 0, '', NULL, NULL),
(388, '2017-2018', 'II', '11706396', 'Siti Zahra Nuryani', 'MMD X-2', 'Cia 3', '2018-03-04', 1, 0, 0, 0, 0, '', NULL, NULL),
(389, '2017-2018', 'II', '11706403', 'Syahdan Alfikri', 'MMD X-2', 'Taj 3', '2018-03-04', 1, 0, 0, 0, 0, '', NULL, NULL),
(390, '2017-2018', 'II', '11706423', 'Triyani Sukmaningsih', 'MMD X-2', 'Cis 1', '2018-03-04', 1, 0, 0, 0, 0, '', NULL, NULL),
(391, '2017-2018', 'II', '11706438', 'Yudis Threeyantoro', 'MMD X-2', 'Cic 2', '2018-03-04', 1, 0, 0, 0, 0, '', NULL, NULL),
(392, '2017-2018', 'IV', '11605305', 'Abdussalam Husein', 'PMN XI-2', 'Cic 4', '2018-03-04', 0, 1, 0, 0, 0, '', NULL, NULL),
(393, '2017-2018', 'IV', '11605310', 'Ade Ardiansyah Maulana', 'PMN XI-2', 'Cib 3', '2018-03-04', 1, 0, 0, 0, 0, '', NULL, NULL),
(394, '2017-2018', 'IV', '11605314', 'Aditya Rama Putra', 'PMN XI-2', 'Taj 3', '2018-03-04', 1, 0, 0, 0, 0, '', NULL, NULL),
(395, '2017-2018', 'IV', '11605322', 'Agung Fadilah', 'PMN XI-2', 'Cia 5', '2018-03-04', 1, 0, 0, 0, 0, '', NULL, NULL),
(396, '2017-2018', 'IV', '11605333', 'Ajeng Mutiara Ningtyas', 'PMN XI-2', 'Taj 4', '2018-03-04', 1, 0, 0, 0, 0, '', NULL, NULL),
(397, '2017-2018', 'IV', '11605334', 'Aji Maulana Malik', 'PMN XI-2', 'Cia 1', '2018-03-04', 1, 0, 0, 0, 0, '', NULL, NULL),
(398, '2017-2018', 'IV', '11605343', 'Alfid Nurhakim', 'PMN XI-2', 'Cic 6', '2018-03-04', 1, 0, 0, 0, 0, '', NULL, NULL),
(399, '2017-2018', 'IV', '11605351', 'Alvian Adi Wibowo', 'PMN XI-2', 'Wik 4', '2018-03-04', 1, 0, 0, 0, 0, '', NULL, NULL),
(400, '2017-2018', 'IV', '11605391', 'Asep Suryadin', 'PMN XI-2', 'Cic 1', '2018-03-04', 1, 0, 0, 0, 0, '', NULL, NULL),
(401, '2017-2018', 'IV', '11605512', 'Ia Siti Robiah', 'PMN XI-2', 'Cis 4', '2018-03-04', 1, 0, 0, 0, 0, '', NULL, NULL),
(402, '2017-2018', 'IV', '11605533', 'Jonatan Sianipar', 'PMN XI-2', 'Cic 7', '2018-03-04', 1, 0, 0, 0, 0, '', NULL, NULL),
(403, '2017-2018', 'IV', '11605550', 'Lio Lukman', 'PMN XI-2', 'Cic 7', '2018-03-04', 1, 0, 0, 0, 0, '', NULL, NULL),
(404, '2017-2018', 'IV', '11605563', 'Muhamad Fiqri Rizki Alamsyah', 'PMN XI-2', 'Cis 3', '2018-03-04', 1, 0, 0, 0, 0, '', NULL, NULL);
INSERT INTO `tbl_absensi_siswa` (`id_absen`, `tahun_pelajaran`, `semester`, `nis`, `nama`, `rombel`, `kode_rayon`, `tgl_absen`, `hadir`, `alpa`, `izin`, `sakit`, `tugas`, `catatan`, `tgl_update`, `user_update`) VALUES
(405, '2017-2018', 'IV', '11605609', 'Muhamad Fikri Haikal', 'PMN XI-2', 'Taj 5', '2018-03-04', 1, 0, 0, 0, 0, '', NULL, NULL),
(406, '2017-2018', 'IV', '11605616', 'Muhamad Iqbal Nurhadi', 'PMN XI-2', 'Wik 3', '2018-03-04', 1, 0, 0, 0, 0, '', NULL, NULL),
(407, '2017-2018', 'IV', '11605636', 'Muhamad Saprudin', 'PMN XI-2', 'Cib 2', '2018-03-04', 1, 0, 0, 0, 0, '', NULL, NULL),
(408, '2017-2018', 'IV', '11605699', 'Nasir Ahmad', 'PMN XI-2', 'Taj 5', '2018-03-04', 1, 0, 0, 0, 0, '', NULL, NULL),
(409, '2017-2018', 'IV', '11605701', 'Naufal Tiftazani', 'PMN XI-2', 'Cib 1', '2018-03-04', 1, 0, 0, 0, 0, '', NULL, NULL),
(410, '2017-2018', 'IV', '11605702', 'Naufal Widad Irawan', 'PMN XI-2', 'Cia 1', '2018-03-04', 1, 0, 0, 0, 0, '', NULL, NULL),
(411, '2017-2018', 'IV', '11605759', 'Ragis Nuriansyah Putra', 'PMN XI-2', 'Cis 5', '2018-03-04', 1, 0, 0, 0, 0, '', NULL, NULL),
(412, '2017-2018', 'IV', '11605778', 'Revanza Wicak Pangestu', 'PMN XI-2', 'Cic 4', '2018-03-04', 1, 0, 0, 0, 0, '', NULL, NULL),
(413, '2017-2018', 'IV', '11605779', 'Reynaldi Saputra', 'PMN XI-2', 'Cic 6', '2018-03-04', 1, 0, 0, 0, 0, '', NULL, NULL),
(414, '2017-2018', 'IV', '11605782', 'Rhavy Julian Pradana', 'PMN XI-2', 'Cib 1', '2018-03-04', 1, 0, 0, 0, 0, '', NULL, NULL),
(415, '2017-2018', 'IV', '11605795', 'Rio Maulana', 'PMN XI-2', 'Taj 4', '2018-03-04', 1, 0, 0, 0, 0, '', NULL, NULL),
(416, '2017-2018', 'IV', '11605809', 'Ryan Prasastian', 'PMN XI-2', 'Cis 2', '2018-03-04', 1, 0, 0, 0, 0, '', NULL, NULL),
(417, '2017-2018', 'IV', '11605815', 'Saiful Maulana', 'PMN XI-2', 'Taj 4', '2018-03-04', 1, 0, 0, 0, 0, '', NULL, NULL),
(418, '2017-2018', 'IV', '11605824', 'Sandhika Ferly Sidiq', 'PMN XI-2', 'Cic 5', '2018-03-04', 1, 0, 0, 0, 0, '', NULL, NULL),
(419, '2017-2018', 'IV', '11605836', 'Sephia Tri Handayani', 'PMN XI-2', 'Wik 4', '2018-03-04', 1, 0, 0, 0, 0, '', NULL, NULL),
(420, '2017-2018', 'IV', '11605837', 'Septi Hatami Selvia Muntila', 'PMN XI-2', 'Cic 1', '2018-03-04', 1, 0, 0, 0, 0, '', NULL, NULL),
(421, '2017-2018', 'IV', '11605843', 'Shofi Luthfiah', 'PMN XI-2', 'Taj 4', '2018-03-04', 1, 0, 0, 0, 0, '', NULL, NULL),
(422, '2017-2018', 'IV', '11605888', 'Syabrina Salsabilla', 'PMN XI-2', 'Taj 2', '2018-03-04', 1, 0, 0, 0, 0, '', NULL, NULL),
(423, '2017-2018', 'IV', '11605893', 'Syifa Gita Meilani', 'PMN XI-2', 'Wik 2', '2018-03-04', 1, 0, 0, 0, 0, '', NULL, NULL),
(424, '2017-2018', 'IV', '11605916', 'Willy Halim', 'PMN XI-2', 'Cis 4', '2018-03-04', 1, 0, 0, 0, 0, '', NULL, NULL),
(425, '2017-2018', 'IV', '11605918', 'Yovan Arya Nugraha', 'PMN XI-2', 'Taj 3', '2018-03-04', 1, 0, 0, 0, 0, '', NULL, NULL),
(426, '2017-2018', 'VI', '11404587', 'Rizal Darmawan Supendi', 'TKJ XII-2', 'Wik 2', '2018-03-04', 1, 0, 0, 0, 0, '', NULL, NULL),
(427, '2017-2018', 'VI', '11504741', 'Alfian Adji Prasetiya', 'TKJ XII-2', 'Cic 1', '2018-03-04', 1, 0, 0, 0, 0, '', NULL, NULL),
(428, '2017-2018', 'VI', '11504775', 'Ari Awaludin Muslim', 'TKJ XII-2', 'Cic 2', '2018-03-04', 1, 0, 0, 0, 0, '', NULL, NULL),
(429, '2017-2018', 'VI', '11504785', 'Asep Ihsan Abdus Shomad', 'TKJ XII-2', 'Cic 6', '2018-03-04', 1, 0, 0, 0, 0, '', NULL, NULL),
(430, '2017-2018', 'VI', '11504842', 'Diki Agung Wahyudi', 'TKJ XII-2', 'Cia 4', '2018-03-04', 1, 0, 0, 0, 0, '', NULL, NULL),
(431, '2017-2018', 'VI', '11504868', 'Fadlan Alfarezh Hartono', 'TKJ XII-2', 'Cic 4', '2018-03-04', 1, 0, 0, 0, 0, '', NULL, NULL),
(432, '2017-2018', 'VI', '11504872', 'Faisal Fuadi', 'TKJ XII-2', 'Cic 4', '2018-03-04', 1, 0, 0, 0, 0, '', NULL, NULL),
(433, '2017-2018', 'VI', '11504882', 'Fauzi Jamaludin', 'TKJ XII-2', 'Cic 1', '2018-03-04', 1, 0, 0, 0, 0, '', NULL, NULL),
(434, '2017-2018', 'VI', '11504900', 'Galih Prayitno', 'TKJ XII-2', 'Cic 6', '2018-03-04', 1, 0, 0, 0, 0, '', NULL, NULL),
(435, '2017-2018', 'VI', '11504913', 'Hasbi Ashidiqi', 'TKJ XII-2', 'Cia 3', '2018-03-04', 1, 0, 0, 0, 0, '', NULL, NULL),
(436, '2017-2018', 'VI', '11504921', 'Ihsan Nurrochman', 'TKJ XII-2', 'Cia 1', '2018-03-04', 1, 0, 0, 0, 0, '', NULL, NULL),
(437, '2017-2018', 'VI', '11504923', 'Ihsan Khoirulloh', 'TKJ XII-2', 'Wik 3', '2018-03-04', 1, 0, 0, 0, 0, '', NULL, NULL),
(438, '2017-2018', 'VI', '11504952', 'Liza Apriani', 'TKJ XII-2', 'Suk 1', '2018-03-04', 1, 0, 0, 0, 0, '', NULL, NULL),
(439, '2017-2018', 'VI', '11504959', 'Lutfi Ramdani Hidayat', 'TKJ XII-2', 'Wik 2', '2018-03-04', 1, 0, 0, 0, 0, '', NULL, NULL),
(440, '2017-2018', 'VI', '11504963', 'M. Agung Ruswandi', 'TKJ XII-2', 'Cia 3', '2018-03-04', 1, 0, 0, 0, 0, '', NULL, NULL),
(441, '2017-2018', 'VI', '11504973', 'M. Rully Awan', 'TKJ XII-2', 'Taj 1', '2018-03-04', 1, 0, 0, 0, 0, '', NULL, NULL),
(442, '2017-2018', 'VI', '11504977', 'Mahsa Robby Wibawa', 'TKJ XII-2', 'Cis 5', '2018-03-04', 1, 0, 0, 0, 0, '', NULL, NULL),
(443, '2017-2018', 'VI', '11504994', 'Mochamad Rikat Muharam', 'TKJ XII-2', 'Wik 3', '2018-03-04', 1, 0, 0, 0, 0, '', NULL, NULL),
(444, '2017-2018', 'VI', '11505013', 'Muhamad Esa Maulana', 'TKJ XII-2', 'Cic 2', '2018-03-04', 1, 0, 0, 0, 0, '', NULL, NULL),
(445, '2017-2018', 'VI', '11505017', 'Muhamad Husin Saputra', 'TKJ XII-2', 'Taj 4', '2018-03-04', 1, 0, 0, 0, 0, '', NULL, NULL),
(446, '2017-2018', 'VI', '11505020', 'Muhammad Irwansyah', 'TKJ XII-2', 'Taj 2', '2018-03-04', 1, 0, 0, 0, 0, '', NULL, NULL),
(447, '2017-2018', 'VI', '11505038', 'Muhamad Taufik Rizki', 'TKJ XII-2', 'Cib 2', '2018-03-04', 1, 0, 0, 0, 0, '', NULL, NULL),
(448, '2017-2018', 'VI', '11505039', 'Muhamad Usman Fauzi', 'TKJ XII-2', 'Cis 6', '2018-03-04', 1, 0, 0, 0, 0, '', NULL, NULL),
(449, '2017-2018', 'VI', '11505052', 'Muhammad Dimas Zulhijah', 'TKJ XII-2', 'Cic 2', '2018-03-04', 1, 0, 0, 0, 0, '', NULL, NULL),
(450, '2017-2018', 'VI', '11505053', 'Muhammad Fadilah', 'TKJ XII-2', 'Cic 1', '2018-03-04', 1, 0, 0, 0, 0, '', NULL, NULL),
(451, '2017-2018', 'VI', '11505079', 'Muhammad Rizky Saputra', 'TKJ XII-2', 'Suk 1', '2018-03-04', 1, 0, 0, 0, 0, '', NULL, NULL),
(452, '2017-2018', 'VI', '11505086', 'Muhammad Zihad Daru Sakur', 'TKJ XII-2', 'Cib 1', '2018-03-04', 1, 0, 0, 0, 0, '', NULL, NULL),
(453, '2017-2018', 'VI', '11505093', 'Nabhan Fadhil', 'TKJ XII-2', 'Cic 5', '2018-03-04', 1, 0, 0, 0, 0, '', NULL, NULL),
(454, '2017-2018', 'VI', '11505150', 'Rendi Mulki Ginanjar', 'TKJ XII-2', 'Cic 1', '2018-03-04', 1, 0, 0, 0, 0, '', NULL, NULL),
(455, '2017-2018', 'VI', '11505198', 'Saskia Apriliana Putri', 'TKJ XII-2', 'Cia 4', '2018-03-04', 1, 0, 0, 0, 0, '', NULL, NULL),
(456, '2017-2018', 'VI', '11505202', 'Setiawan', 'TKJ XII-2', 'Cis 3', '2018-03-04', 1, 0, 0, 0, 0, '', NULL, NULL),
(457, '2017-2018', 'VI', '11505214', 'Singgih Sukarno', 'TKJ XII-2', 'Taj 2', '2018-03-04', 1, 0, 0, 0, 0, '', NULL, NULL),
(458, '2017-2018', 'VI', '11505240', 'Sulthan Aldi Budiono', 'TKJ XII-2', 'Cic 3', '2018-03-04', 1, 0, 0, 0, 0, '', NULL, NULL),
(459, '2017-2018', 'VI', '11505276', 'Yogi Kharisma Putra', 'TKJ XII-2', 'Cib 1', '2018-03-04', 1, 0, 0, 0, 0, '', NULL, NULL),
(460, '2017-2018', 'II', '11705962', 'Andhina Yorisa', 'TBG X-1', 'Suk 2', '2018-03-04', 1, 0, 0, 0, 0, '', NULL, NULL),
(461, '2017-2018', 'II', '11705965', 'Andre Setiawan', 'TBG X-1', 'Taj 5', '2018-03-04', 1, 0, 0, 0, 0, '', NULL, NULL),
(462, '2017-2018', 'II', '11705975', 'Ardiyanti Nada Aqilah', 'TBG X-1', 'Taj 1', '2018-03-04', 1, 0, 0, 0, 0, '', NULL, NULL),
(463, '2017-2018', 'II', '11705983', 'Asri Kumala', 'TBG X-1', 'Cia 4', '2018-03-04', 1, 0, 0, 0, 0, '', NULL, NULL),
(464, '2017-2018', 'II', '11706012', 'Dendha Fery Fernanda Pardede', 'TBG X-1', 'Cib 1', '2018-03-04', 1, 0, 0, 0, 0, '', NULL, NULL),
(465, '2017-2018', 'II', '11706026', 'Dina Julia Ningsih', 'TBG X-1', 'Taj 3', '2018-03-04', 1, 0, 0, 0, 0, '', NULL, NULL),
(466, '2017-2018', 'II', '11706033', 'Eka Rizki Andika', 'TBG X-1', 'Taj 2', '2018-03-04', 1, 0, 0, 0, 0, '', NULL, NULL),
(467, '2017-2018', 'II', '11706042', 'Eriza Destiandini Syaidi', 'TBG X-1', 'Wik 2', '2018-03-04', 1, 0, 0, 0, 0, '', NULL, NULL),
(468, '2017-2018', 'II', '11706059', 'Fauzan Hanif', 'TBG X-1', 'Taj 5', '2018-03-04', 1, 0, 0, 0, 0, '', NULL, NULL),
(469, '2017-2018', 'II', '11706103', 'Kavin Alderan', 'TBG X-1', 'Wik 2', '2018-03-04', 1, 0, 0, 0, 0, '', NULL, NULL),
(470, '2017-2018', 'II', '11706119', 'Lustiara Nazwa Azzahra', 'TBG X-1', 'Wik 4', '2018-03-04', 1, 0, 0, 0, 0, '', NULL, NULL),
(471, '2017-2018', 'II', '11706128', 'M. Pajar Purnama Diningrat', 'TBG X-1', 'Cis 4', '2018-03-04', 1, 0, 0, 0, 0, '', NULL, NULL),
(472, '2017-2018', 'II', '11706135', 'Maharani', 'TBG X-1', 'Cia 2', '2018-03-04', 1, 0, 0, 0, 0, '', NULL, NULL),
(473, '2017-2018', 'II', '11706158', 'Moh. Idam Fathahillah', 'TBG X-1', 'Cic 7', '2018-03-04', 1, 0, 0, 0, 0, '', NULL, NULL),
(474, '2017-2018', 'II', '11706161', 'Mohammad Farly Putra Abidin', 'TBG X-1', 'Cia 2', '2018-03-04', 1, 0, 0, 0, 0, '', NULL, NULL),
(475, '2017-2018', 'II', '11706192', 'Muhamad Riyansyah', 'TBG X-1', 'Cis 1', '2018-03-04', 1, 0, 0, 0, 0, '', NULL, NULL),
(476, '2017-2018', 'II', '11706221', 'Muhammad Fauzi', 'TBG X-1', 'Taj 5', '2018-03-04', 1, 0, 0, 0, 0, '', NULL, NULL),
(477, '2017-2018', 'II', '11706266', 'Mutiara Nurhandayani', 'TBG X-1', 'Cic 1', '2018-03-04', 1, 0, 0, 0, 0, '', NULL, NULL),
(478, '2017-2018', 'II', '11706280', 'Nessa Julan Aulia', 'TBG X-1', 'Cic 2', '2018-03-04', 1, 0, 0, 0, 0, '', NULL, NULL),
(479, '2017-2018', 'II', '11706291', 'Nurul Aeni', 'TBG X-1', 'Suk 1', '2018-03-04', 1, 0, 0, 0, 0, '', NULL, NULL),
(480, '2017-2018', 'II', '11706293', 'Nurul Astiawati', 'TBG X-1', 'Cia 4', '2018-03-04', 1, 0, 0, 0, 0, '', NULL, NULL),
(481, '2017-2018', 'II', '11706334', 'Rina Yuriana', 'TBG X-1', 'Cib 3', '2018-03-04', 1, 0, 0, 0, 0, '', NULL, NULL),
(482, '2017-2018', 'II', '11706357', 'Seno Putra Prakoso', 'TBG X-1', 'Cic 4', '2018-03-04', 1, 0, 0, 0, 0, '', NULL, NULL),
(483, '2017-2018', 'II', '11706376', 'Siti Fahrika Az-Zahra Sutisna', 'TBG X-1', 'Suk 1', '2018-03-04', 1, 0, 0, 0, 0, '', NULL, NULL),
(484, '2017-2018', 'II', '11706380', 'Siti Komalasari', 'TBG X-1', 'Taj 5', '2018-03-04', 1, 0, 0, 0, 0, '', NULL, NULL),
(485, '2017-2018', 'II', '11706381', 'Siti Maharani Jaliyanti', 'TBG X-1', 'Cis 2', '2018-03-04', 1, 0, 0, 0, 0, '', NULL, NULL),
(486, '2017-2018', 'II', '11706385', 'Siti Nuraisya Safitri', 'TBG X-1', 'Cib 1', '2018-03-04', 1, 0, 0, 0, 0, '', NULL, NULL),
(487, '2017-2018', 'II', '11706390', 'Siti Paradilah', 'TBG X-1', 'Cib 2', '2018-03-04', 1, 0, 0, 0, 0, '', NULL, NULL),
(488, '2017-2018', 'II', '11706394', 'Siti Yunita Awaliah', 'TBG X-1', 'Cia 1', '2018-03-04', 1, 0, 0, 0, 0, '', NULL, NULL),
(489, '2017-2018', 'II', '11706410', 'Tantri Nurwijaya', 'TBG X-1', 'Taj 2', '2018-03-04', 1, 0, 0, 0, 0, '', NULL, NULL),
(490, '2017-2018', 'II', '11706416', 'Tito Triarso', 'TBG X-1', 'Taj 1', '2018-03-04', 1, 0, 0, 0, 0, '', NULL, NULL),
(491, '2017-2018', 'II', '11706435', 'Wirda Surpiani', 'TBG X-1', 'Taj 5', '2018-03-04', 1, 0, 0, 0, 0, '', NULL, NULL),
(492, '2017-2018', 'II', '11706452', 'Zara Sheilomitha Ainnaya', 'TBG X-1', 'Suk 2', '2018-03-04', 1, 0, 0, 0, 0, '', NULL, NULL),
(493, '2017-2018', 'II', '11706457', 'Muhammad Farchany Yusup', 'TBG X-1', 'Taj 4', '2018-03-04', 1, 0, 0, 0, 0, '', NULL, NULL),
(494, '2017-2018', 'VI', '11504721', 'Adi Ibrahim', 'RPL XII-1', 'Cia 2', '2018-03-04', 1, 0, 0, 0, 0, '', NULL, NULL),
(495, '2017-2018', 'VI', '11504727', 'Agnesia Virginia Yolanda', 'RPL XII-1', 'Suk 1', '2018-03-04', 1, 0, 0, 0, 0, '', NULL, NULL),
(496, '2017-2018', 'VI', '11504738', 'Aldan Rizki Santosa', 'RPL XII-1', 'Taj 2', '2018-03-04', 1, 0, 0, 0, 0, '', NULL, NULL),
(497, '2017-2018', 'VI', '11504743', 'Alfy Ria Aldiny', 'RPL XII-1', 'Cic 6', '2018-03-04', 1, 0, 0, 0, 0, '', NULL, NULL),
(498, '2017-2018', 'VI', '11504747', 'Alwi Aulia Nuryadin', 'RPL XII-1', 'Cib 1', '2018-03-04', 1, 0, 0, 0, 0, '', NULL, NULL),
(499, '2017-2018', 'VI', '11504762', 'Anita Yuliani', 'RPL XII-1', 'Cic 3', '2018-03-04', 1, 0, 0, 0, 0, '', NULL, NULL),
(500, '2017-2018', 'VI', '11504781', 'Ariyan Dina Sugiharti', 'RPL XII-1', 'Cis 5', '2018-03-04', 1, 0, 0, 0, 0, '', NULL, NULL),
(501, '2017-2018', 'VI', '11504789', 'Aulia Lesti Suryana', 'RPL XII-1', 'Wik 3', '2018-03-04', 1, 0, 0, 0, 0, '', NULL, NULL),
(502, '2017-2018', 'VI', '11504792', 'Aura Rifa Listiani', 'RPL XII-1', 'Cic 3', '2018-03-04', 1, 0, 0, 0, 0, '', NULL, NULL),
(503, '2017-2018', 'VI', '11504806', 'Birrul Walidain Rachman', 'RPL XII-1', 'Cis 6', '2018-03-04', 1, 0, 0, 0, 0, '', NULL, NULL),
(504, '2017-2018', 'VI', '11504843', 'Dimas Harianto', 'RPL XII-1', 'Cis 3', '2018-03-04', 1, 0, 0, 0, 0, '', NULL, NULL),
(505, '2017-2018', 'VI', '11504856', 'Eko Septiansyah', 'RPL XII-1', 'Cis 3', '2018-03-04', 1, 0, 0, 0, 0, '', NULL, NULL),
(506, '2017-2018', 'VI', '11504865', 'Eneng Siti Nurjanah', 'RPL XII-1', 'Cic 3', '2018-03-04', 1, 0, 0, 0, 0, '', NULL, NULL),
(507, '2017-2018', 'VI', '11504871', 'Fahri Alfian Nur', 'RPL XII-1', 'Cic 1', '2018-03-04', 1, 0, 0, 0, 0, '', NULL, NULL),
(508, '2017-2018', 'VI', '11504877', 'Farhan', 'RPL XII-1', 'Cis 6', '2018-03-04', 1, 0, 0, 0, 0, '', NULL, NULL),
(509, '2017-2018', 'VI', '11504936', 'Jodi Poster', 'RPL XII-1', 'Cia 4', '2018-03-04', 1, 0, 0, 0, 0, '', NULL, NULL),
(510, '2017-2018', 'VI', '11504940', 'Kevin Matthew', 'RPL XII-1', 'Cic 5', '2018-03-04', 1, 0, 0, 0, 0, '', NULL, NULL),
(511, '2017-2018', 'VI', '11504941', 'Kevin Rizki Sabestian', 'RPL XII-1', 'Suk 1', '2018-03-04', 1, 0, 0, 0, 0, '', NULL, NULL),
(512, '2017-2018', 'VI', '11504945', 'Lauren Dimas Yogi Pratama', 'RPL XII-1', 'Taj 4', '2018-03-04', 1, 0, 0, 0, 0, '', NULL, NULL),
(513, '2017-2018', 'VI', '11504953', 'Lola Anjal Savira', 'RPL XII-1', 'Cic 6', '2018-03-04', 1, 0, 0, 0, 0, '', NULL, NULL),
(514, '2017-2018', 'VI', '11504962', 'M. Rizky Ashart', 'RPL XII-1', 'Suk 1', '2018-03-04', 1, 0, 0, 0, 0, '', NULL, NULL),
(515, '2017-2018', 'VI', '11504997', 'Moh. Novel Anugrah Ramdhani', 'RPL XII-1', 'Cic 5', '2018-03-04', 1, 0, 0, 0, 0, '', NULL, NULL),
(516, '2017-2018', 'VI', '11505006', 'Muhamad Al-Fahasyim', 'RPL XII-1', 'Cic 5', '2018-03-04', 1, 0, 0, 0, 0, '', NULL, NULL),
(517, '2017-2018', 'VI', '11505030', 'Muhamad Rifki Fauzi Sugiyanto', 'RPL XII-1', 'Cic 4', '2018-03-04', 1, 0, 0, 0, 0, '', NULL, NULL),
(518, '2017-2018', 'VI', '11505034', 'Muhamad Segafi Kurniawan', 'RPL XII-1', 'Cis 2', '2018-03-04', 1, 0, 0, 0, 0, '', NULL, NULL),
(519, '2017-2018', 'VI', '11505055', 'Muhammad Fauzan Al Hapid ', 'RPL XII-1', 'Taj 2', '2018-03-04', 1, 0, 0, 0, 0, '', NULL, NULL),
(520, '2017-2018', 'VI', '11505059', 'Muhamad Hardiansyah', 'RPL XII-1', 'Taj 1', '2018-03-04', 1, 0, 0, 0, 0, '', NULL, NULL),
(521, '2017-2018', 'VI', '11505064', 'Muhammad Junaedi', 'RPL XII-1', 'Cia 2', '2018-03-04', 1, 0, 0, 0, 0, '', NULL, NULL),
(522, '2017-2018', 'VI', '11505069', 'Muhammad Nur Rachman', 'RPL XII-1', 'Cia 1', '2018-03-04', 1, 0, 0, 0, 0, '', NULL, NULL),
(523, '2017-2018', 'VI', '11505074', 'Muhammad Rifki Alian', 'RPL XII-1', 'Cis 6', '2018-03-04', 1, 0, 0, 0, 0, '', NULL, NULL),
(524, '2017-2018', 'VI', '11505080', 'Muhammad Rozinul Mahrus', 'RPL XII-1', 'Wik 2', '2018-03-04', 1, 0, 0, 0, 0, '', NULL, NULL),
(525, '2017-2018', 'VI', '11505084', 'Muhammad Yusuf', 'RPL XII-1', 'Wik 3', '2018-03-04', 1, 0, 0, 0, 0, '', NULL, NULL),
(526, '2017-2018', 'VI', '11505091', 'Mutia Azzahra Febriani', 'RPL XII-1', 'Cis 5', '2018-03-04', 1, 0, 0, 0, 0, '', NULL, NULL),
(527, '2017-2018', 'VI', '11505132', 'Paturrachman', 'RPL XII-1', 'Cib 1', '2018-03-04', 1, 0, 0, 0, 0, '', NULL, NULL),
(528, '2017-2018', 'VI', '11505142', 'Raihan Dwi Satrio', 'RPL XII-1', 'Taj 1', '2018-03-04', 1, 0, 0, 0, 0, '', NULL, NULL),
(529, '2017-2018', 'VI', '11505143', 'Raka Aditya', 'RPL XII-1', 'Suk 1', '2018-03-04', 1, 0, 0, 0, 0, '', NULL, NULL),
(530, '2017-2018', 'VI', '11505176', 'Rivanis', 'RPL XII-1', 'Taj 1', '2018-03-04', 1, 0, 0, 0, 0, '', NULL, NULL),
(531, '2017-2018', 'VI', '11505204', 'Shaliana Putri Chaerul', 'RPL XII-1', 'Cic 3', '2018-03-04', 1, 0, 0, 0, 0, '', NULL, NULL),
(532, '2017-2018', 'VI', '11505290', 'Zaenul Fahri', 'RPL XII-1', 'Cia 3', '2018-03-04', 1, 0, 0, 0, 0, '', NULL, NULL),
(533, '2017-2018', 'IV', '11605335', 'Al - Crasta Reixena Syam', 'RPL XI-2', 'Cis 5', '2018-03-04', 0, 0, 0, 1, 0, 'Demam', NULL, NULL),
(534, '2017-2018', 'IV', '11605358', 'Amrina', 'RPL XI-2', 'Cis 5', '2018-03-04', 0, 0, 1, 0, 0, 'Acara Keluarga', NULL, NULL),
(535, '2017-2018', 'IV', '11605360', 'Ananda Rezaldy', 'RPL XI-2', 'Cia 5', '2018-03-04', 0, 0, 0, 1, 0, 'Sakit Gigi', NULL, NULL),
(536, '2017-2018', 'IV', '11605379', 'Annisa Fitria Nur Yavana', 'RPL XI-2', 'Wik 4', '2018-03-04', 0, 0, 0, 0, 1, 'CBT PLH', NULL, NULL),
(537, '2017-2018', 'IV', '11605426', 'Denny Dolok Partala', 'RPL XI-2', 'Suk 1', '2018-03-04', 0, 0, 0, 0, 1, 'CBT KWH', NULL, NULL),
(538, '2017-2018', 'IV', '11605433', 'Dewi Sarifah Ambami', 'RPL XI-2', 'Cis 6', '2018-03-04', 0, 0, 0, 0, 1, 'CBT HUMAS', NULL, NULL),
(539, '2017-2018', 'IV', '11605438', 'Dika Alfarell Haidir Ramdani', 'RPL XI-2', 'Taj 4', '2018-03-04', 1, 0, 0, 0, 0, '', NULL, NULL),
(540, '2017-2018', 'IV', '11605472', 'Fadliansyah Rusly', 'RPL XI-2', 'Cic 1', '2018-03-04', 1, 0, 0, 0, 0, '', NULL, NULL),
(541, '2017-2018', 'IV', '11605488', 'Ferdiyan Syaputra', 'RPL XI-2', 'Cic 7', '2018-03-04', 1, 0, 0, 0, 0, '', NULL, NULL),
(542, '2017-2018', 'IV', '11605505', 'Hari Herdiawan', 'RPL XI-2', 'Cia 4', '2018-03-04', 1, 0, 0, 0, 0, '', NULL, NULL),
(543, '2017-2018', 'IV', '11605508', 'Hashfi Ihkamuddin', 'RPL XI-2', 'Suk 1', '2018-03-04', 1, 0, 0, 0, 0, '', NULL, NULL),
(544, '2017-2018', 'IV', '11605511', 'Husein Putra Widya Pratama', 'RPL XI-2', 'Cis 4', '2018-03-04', 1, 0, 0, 0, 0, '', NULL, NULL),
(545, '2017-2018', 'IV', '11605556', 'Muhammad Adib Syarif', 'RPL XI-2', 'Wik 4', '2018-03-04', 1, 0, 0, 0, 0, '', NULL, NULL),
(546, '2017-2018', 'IV', '11605578', 'Metyo Angga Putra', 'RPL XI-2', 'Cic 7', '2018-03-04', 1, 0, 0, 0, 0, '', NULL, NULL),
(547, '2017-2018', 'IV', '11605580', 'Mila Rosa', 'RPL XI-2', 'Cic 4', '2018-03-04', 1, 0, 0, 0, 0, '', NULL, NULL),
(548, '2017-2018', 'IV', '11605611', 'Muhamad Ikhsan Maulana', 'RPL XI-2', 'Cis 5', '2018-03-04', 1, 0, 0, 0, 0, '', NULL, NULL),
(549, '2017-2018', 'IV', '11605614', 'Muhamad Ilham Sihabudin', 'RPL XI-2', 'Wik 1', '2018-03-04', 1, 0, 0, 0, 0, '', NULL, NULL),
(550, '2017-2018', 'IV', '11605615', 'Muhamad Iqbal Faturrahman', 'RPL XI-2', 'Suk 2', '2018-03-04', 1, 0, 0, 0, 0, '', NULL, NULL),
(551, '2017-2018', 'IV', '11605618', 'Muhamad Meidy Mahardika', 'RPL XI-2', 'Cis 4', '2018-03-04', 1, 0, 0, 0, 0, '', NULL, NULL),
(552, '2017-2018', 'IV', '11605623', 'Muhamad Rafli Irfansyah', 'RPL XI-2', 'Cis 5', '2018-03-04', 1, 0, 0, 0, 0, '', NULL, NULL),
(553, '2017-2018', 'IV', '11605637', 'Muhamad Sechan Syadat', 'RPL XI-2', 'Cia 5', '2018-03-04', 1, 0, 0, 0, 0, '', NULL, NULL),
(554, '2017-2018', 'IV', '11605640', 'Muhamad Tubagus Rangga', 'RPL XI-2', 'Cic 3', '2018-03-04', 1, 0, 0, 0, 0, '', NULL, NULL),
(555, '2017-2018', 'IV', '11605641', 'Muhamad Wildan', 'RPL XI-2', 'Cis 6', '2018-03-04', 1, 0, 0, 0, 0, '', NULL, NULL),
(556, '2017-2018', 'IV', '11605646', 'Muhammad Akbar Maureksa', 'RPL XI-2', 'Wik 4', '2018-03-04', 1, 0, 0, 0, 0, '', NULL, NULL),
(557, '2017-2018', 'IV', '11605671', 'Muhammad Lukmanulhakim', 'RPL XI-2', 'Cis 4', '2018-03-04', 1, 0, 0, 0, 0, '', NULL, NULL),
(558, '2017-2018', 'IV', '11605679', 'Muhammad Ramadhani', 'RPL XI-2', 'Cib 3', '2018-03-04', 1, 0, 0, 0, 0, '', NULL, NULL),
(559, '2017-2018', 'IV', '11605696', 'Nabila Hermawati', 'RPL XI-2', 'Cic 7', '2018-03-04', 1, 0, 0, 0, 0, '', NULL, NULL),
(560, '2017-2018', 'IV', '11605709', 'Nita Anggraeni', 'RPL XI-2', 'Taj 4', '2018-03-04', 1, 0, 0, 0, 0, '', NULL, NULL),
(561, '2017-2018', 'IV', '11605721', 'Nur Khopipah', 'RPL XI-2', 'Taj 4', '2018-03-04', 1, 0, 0, 0, 0, '', NULL, NULL),
(562, '2017-2018', 'IV', '11605742', 'Putri Salma Wulandari', 'RPL XI-2', 'Cic 3', '2018-03-04', 1, 0, 0, 0, 0, '', NULL, NULL),
(563, '2017-2018', 'IV', '11605763', 'Raka Agus Chandra', 'RPL XI-2', 'Cis 2', '2018-03-04', 1, 0, 0, 0, 0, '', NULL, NULL),
(564, '2017-2018', 'IV', '11605786', 'Rifki Rustandi', 'RPL XI-2', 'Cia 4', '2018-03-04', 1, 0, 0, 0, 0, '', NULL, NULL),
(565, '2017-2018', 'IV', '11605792', 'Rima Regiani', 'RPL XI-2', 'Cib 1', '2018-03-04', 1, 0, 0, 0, 0, '', NULL, NULL),
(566, '2017-2018', 'IV', '11605800', 'Riyan Maulana Putra', 'RPL XI-2', 'Taj 3', '2018-03-04', 1, 0, 0, 0, 0, '', NULL, NULL),
(567, '2017-2018', 'IV', '11605829', 'Saripah Nabila', 'RPL XI-2', 'Taj 3', '2018-03-04', 1, 0, 0, 0, 0, '', NULL, NULL),
(568, '2017-2018', 'IV', '11605831', 'Satrio Nuur Adi Prawiro', 'RPL XI-2', 'Cic 4', '2018-03-04', 1, 0, 0, 0, 0, '', NULL, NULL),
(569, '2017-2018', 'IV', '11605835', 'Sendy Hartanto', 'RPL XI-2', 'Taj 5', '2018-03-04', 1, 0, 0, 0, 0, '', NULL, NULL),
(570, '2017-2018', 'IV', '11605854', 'Siti Jahra', 'RPL XI-2', 'Cic 6', '2018-03-04', 1, 0, 0, 0, 0, '', NULL, NULL),
(571, '2017-2018', 'IV', '11605901', 'Tedi Alamsyah', 'RPL XI-2', 'Cic 4', '2018-03-04', 1, 0, 0, 0, 0, '', NULL, NULL),
(572, '2017-2018', 'IV', '11605906', 'Tobias Vinsensius Pradana', 'RPL XI-2', 'Wik 1', '2018-03-04', 1, 0, 0, 0, 0, '', NULL, NULL),
(573, '2017-2018', 'VI', '11504715', 'Abdullah Muafa', 'RPL XII-2', 'Suk 1', '2018-03-05', 1, 0, 0, 0, 0, '', NULL, NULL),
(574, '2017-2018', 'VI', '11504730', 'Ahmad Farel', 'RPL XII-2', 'Wik 3', '2018-03-05', 1, 0, 0, 0, 0, '', NULL, NULL),
(575, '2017-2018', 'VI', '11504761', 'Anisa Nurul Aprilia', 'RPL XII-2', 'Cic 2', '2018-03-05', 1, 0, 0, 0, 0, '', NULL, NULL),
(576, '2017-2018', 'VI', '11504763', 'Annisa Harpiah Islami', 'RPL XII-2', 'Cic 2', '2018-03-05', 1, 0, 0, 0, 0, '', NULL, NULL),
(577, '2017-2018', 'VI', '11504770', 'Ardhika Nur Ramadhan', 'RPL XII-2', 'Wik 3', '2018-03-05', 1, 0, 0, 0, 0, '', NULL, NULL),
(578, '2017-2018', 'VI', '11504783', 'Arya Adhi Prasetya Purnomo', 'RPL XII-2', 'Cic 4', '2018-03-05', 1, 0, 0, 0, 0, '', NULL, NULL),
(579, '2017-2018', 'VI', '11504810', 'Citra Aditya Cahyono', 'RPL XII-2', 'Cis 6', '2018-03-05', 1, 0, 0, 0, 0, '', NULL, NULL),
(580, '2017-2018', 'VI', '11504814', 'Daffa Firdaus Prayoga', 'RPL XII-2', 'Wik 4', '2018-03-05', 1, 0, 0, 0, 0, '', NULL, NULL),
(581, '2017-2018', 'VI', '11504815', 'Dana Diraga Sabiet', 'RPL XII-2', 'Cia 4', '2018-03-05', 1, 0, 0, 0, 0, '', NULL, NULL),
(582, '2017-2018', 'VI', '11504816', 'Danang Andrian Wicaksono', 'RPL XII-2', 'Taj 4', '2018-03-05', 1, 0, 0, 0, 0, '', NULL, NULL),
(583, '2017-2018', 'VI', '11504823', 'Dedi Kusnadi', 'RPL XII-2', 'Cib 2', '2018-03-05', 1, 0, 0, 0, 0, 'MABAL', NULL, NULL),
(584, '2017-2018', 'VI', '11504830', 'Desy Ramadani', 'RPL XII-2', 'Cia 1', '2018-03-05', 1, 0, 0, 0, 0, '', NULL, NULL),
(585, '2017-2018', 'VI', '11504840', 'Dicki Fadilah Fajar', 'RPL XII-2', 'Wik 1', '2018-03-05', 1, 0, 0, 0, 0, '', NULL, NULL),
(586, '2017-2018', 'VI', '11504858', 'Elma Yulinar', 'RPL XII-2', 'Cic 2', '2018-03-05', 1, 0, 0, 0, 0, '', NULL, NULL),
(587, '2017-2018', 'VI', '11504890', 'Fiqri Ihsan Kamil', 'RPL XII-2', 'Wik 2', '2018-03-05', 1, 0, 0, 0, 0, '', NULL, NULL),
(588, '2017-2018', 'VI', '11504903', 'Gema Novanto Rihad', 'RPL XII-2', 'Wik 2', '2018-03-05', 1, 0, 0, 0, 0, '', NULL, NULL),
(589, '2017-2018', 'VI', '11504915', 'Herlinda Rosa', 'RPL XII-2', 'Cic 5', '2018-03-05', 1, 0, 0, 0, 0, '', NULL, NULL),
(590, '2017-2018', 'VI', '11504927', 'Indri Dwi Rahmayanti', 'RPL XII-2', 'Wik 3', '2018-03-05', 1, 0, 0, 0, 0, '', NULL, NULL),
(591, '2017-2018', 'VI', '11504934', 'Ivan Sulistyo Suratno Putra', 'RPL XII-2', 'Taj 2', '2018-03-05', 1, 0, 0, 0, 0, '', NULL, NULL),
(592, '2017-2018', 'VI', '11504966', 'Muhamad Fahril Suhaemi', 'RPL XII-2', 'Cia 2', '2018-03-05', 1, 0, 0, 0, 0, '', NULL, NULL),
(593, '2017-2018', 'VI', '11505007', 'Muhamad Aziz', 'RPL XII-2', 'Cis 2', '2018-03-05', 1, 0, 0, 0, 0, '', NULL, NULL),
(594, '2017-2018', 'VI', '11505025', 'Muhamad Ragil Pratama', 'RPL XII-2', 'Suk 2', '2018-03-05', 1, 0, 0, 0, 0, '', NULL, NULL),
(595, '2017-2018', 'VI', '11505031', 'Muhamad Sahal', 'RPL XII-2', 'Taj 4', '2018-03-05', 1, 0, 0, 0, 0, '', NULL, NULL),
(596, '2017-2018', 'VI', '11505041', 'Muhamad Yusril Saputra', 'RPL XII-2', 'Cia 1', '2018-03-05', 1, 0, 0, 0, 0, '', NULL, NULL),
(597, '2017-2018', 'VI', '11505049', 'Muhammad Ashiddiq', 'RPL XII-2', 'Suk 2', '2018-03-05', 1, 0, 0, 0, 0, '', NULL, NULL),
(598, '2017-2018', 'VI', '11505061', 'Muhammad Indra Hasan', 'RPL XII-2', 'Cic 4', '2018-03-05', 1, 0, 0, 0, 0, '', NULL, NULL),
(599, '2017-2018', 'VI', '11505073', 'Muhammad Reiza Suryadisastra', 'RPL XII-2', 'Cis 2', '2018-03-05', 1, 0, 0, 0, 0, '', NULL, NULL),
(600, '2017-2018', 'VI', '11505075', 'Muhammad Rifqi Taufiqurrahman', 'RPL XII-2', 'Cis 3', '2018-03-05', 1, 0, 0, 0, 0, '', NULL, NULL),
(601, '2017-2018', 'VI', '11505082', 'Muhammad Satya Anggriansyah', 'RPL XII-2', 'Cia 2', '2018-03-05', 1, 0, 0, 0, 0, '', NULL, NULL),
(602, '2017-2018', 'VI', '11505090', 'Mukhlis Febriansyah', 'RPL XII-2', 'Cic 2', '2018-03-05', 1, 0, 0, 0, 0, '', NULL, NULL),
(603, '2017-2018', 'VI', '11505107', 'Nizma Rahmita', 'RPL XII-2', 'Cic 2', '2018-03-05', 1, 0, 0, 0, 0, '', NULL, NULL),
(604, '2017-2018', 'VI', '11505116', 'Nuha Lutfiah Riyadi', 'RPL XII-2', 'Suk 2', '2018-03-05', 1, 0, 0, 0, 0, '', NULL, NULL),
(605, '2017-2018', 'VI', '11505147', 'Randi Agus Revaldi', 'RPL XII-2', 'Cic 5', '2018-03-05', 1, 0, 0, 0, 0, '', NULL, NULL),
(606, '2017-2018', 'VI', '11505169', 'Risma Wandari Putri', 'RPL XII-2', 'Cis 6', '2018-03-05', 1, 0, 0, 0, 0, '', NULL, NULL),
(607, '2017-2018', 'VI', '11505185', 'Saadilah Mustari', 'RPL XII-2', 'Cib 1', '2018-03-05', 1, 0, 0, 0, 0, '', NULL, NULL),
(608, '2017-2018', 'VI', '11505194', 'Sandi Ramadhan', 'RPL XII-2', 'Cic 4', '2018-03-05', 1, 0, 0, 0, 0, '', NULL, NULL),
(609, '2017-2018', 'VI', '11505241', 'Supriatna Suhada Putra', 'RPL XII-2', 'Taj 2', '2018-03-05', 1, 0, 0, 0, 0, '', NULL, NULL),
(610, '2017-2018', 'VI', '11505263', 'Violita Eka Lestari', 'RPL XII-2', 'Cic 4', '2018-03-05', 1, 0, 0, 0, 0, '', NULL, NULL),
(611, '2017-2018', 'VI', '11505277', 'Yohanes Randy Kurnianto', 'RPL XII-2', 'Wik 1', '2018-03-05', 1, 0, 0, 0, 0, '', NULL, NULL),
(612, '2017-2018', 'VI', '11504716', 'Abdurrahman', 'RPL XII-3', 'Cia 1', '2018-03-05', 1, 0, 0, 0, 0, '', NULL, NULL),
(613, '2017-2018', 'VI', '11504719', 'Adam Pahmi Rizaldi', 'RPL XII-3', 'Wik 2', '2018-03-05', 1, 0, 0, 0, 0, '', NULL, NULL),
(614, '2017-2018', 'VI', '11504739', 'Aldi Oktaresi', 'RPL XII-3', 'Taj 4', '2018-03-05', 1, 0, 0, 0, 0, '', NULL, NULL),
(615, '2017-2018', 'VI', '11504748', 'Alwi Gunawan', 'RPL XII-3', 'Cic 1', '2018-03-05', 1, 0, 0, 0, 0, '', NULL, NULL),
(616, '2017-2018', 'VI', '11504774', 'Ari Aliansah', 'RPL XII-3', 'Cia 4', '2018-03-05', 1, 0, 0, 0, 0, '', NULL, NULL),
(617, '2017-2018', 'VI', '11504776', 'Ari Septyan Nurmawan', 'RPL XII-3', 'Cic 4', '2018-03-05', 1, 0, 0, 0, 0, '', NULL, NULL),
(618, '2017-2018', 'VI', '11504807', 'Chauzar Vanneeza', 'RPL XII-3', 'Cia 3', '2018-03-05', 1, 0, 0, 0, 0, '', NULL, NULL),
(619, '2017-2018', 'VI', '11504861', 'Elsa Yusiani Wibowo', 'RPL XII-3', 'Cis 6', '2018-03-05', 1, 0, 0, 0, 0, '', NULL, NULL),
(620, '2017-2018', 'VI', '11504870', 'Fahmi Mulyani', 'RPL XII-3', 'Cib 3', '2018-03-05', 1, 0, 0, 0, 0, '', NULL, NULL),
(621, '2017-2018', 'VI', '11504873', 'Fajar Firdaus', 'RPL XII-3', 'Taj 1', '2018-03-05', 1, 0, 0, 0, 0, '', NULL, NULL),
(622, '2017-2018', 'VI', '11504887', 'Fherdy Lianza', 'RPL XII-3', 'Cic 5', '2018-03-05', 1, 0, 0, 0, 0, '', NULL, NULL),
(623, '2017-2018', 'VI', '11504901', 'Galuh Jafar Sidiq', 'RPL XII-3', 'Cis 6', '2018-03-05', 1, 0, 0, 0, 0, '', NULL, NULL),
(624, '2017-2018', 'VI', '11504907', 'Hadi Muhammad Sunarya', 'RPL XII-3', 'Cib 1', '2018-03-05', 1, 0, 0, 0, 0, '', NULL, NULL),
(625, '2017-2018', 'VI', '11504958', 'Lutfi Maulana', 'RPL XII-3', 'Wik 3', '2018-03-05', 1, 0, 0, 0, 0, '', NULL, NULL),
(626, '2017-2018', 'VI', '11504961', 'Lyshaz Prahandiva', 'RPL XII-3', 'Cic 6', '2018-03-05', 1, 0, 0, 0, 0, '', NULL, NULL),
(627, '2017-2018', 'VI', '11504968', 'Muhamad Indra Supriadi', 'RPL XII-3', 'Cis 6', '2018-03-05', 1, 0, 0, 0, 0, '', NULL, NULL),
(628, '2017-2018', 'VI', '11505002', 'Muhamad Irfan Maulana', 'RPL XII-3', 'Cib 1', '2018-03-05', 1, 0, 0, 0, 0, '', NULL, NULL),
(629, '2017-2018', 'VI', '11505005', 'Muhammad Agung Jumadi', 'RPL XII-3', 'Cia 2', '2018-03-05', 1, 0, 0, 0, 0, '', NULL, NULL),
(630, '2017-2018', 'VI', '11505016', 'Muhamad Firdaus', 'RPL XII-3', 'Wik 4', '2018-03-05', 1, 0, 0, 0, 0, '', NULL, NULL),
(631, '2017-2018', 'VI', '11505026', 'Muhamad Ramdani', 'RPL XII-3', 'Cic 2', '2018-03-05', 1, 0, 0, 0, 0, '', NULL, NULL),
(632, '2017-2018', 'VI', '11505029', 'Muhammad Rifki Darmawan', 'RPL XII-3', 'Cia 4', '2018-03-05', 1, 0, 0, 0, 0, '', NULL, NULL),
(633, '2017-2018', 'VI', '11505045', 'Muhammad Agus Suryadi', 'RPL XII-3', 'Cia 2', '2018-03-05', 0, 0, 0, 1, 0, '', NULL, NULL),
(634, '2017-2018', 'VI', '11505056', 'Muhammad Feb Abnie', 'RPL XII-3', 'Cis 3', '2018-03-05', 1, 0, 0, 0, 0, '', NULL, NULL),
(635, '2017-2018', 'VI', '11505063', 'Muhammad Jonathan', 'RPL XII-3', 'Taj 1', '2018-03-05', 1, 0, 0, 0, 0, '', NULL, NULL),
(636, '2017-2018', 'VI', '11505065', 'Muhammad Lutfhi Akhdan', 'RPL XII-3', 'Cic 4', '2018-03-05', 1, 0, 0, 0, 0, '', NULL, NULL),
(637, '2017-2018', 'VI', '11505068', 'Muhammad Nur Alfi', 'RPL XII-3', 'Taj 4', '2018-03-05', 1, 0, 0, 0, 0, '', NULL, NULL),
(638, '2017-2018', 'VI', '11505071', 'Muhammad Ramdan', 'RPL XII-3', 'Cia 2', '2018-03-05', 0, 0, 1, 0, 0, '', NULL, NULL),
(639, '2017-2018', 'VI', '11505076', 'Muhammad Riyanda Nekhan', 'RPL XII-3', 'Cis 4', '2018-03-05', 1, 0, 0, 0, 0, '', NULL, NULL),
(640, '2017-2018', 'VI', '11505081', 'Muhammad Rozinul Miqdad', 'RPL XII-3', 'Wik 2', '2018-03-05', 1, 0, 0, 0, 0, '', NULL, NULL),
(641, '2017-2018', 'VI', '11505095', 'Nabila Nur Jayanti', 'RPL XII-3', 'Cic 5', '2018-03-05', 1, 0, 0, 0, 0, '', NULL, NULL),
(642, '2017-2018', 'VI', '11505105', 'Nesta Maulana', 'RPL XII-3', 'Suk 1', '2018-03-05', 1, 0, 0, 0, 0, '', NULL, NULL),
(643, '2017-2018', 'VI', '11505112', 'Novandiansyah', 'RPL XII-3', 'Cia 4', '2018-03-05', 1, 0, 0, 0, 0, '', NULL, NULL),
(644, '2017-2018', 'VI', '11505174', 'Rival Pramas Autia', 'RPL XII-3', 'Cic 1', '2018-03-05', 1, 0, 0, 0, 0, '', NULL, NULL),
(645, '2017-2018', 'VI', '11505175', 'Rivan Disahayyan', 'RPL XII-3', 'Cic 4', '2018-03-05', 1, 0, 0, 0, 0, '', NULL, NULL),
(646, '2017-2018', 'VI', '11505178', 'Rizaldy Sukma Perkasa', 'RPL XII-3', 'Cia 1', '2018-03-05', 1, 0, 0, 0, 0, '', NULL, NULL),
(647, '2017-2018', 'VI', '11505193', 'Salman Muhammad Ichsan', 'RPL XII-3', 'Cib 2', '2018-03-05', 1, 0, 0, 0, 0, '', NULL, NULL),
(648, '2017-2018', 'VI', '11505207', 'Sherline Marceline Cendana', 'RPL XII-3', 'Cic 6', '2018-03-05', 1, 0, 0, 0, 0, '', NULL, NULL),
(649, '2017-2018', 'VI', '11505220', 'Siti Hildayati', 'RPL XII-3', 'Cia 1', '2018-03-05', 1, 0, 0, 0, 0, '', NULL, NULL),
(650, '2017-2018', 'VI', '11505269', 'Wanda Oktapiani', 'RPL XII-3', 'Cia 1', '2018-03-05', 1, 0, 0, 0, 0, '', NULL, NULL);

-- --------------------------------------------------------

--
-- Table structure for table `tbl_izin_siswa`
--

CREATE TABLE IF NOT EXISTS `tbl_izin_siswa` (
  `id_izin` int(11) NOT NULL AUTO_INCREMENT,
  `tahun_pelajaran` varchar(9) NOT NULL,
  `semester` varchar(3) NOT NULL,
  `jenis_izin` varchar(20) NOT NULL,
  `tgl_izin` date NOT NULL,
  `waktu` timestamp NOT NULL DEFAULT CURRENT_TIMESTAMP ON UPDATE CURRENT_TIMESTAMP,
  `keperluan` text NOT NULL,
  `nis` varchar(8) NOT NULL,
  `nama` varchar(100) NOT NULL,
  `rombel` varchar(9) NOT NULL,
  `kode_rayon` varchar(5) NOT NULL,
  `id_pegawai` varchar(12) NOT NULL,
  `pj_izin` varchar(100) NOT NULL,
  `tgl_update` timestamp NULL DEFAULT NULL,
  `user_update` varchar(50) DEFAULT NULL,
  PRIMARY KEY (`id_izin`),
  KEY `nis` (`nis`),
  KEY `kode_rayon` (`kode_rayon`),
  KEY `id_pegawai` (`id_pegawai`)
) ENGINE=InnoDB  DEFAULT CHARSET=latin1 AUTO_INCREMENT=9 ;

--
-- Dumping data for table `tbl_izin_siswa`
--

INSERT INTO `tbl_izin_siswa` (`id_izin`, `tahun_pelajaran`, `semester`, `jenis_izin`, `tgl_izin`, `waktu`, `keperluan`, `nis`, `nama`, `rombel`, `kode_rayon`, `id_pegawai`, `pj_izin`, `tgl_update`, `user_update`) VALUES
(1, '2017-2018', 'VI', 'PULANG MALAM', '2018-03-04', '2018-03-04 07:30:59', 'Ngaji Tajwid', '11505026', 'Muhamad Ramdani', 'RPL XII-3', 'Cic 2', 'PRW025121999', 'Fandy Septiana', NULL, NULL),
(2, '2017-2018', 'VI', 'IZIN KELUAR', '2018-03-04', '2018-03-04 08:19:49', 'Fotocopy Modul Matematik', '11505065', 'Muhammad Lutfhi Akhdan', 'RPL XII-3', 'Cic 4', 'PRW025121999', 'Muhammad Ramdan', NULL, NULL),
(3, '2017-2018', 'VI', 'PULANG MALAM', '2018-03-04', '2018-03-04 08:21:36', 'Pengayaan Tambahan Matematik', '11505290', 'Zaenul Fahri', 'RPL XII-1', 'Cia 3', 'PRW025121999', 'Kiki Rizky, S.Ak', NULL, NULL),
(4, '2017-2018', 'VI', 'PULANG MALAM', '2018-03-04', '2018-03-04 08:22:05', 'Main Futsal', '11505068', 'Muhammad Nur Alfi', 'RPL XII-3', 'Taj 4', 'PRW025121999', 'Nur Jalil, S.Pd', NULL, NULL),
(5, '2017-2018', 'VI', 'IZIN KELUAR', '2018-03-04', '2018-03-04 08:22:52', 'Ke Dokter ,Cek Mata', '11505207', 'Sherline Marceline Cendana', 'RPL XII-3', 'Cic 6', 'PRW025121999', 'Tri Wahyuni, S.Pd', NULL, NULL),
(6, '2017-2018', 'VI', 'IZIN KELUAR', '2018-03-04', '2018-03-04 08:24:52', 'Ambil formulir SNMPTN ', '11505016', 'Muhamad Firdaus', 'RPL XII-3', 'Wik 4', 'PRW025121999', 'Reza', NULL, NULL),
(8, '2017-2018', 'VI', 'PULANG MALAM', '2018-03-04', '2018-03-04 10:35:48', 'Belajar Tambahan Android', '11505071', 'Muhammad Ramdan', 'RPL XII-3', 'Cia 2', 'PRW025121999', 'Fandy Septiana', NULL, NULL);

-- --------------------------------------------------------

--
-- Table structure for table `tbl_kinerja_siswa`
--

CREATE TABLE IF NOT EXISTS `tbl_kinerja_siswa` (
  `id_kinerja` bigint(20) NOT NULL AUTO_INCREMENT,
  `tahun_pelajaran` varchar(9) NOT NULL,
  `semester` varchar(3) NOT NULL,
  `nis` varchar(8) NOT NULL,
  `nama` varchar(100) NOT NULL,
  `rombel` varchar(9) NOT NULL,
  `kode_rayon` varchar(5) NOT NULL,
  `kode_kinerja` varchar(10) NOT NULL,
  `kelompok_kinerja` varchar(10) NOT NULL,
  `skor_p` int(3) NOT NULL,
  `skor_r` int(3) NOT NULL,
  `tgl_kejadian` date NOT NULL,
  `saksi` varchar(20) NOT NULL,
  `tgl_update` timestamp NULL DEFAULT NULL ON UPDATE CURRENT_TIMESTAMP,
  `user_update` varchar(50) DEFAULT NULL,
  PRIMARY KEY (`id_kinerja`),
  KEY `nis` (`nis`),
  KEY `kode_rayon` (`kode_rayon`),
  KEY `kode_kinerja` (`kode_kinerja`)
) ENGINE=InnoDB  DEFAULT CHARSET=latin1 AUTO_INCREMENT=21 ;

--
-- Dumping data for table `tbl_kinerja_siswa`
--

INSERT INTO `tbl_kinerja_siswa` (`id_kinerja`, `tahun_pelajaran`, `semester`, `nis`, `nama`, `rombel`, `kode_rayon`, `kode_kinerja`, `kelompok_kinerja`, `skor_p`, `skor_r`, `tgl_kejadian`, `saksi`, `tgl_update`, `user_update`) VALUES
(1, '2017-2018', 'VI', '11504739', 'Aldi Oktaresi', 'RPL XII-3', 'Taj 4', 'P1.1', 'PUNISHMENT', 250, 0, '2018-03-02', 'Tri Wahyuni, S.Pd', NULL, NULL),
(2, '2017-2018', 'VI', '11505006', 'Muhamad Al-Fahasyim', 'RPL XII-1', 'Cic 5', 'P1.1', 'PUNISHMENT', 250, 0, '2018-03-02', 'Budiono, S.Pd', NULL, NULL),
(3, '2017-2018', 'VI', '11404587', 'Rizal Darmawan Supendi', 'TKJ XII-2', 'Wik 2', 'P1.8', 'PUNISHMENT', 750, 0, '2018-03-02', 'Nur Jalil, S.Pd', NULL, NULL),
(4, '2017-2018', 'VI', '11504802', 'Bayu Maulana Ramdhan', 'MMD XII-1', 'Cic 4', 'P1.1', 'PUNISHMENT', 250, 0, '2018-03-02', 'Amri, S.Pd', NULL, NULL),
(5, '2017-2018', 'VI', '11504802', 'Bayu Maulana Ramdhan', 'MMD XII-1', 'Cic 4', 'P1.5', 'PUNISHMENT', 50, 0, '2018-03-02', 'Budiono, S.Pd', NULL, NULL),
(6, '2017-2018', 'VI', '11504802', 'Bayu Maulana Ramdhan', 'MMD XII-1', 'Cic 4', 'P13.2', 'PUNISHMENT', 50, 0, '2018-03-02', 'Muhammad Ridwan', '2018-03-04 09:03:34', NULL),
(7, '2017-2018', 'VI', '11505071', 'Muhammad Ramdan', 'RPL XII-3', 'Cia 2', 'H12.4', 'REWARD', 0, 500, '2018-03-04', 'Fandy Septiana', NULL, NULL),
(8, '2017-2018', 'VI', '11505071', 'Muhammad Ramdan', 'RPL XII-3', 'Cia 2', 'H12.4', 'REWARD', 0, 500, '2018-03-04', 'Budiono, S.Pd', NULL, NULL),
(9, '2017-2018', 'VI', '11505071', 'Muhammad Ramdan', 'RPL XII-3', 'Cia 2', 'H1.6', 'REWARD', 0, 100, '2018-03-04', 'Amri, S.Pd', NULL, NULL),
(10, '2017-2018', 'VI', '11505081', 'Muhammad Rozinul Miqdad', 'RPL XII-3', 'Wik 2', 'H10.3', 'REWARD', 0, 100, '2018-03-04', 'Budiono, S.Pd', NULL, NULL),
(11, '2017-2018', 'VI', '11505081', 'Muhammad Rozinul Miqdad', 'RPL XII-3', 'Wik 2', 'H13.4', 'REWARD', 0, 75, '2018-03-04', 'Budiono, S.Pd', NULL, NULL),
(12, '2017-2018', 'VI', '11505065', 'Muhammad Lutfhi Akhdan', 'RPL XII-3', 'Cic 4', 'H11', 'REWARD', 0, 100, '2018-03-04', 'Amri, S.Pd', NULL, NULL),
(13, '2017-2018', 'VI', '11505068', 'Muhammad Nur Alfi', 'RPL XII-3', 'Taj 4', 'H12.3', 'REWARD', 0, 250, '2018-03-04', 'Kiki Rizky, S.Ak', NULL, NULL),
(14, '2017-2018', 'VI', '11505016', 'Muhamad Firdaus', 'RPL XII-3', 'Wik 4', 'H5.4', 'REWARD', 0, 100, '2018-03-04', 'Tri Wahyuni, S.Pd', NULL, NULL),
(15, '2017-2018', 'VI', '11505016', 'Muhamad Firdaus', 'RPL XII-3', 'Wik 4', 'H18.6', 'REWARD', 0, 25, '2018-03-04', 'Muslih, S.Kom', NULL, NULL),
(16, '2017-2018', 'VI', '11505207', 'Sherline Marceline Cendana', 'RPL XII-3', 'Cic 6', 'H2.1', 'REWARD', 0, 150, '2018-03-04', 'Reza', NULL, NULL),
(17, '2017-2018', 'VI', '11504802', 'Bayu Maulana Ramdhan', 'MMD XII-1', 'Cic 4', 'P4.11', 'PUNISHMENT', 250, 0, '2018-03-04', 'Reza', NULL, NULL),
(19, '2017-2018', 'VI', '11505071', 'Muhammad Ramdan', 'RPL XII-3', 'Cia 2', 'P4.1', 'PUNISHMENT', 10, 0, '2018-03-04', 'GDN', NULL, NULL),
(20, '2017-2018', 'VI', '11505002', 'Muhamad Irfan Maulana', 'RPL XII-3', 'Cib 1', 'P1.1', 'PUNISHMENT', 250, 0, '2018-03-07', 'Nur Jalil, S.Pd', NULL, NULL);

-- --------------------------------------------------------

--
-- Table structure for table `tbl_pegawai`
--

CREATE TABLE IF NOT EXISTS `tbl_pegawai` (
  `nip` varchar(15) NOT NULL,
  `nama` varchar(100) NOT NULL,
  `jk` varchar(1) NOT NULL,
  `alamat` text,
  `no_telepon` varchar(15) DEFAULT NULL,
  `email` varchar(100) DEFAULT NULL,
  `kelompok` varchar(15) DEFAULT NULL,
  `status_kepegawaian` varchar(3) DEFAULT NULL,
  `hak_akses` varchar(20) DEFAULT NULL,
  `password` varchar(50) DEFAULT NULL,
  `foto` varchar(255) DEFAULT NULL,
  `tgl_update` timestamp NULL DEFAULT NULL,
  `user_update` varchar(50) DEFAULT NULL,
  PRIMARY KEY (`nip`)
) ENGINE=InnoDB DEFAULT CHARSET=latin1;

--
-- Dumping data for table `tbl_pegawai`
--

INSERT INTO `tbl_pegawai` (`nip`, `nama`, `jk`, `alamat`, `no_telepon`, `email`, `kelompok`, `status_kepegawaian`, `hak_akses`, `password`, `foto`, `tgl_update`, `user_update`) VALUES
('PRW000234231', 'Iin Mulyani, S.Si', 'P', 'Bogor', '12312312', 'iinmulyani@gmail.com', 'Guru', 'GTY', 'kepala sekolah', '', '', '0000-00-00 00:00:00', NULL),
('PRW025121999', 'Muhammad Ramdan', 'L', 'Kp.Sukabirus RT 02/01 Desa Sukamahi Kec.Megamendung Kab.Bogor Prov.Jawa Tengah', '085817725512', 'ramdanzidun@gmail.com', 'guru', 'GTY', 'piket', 'zidun123', 'vector zidun.png', '0000-00-00 00:00:00', NULL),
('PRW050101025', 'Muhammad Ridwan', 'L', 'Wangun Bogor', '081234123532', 'muhammadridwa@smkwikrama.sch.id', 'guru', 'GTY', 'piket', 'piket123', 'DD LOGO.jpg', NULL, NULL),
('PRW050400015', 'Muslih, S.Kom', 'L', 'Jl. Raya wangun kel.sindangsaroi kec.bogor timur kota bogor ', '08123456789', 'muslihids@gmail.com', 'guru', 'GTY', NULL, 'muslih123', '', '2017-12-25 02:21:22', NULL),
('PRW050400070', 'Kiki Rizky, S.Ak', 'P', 'Tajur Bogor', '088333876488', 'kikirizky@swkwikrama.sch.id', 'guru', 'GTY', NULL, 'kiki123', '', '2017-12-25 00:00:36', NULL),
('PRW050400080', 'Amri, S.Pd', 'L', 'Cicurug Kab.Sukabumi', '08888876488', 'amri@swkwikrama.sch.id', 'guru', 'GTY', NULL, 'amri123', '', '2017-12-25 00:01:13', NULL),
('PRW050400089', 'Nur Jalil, S.Pd', 'L', 'Wangun bogor', '0845688768', 'nurjalil@swkwikrama.sch.id', 'guru', 'GTY', NULL, 'jalil123', '', '2017-12-25 00:00:36', NULL),
('PRW050400092', 'Budiono, S.Pd', 'L', 'Kota Bogor', '081287349342', 'budiono@swkwikrama.sch.id', 'guru', 'GTY', 'kesiswaan', 'piket123', 'logowk.png', '2017-12-25 00:00:36', NULL),
('PRW05040100', 'Tri Wahyuni, S.Pd', 'P', 'Wangun Bogor', '08458876488', 'triwahyuni@swkwikrama.sch.id', 'guru', 'GTY', NULL, 'triw123', '', '2017-12-25 00:00:36', NULL),
('PRW090400120', 'Agus Listianto', 'L', 'Ciawi Bogor', '0838126488', 'aguslis@swkwikrama.sch.id', 'staf', 'STY', NULL, 'aguslisi123', '', '2017-12-25 00:00:36', NULL),
('PRW150400097', 'Sihab Odoy', 'L', 'Tasikmalaya', '08765854488', 'odoy@swkwikrama.sch.id', 'staf', 'STT', NULL, 'odoy123', '', '2017-12-25 00:00:36', NULL),
('PRW170400130', 'Fandy Septiana', 'L', 'cisarua Bogor', '081283874488', 'fandy@swkwikrama.sch.id', 'guru', 'GTT', NULL, 'fandy123', '', '2017-12-25 00:00:36', NULL),
('PRW2342323', 'Reza', 'L', 'Bogor', '121312', 'reza@smkwikrama.sch.id', 'staf', 'STY', 'piket', 'reza123', 'vector zidun.png', '0000-00-00 00:00:00', NULL);

-- --------------------------------------------------------

--
-- Table structure for table `tbl_pembimbing`
--

CREATE TABLE IF NOT EXISTS `tbl_pembimbing` (
  `id_pembimbing` int(11) NOT NULL AUTO_INCREMENT,
  `tahun_pelajaran` varchar(9) NOT NULL,
  `nip` varchar(12) NOT NULL,
  `pembimbing` varchar(100) NOT NULL,
  `kode_rayon` varchar(5) NOT NULL,
  `ruangan` varchar(10) NOT NULL,
  `tgl_update` timestamp NULL DEFAULT NULL,
  `user_update` varchar(50) DEFAULT NULL,
  PRIMARY KEY (`id_pembimbing`),
  KEY `kode_rayon` (`kode_rayon`),
  KEY `nip` (`nip`)
) ENGINE=InnoDB DEFAULT CHARSET=latin1 AUTO_INCREMENT=1 ;

-- --------------------------------------------------------

--
-- Table structure for table `tbl_poin_kinerja`
--

CREATE TABLE IF NOT EXISTS `tbl_poin_kinerja` (
  `kode_kinerja` varchar(10) NOT NULL,
  `nama_kinerja` text NOT NULL,
  `kelompok_kinerja` varchar(10) NOT NULL,
  `skor1` int(3) DEFAULT NULL,
  `skor2` int(3) DEFAULT NULL,
  `skor3` int(3) DEFAULT NULL,
  `tgl_update` timestamp NULL DEFAULT NULL,
  `user_update` varchar(50) DEFAULT NULL,
  PRIMARY KEY (`kode_kinerja`)
) ENGINE=InnoDB DEFAULT CHARSET=latin1;

--
-- Dumping data for table `tbl_poin_kinerja`
--

INSERT INTO `tbl_poin_kinerja` (`kode_kinerja`, `nama_kinerja`, `kelompok_kinerja`, `skor1`, `skor2`, `skor3`, `tgl_update`, `user_update`) VALUES
('H1.1', 'Sebagai imam sholat fardhu secara rutin', 'REWARD', 100, 100, 100, NULL, NULL),
('H1.2', 'Melaksanakan sholat fardhu secara berjamaah secara rutin', 'REWARD', 50, 50, 50, NULL, NULL),
('H1.3', 'Menjadi ketua kelompok Shalat Jumat secara rutin', 'REWARD', 100, 100, 100, NULL, NULL),
('H1.5', 'Berpuasa sunat (Senin-Kamis secara rutin, syawa'', dll)', 'REWARD', 100, 100, 100, NULL, NULL),
('H1.6', 'Melaksanakan sholat Tahajud secara rutin', 'REWARD', 100, 100, 100, NULL, NULL),
('H1.7', 'Melaksanakan sholat Dhuha secara rutin', 'REWARD', 100, 100, 100, NULL, NULL),
('H10.1', 'Mengikuti kegiatan Latihan Dasar Kepemimpinan Siswa', 'REWARD', 150, 150, 150, NULL, NULL),
('H10.2', 'Menjadi petugas upacara sebagai selain pengibar bendera', 'REWARD', 75, 75, 75, NULL, NULL),
('H10.3', 'Menjadi inovator dalam bidang kebangsaan, semangat kejuangan, seni dan budaya, dan IPTEK', 'REWARD', 100, 100, 100, NULL, NULL),
('H11', 'Menjadi petugas upacara sebagai pengibar bendera', 'REWARD', 100, 100, 100, NULL, NULL),
('H12.1', 'Menjadi peserta perlombaan/kegiatan lainnya mewakili sekolah', 'REWARD', 100, 100, 100, NULL, NULL),
('H12.2', 'Menjadi juara di tingkat kota', 'REWARD', 150, 150, 150, NULL, NULL),
('H12.3', 'Menjadi juara di tingkat provinsi', 'REWARD', 250, 250, 250, NULL, NULL),
('H12.4', 'Menjadi juara di tingkat nasional', 'REWARD', 500, 500, 500, NULL, NULL),
('H13.1', 'Menjadi pengurus OSIS selama satu periode', 'REWARD', 100, 100, 100, NULL, NULL),
('H13.2', 'Menjadi pengurus DA selama satu periode', 'REWARD', 100, 100, 100, NULL, NULL),
('H13.3', 'Menjadi pengurus UKS/Anggota PMR selama satu periode', 'REWARD', 100, 100, 100, NULL, NULL),
('H13.4', 'Menjadi pengurus Rayon/Rombel', 'REWARD', 75, 75, 75, NULL, NULL),
('H13.5', 'Menjadi event organizer di sekolah', 'REWARD', 75, 75, 75, NULL, NULL),
('H13.9', 'Menjadi sukarelawan petugas GDS selama 4 minggu berturut-turut', 'REWARD', 50, 50, 50, NULL, NULL),
('H17.1', 'Menjadi sukarelawan bila terjadi bencana alam di lingkungan sekolah ataupun di luar lingkungan sekolah', 'REWARD', 100, 100, 100, NULL, NULL),
('H17.2', 'Menjadi KKR (peer counselor) dengan baik selama 9 minggu', 'REWARD', 100, 100, 100, NULL, NULL),
('H18.1', 'Tidak pernah melanggar tata tertib minimal selama 9 minggu berturut-turut\r\n\r\n', 'REWARD', 50, 50, 50, NULL, NULL),
('H18.2', 'Tidak pernah melanggar tata tertib minimal selama 18 minggu berturut-turut', 'REWARD', 75, 75, 75, NULL, NULL),
('H18.3', 'Tidak pernah melanggar tata tertib minimal selama 27 minggu berturut-turut', 'REWARD', 100, 100, 100, NULL, NULL),
('H18.4', 'Tidak pernah melanggar tata tertib minimal selama 36 minggu berturut-turut', 'REWARD', 150, 150, 150, NULL, NULL),
('H18.5', 'Peserta Didik telah membaca 3 buku dalam waktu 4 bulan', 'REWARD', 30, 30, 30, NULL, NULL),
('H18.6', 'Mengunjungi teman sakit/takjiah/sholat gaib', 'REWARD', 25, 25, 25, NULL, NULL),
('H18.7', 'Siswa memberikan sumbangan', 'REWARD', 150, 150, 150, NULL, NULL),
('H18.8', 'Selalu melaksanakan kumpul rayon/piket rayon/piket WC/CBT selama 4 minggu berturut-turut', 'REWARD', 40, 40, 40, NULL, NULL),
('H2.1', 'Mengembalikan Barang Yang Hilang', 'REWARD', 150, 150, 150, NULL, NULL),
('H2.2', 'Menjadi saksi yang dapat dipercaya kebenarannya', 'REWARD', 100, 100, 100, NULL, NULL),
('H2.3', 'Melaporkan tindakan negatif yang dilakukan oleh orang lain ke pihak yang berwenang', 'REWARD', 100, 100, 100, NULL, NULL),
('H5.1', 'Aktif Dikelas selama 4 minggu berturut-turut', 'REWARD', 50, 50, 50, NULL, NULL),
('H5.2', 'Aktif melaksanakan belajar kelompok selama 4 minggu', 'REWARD', 50, 50, 50, NULL, NULL),
('H5.3', 'Menjadi ketua dalam kelompok belajar selama 4 minggu', 'REWARD', 50, 50, 50, NULL, NULL),
('H5.4', 'Mampu menaikan prestasi akademis anggotanya', 'REWARD', 100, 100, 100, NULL, NULL),
('H5.5', 'Mampu menghasilkan omset tertinggi pada kegiatan kewirausahaan sekolah di rayon', 'REWARD', 100, 100, 100, NULL, NULL),
('H5.6', 'Menjadi asisten pembelajaran di kelas dengan baik selama 9 minggu', 'REWARD', 100, 100, 100, NULL, NULL),
('H5.7', 'Berpartisipasi aktif pada kegiatan sekolah', 'REWARD', 25, 25, 25, NULL, NULL),
('H6.1', 'Menghasilkan hasil karya yang bermanfaat bagi pembelajaran di lingkungan sekolah dan umum', 'REWARD', 100, 100, 100, NULL, NULL),
('H6.2', 'Memberikan ide yang dapat menambah nilai ekonomis', 'REWARD', 100, 100, 100, NULL, NULL),
('H6.3', 'Memberikan ide yang dapat mengatasi masalah lingkungan', 'REWARD', 100, 100, 100, NULL, NULL),
('P1.1', 'Tidak sholat 5 waktu, bagi yang muslim dan tidak mengikuti khotbah Minggu di gereja bagi non muslim', 'PUNISHMENT', 250, 500, 750, NULL, NULL),
('P1.2', 'Tidak sholat Jumat bagi peserta didik laki-laki', 'PUNISHMENT', 50, 75, 100, NULL, NULL),
('P1.3', 'Tidak hadir pada kegiatan SANLAT tanpa sebab yang rasional', 'PUNISHMENT', 25, 25, 25, NULL, NULL),
('P1.4', 'Tidak hadir pengajian malam Jumat/Sabtu, tanpa sebab yang rasional', 'PUNISHMENT', 10, 15, 20, NULL, NULL),
('P1.5', 'Tidak hadir dalam peringatan HBI/HBN tanpa sebab yang rasional', 'PUNISHMENT', 50, 75, 100, NULL, NULL),
('P1.6', 'Terlambat mengikuti sholat dhuda bersama tanpa alasan yang jelas dan rasional', 'PUNISHMENT', 5, 5, 5, NULL, NULL),
('P1.7', 'Berbuat asusila/pelecehan seksual/mesum/homoseksual', 'PUNISHMENT', 250, 500, 750, NULL, NULL),
('P1.8', 'Terbukti hamil atau menghamili/terbukti sudah menikah', 'PUNISHMENT', 750, 750, 750, NULL, NULL),
('P10.1', 'Menjadi provokator dan atau memprovokasi baik di dalam maupun di luar lingkungan sekolah', 'PUNISHMENT', 750, 750, 750, NULL, NULL),
('P11.1', 'Tidak hidmat dalam mengikuti upacara/menyanyikan lagu wajib nasional', 'PUNISHMENT', 25, 50, 75, NULL, NULL),
('P13.1', 'Tudak mengindahkan etika pergaulan', 'PUNISHMENT', 10, 20, 25, NULL, NULL),
('P13.2', 'Melawan guru/asisten/laboran/orangtua', 'PUNISHMENT', 50, 100, 150, NULL, NULL),
('P14.1', 'Melakukan ancaman kepada orang lain secara lisan ataupun tulisan', 'PUNISHMENT', 75, 100, 125, NULL, NULL),
('P14.2', 'Melakukan pemerasaan terhadap orang lain', 'PUNISHMENT', 100, 150, 250, NULL, NULL),
('P14.3', 'Tawuran atau berkelahi di dalam dan atau diluar lingkungan sekolah', 'PUNISHMENT', 750, 750, 750, NULL, NULL),
('P14.4', 'Menggangu proses KBM', 'PUNISHMENT', 15, 20, 25, NULL, NULL),
('P18.1', 'Mencemarkan nama baik sekolah', 'PUNISHMENT', 500, 750, 750, NULL, NULL),
('P18.2', 'Mangkir dari kumpul rayon/piket rayon/piket WC/CBT', 'PUNISHMENT', 10, 15, 15, NULL, NULL),
('P18.3', 'Tidak membersihkan /merapikan/menyimpan/ kembali ruangan atau sarana sekolah yang telah dipakai', 'PUNISHMENT', 15, 25, 50, NULL, NULL),
('P18.4', 'Tidak mengganti barang milik sekolah yang dihilangkan', 'PUNISHMENT', 100, 100, 150, NULL, NULL),
('P18.5', 'Tidak mengikuti latihan pramuka/UPD/Senbud tanpa alasan yang jelas dan rasional', 'PUNISHMENT', 10, 20, 25, NULL, NULL),
('P18.6', 'Tertidur saat KBM', 'PUNISHMENT', 15, 20, 25, NULL, NULL),
('P2.1', 'Mencuri', 'PUNISHMENT', 750, 750, 750, NULL, NULL),
('P2.2', 'Pembayaran transaksi jual beli tidak sesuai (curang)', 'PUNISHMENT', 50, 50, 50, NULL, NULL),
('P2.3', 'Memberikan keterangan palsu', 'PUNISHMENT', 50, 50, 50, NULL, NULL),
('P2.4', 'Mencotek dan/ berlaku curang', 'PUNISHMENT', 20, 25, 30, NULL, NULL),
('P2.5', 'Tidak membayarkan uang (SPP,dll) yang dititipkan ortu kepada pihak yang berhak', 'PUNISHMENT', 50, 50, 75, NULL, NULL),
('P2.6', 'Tidak menyampaikan pesan/surat yang diberikan oleh sekolah/guru kpd ortu/wali', 'PUNISHMENT', 15, 20, 25, NULL, NULL),
('P2.7', 'Menitipkan HP/Kendaraan bermotor/barang lainnya dirumah warga diluar lingkungan sekolah', 'PUNISHMENT', 100, 150, 150, NULL, NULL),
('P3.1', 'Mencemooh/menghina/mengejek/bullying dan berkata kasar terhadap orang lain terkait agama,suku,etnnis, dan penampilan seseorang', 'PUNISHMENT', 50, 75, 100, NULL, NULL),
('P3.2', 'Menggangu pelaksanaan ibadah', 'PUNISHMENT', 100, 250, 500, NULL, NULL),
('P3.3', 'Mencemooh/menghina/mengejek pendapat,sikap,tindakan dan penampilan seseorang dan bercanda berlebihan', 'PUNISHMENT', 30, 50, 70, NULL, NULL),
('P4.1', 'Terlambat hadir di sekolah/ kelas', 'PUNISHMENT', 10, 15, 15, NULL, NULL),
('P4.10', 'Merusak sarana dan prasarana di sekolah dan tempat-tempat umum', 'PUNISHMENT', 100, 150, 250, NULL, NULL),
('P4.11', 'Membawa / merokok di lingkungan sekolah atau diluar lingkungan sekolah', 'PUNISHMENT', 250, 500, 750, NULL, NULL),
('P4.12', 'Membawa/menggunakan/memperjual belikan obat/narkotika/minuman keras', 'PUNISHMENT', 750, 750, 750, NULL, NULL),
('P4.13', 'Berpakaian/Nametag tidak sesuai dengan ketentuan', 'PUNISHMENT', 10, 15, 20, NULL, NULL),
('P4.14', 'Menggunakan 1/2 leher (kacu) ketika berolahraga', 'PUNISHMENT', 10, 15, 20, NULL, NULL),
('P4.15', 'Rambut dan atau kuku panjang,rambut dicat/diberi pewarna,kuku panjang diberi pewarna', 'PUNISHMENT', 20, 25, 35, NULL, NULL),
('P4.16', 'Tidak membawa tempat makan/minum yang bisa digunakan kembali (Reuse)', 'PUNISHMENT', 5, 10, 15, NULL, NULL),
('P4.17', 'Makan di kelas pada saat KBM dan istirahat', 'PUNISHMENT', 10, 25, 75, NULL, NULL),
('P4.18', 'Melakukan kegiatan diluar lingkungan sekolah selai shalat Jumat atau kegiatan resmi sekolah', 'PUNISHMENT', 25, 50, 75, NULL, NULL),
('P4.19', 'Membolos atau dari rumah berangkat tapi tidak hadir di sekolah', 'PUNISHMENT', 35, 40, 50, NULL, NULL),
('P4.2', 'Terlambat menyerahkan tugas sekolah', 'PUNISHMENT', 20, 25, 30, NULL, NULL),
('P4.20', 'Meninggalkan kelas pada saat KBM tanpa izin guru', 'PUNISHMENT', 25, 30, 35, NULL, NULL),
('P4.21', 'Makan atau minum sambil berjalan di jalan umum', 'PUNISHMENT', 25, 30, 35, NULL, NULL),
('P4.22', 'Membawa HP di sekolah', 'PUNISHMENT', 100, 150, 250, NULL, NULL),
('P4.23', 'Membawa benda yang tidak berkaitan dengan KBM dan membahayakan secara sosial', 'PUNISHMENT', 50, 100, 150, NULL, NULL),
('P4.24', 'Tidak mengikuti upacara tanpa sebab yang rasional', 'PUNISHMENT', 50, 100, 100, NULL, NULL),
('P4.25', 'Memutar film tidak terkait dengan KBM', 'PUNISHMENT', 25, 50, 100, NULL, NULL),
('P4.26', 'Melanggar petunjuk arah jalan tangga', 'PUNISHMENT', 5, 10, 15, NULL, NULL),
('P4.3', 'Tidak memberi kabar ketika tidak hadir di sekolah dalam waktu 2 hari akan dialpakan', 'PUNISHMENT', 20, 25, 30, NULL, NULL),
('P4.4', 'Parkir dengan tidak tertib', 'PUNISHMENT', 20, 25, 30, NULL, NULL),
('P4.5', 'Tidak membawa Buku Kejar Prestasi', 'PUNISHMENT', 10, 20, 30, NULL, NULL),
('P4.6', 'Tidak melaksanakan tugas yang diberikan oleh sekolah/Bapak/Ibu guru', 'PUNISHMENT', 15, 20, 25, NULL, NULL),
('P4.7', 'Tidak membawa perlengkapan sekolah sesuai dengan kebutuhan', 'PUNISHMENT', 15, 20, 25, NULL, NULL),
('P4.8', 'Melanggar tata tertib lalu-lintas', 'PUNISHMENT', 25, 35, 50, NULL, NULL),
('P4.9', 'Membuang sampah tidak ditempatnya atau tidak sesuai dengan klasifikasi sampah yang sudah ditentukan', 'PUNISHMENT', 25, 30, 35, NULL, NULL),
('P5.1', 'Tidak hadir/melaksanakan belajar kelompok tanpa alasan yang jelas dan rasional', 'PUNISHMENT', 15, 20, 25, NULL, NULL),
('P5.2', 'Tidak mengerjakan tugas kelompok', 'PUNISHMENT', 25, 30, 35, NULL, NULL),
('P5.3', 'Melaksanakan latihan di paperless dengan tidak sesuai ketentuan', 'PUNISHMENT', 25, 35, 50, NULL, NULL),
('P7.1', 'Menyuruh orang lain untuk mengerjakan tugas pribadi', 'PUNISHMENT', 30, 40, 50, NULL, NULL),
('P8.1', 'Tidak terlibat dalam kerja kelompok', 'PUNISHMENT', 25, 30, 35, NULL, NULL),
('P9.1', 'Membuka situs yang dilarang', 'PUNISHMENT', 250, 500, 750, NULL, NULL),
('P9.2', 'Main game/film saat menggunakan seragam sekolah', 'PUNISHMENT', 50, 75, 100, NULL, NULL),
('P9.3', 'Membawa buku, majalah, VCD atau berupa file terlarang/porno, Judi/Taruhan', 'PUNISHMENT', 250, 500, 750, NULL, NULL),
('P9.4', 'memperjualbelikan/menggandakan buku/majalah/file/CD porno', 'PUNISHMENT', 750, 750, 750, NULL, NULL),
('P9.5', 'Membuka dan menggunakan facebook dan e-mail tanpa seijin guru pada saat jam sekolah', 'PUNISHMENT', 50, 75, 100, NULL, NULL),
('P9.6', 'Melakukan cyber crime seperti : Hacker dan Cracker', 'PUNISHMENT', 750, 750, 750, NULL, NULL);

-- --------------------------------------------------------

--
-- Table structure for table `tbl_rayon`
--

CREATE TABLE IF NOT EXISTS `tbl_rayon` (
  `kode_rayon` varchar(5) NOT NULL,
  `rayon` varchar(20) NOT NULL,
  `tgl_update` timestamp NULL DEFAULT NULL,
  `user_update` varchar(50) DEFAULT NULL,
  PRIMARY KEY (`kode_rayon`)
) ENGINE=InnoDB DEFAULT CHARSET=latin1;

--
-- Dumping data for table `tbl_rayon`
--

INSERT INTO `tbl_rayon` (`kode_rayon`, `rayon`, `tgl_update`, `user_update`) VALUES
('Cia 1', 'Ciawi 1', '0000-00-00 00:00:00', NULL),
('Cia 2', 'Ciawi 2', NULL, NULL),
('Cia 3', 'Ciawi 3', '0000-00-00 00:00:00', NULL),
('Cia 4', 'Ciawi 4', '0000-00-00 00:00:00', NULL),
('Cia 5', 'Ciawi 5', '0000-00-00 00:00:00', NULL),
('Cib 1', 'Cibedug 1', '0000-00-00 00:00:00', NULL),
('Cib 2', 'Cibedug 2', '0000-00-00 00:00:00', NULL),
('Cib 3', 'Cibedug 3', '0000-00-00 00:00:00', NULL),
('Cic 1', 'Cicurug 1', '0000-00-00 00:00:00', NULL),
('Cic 2', 'Cicurug 2', '0000-00-00 00:00:00', NULL),
('Cic 3', 'Cicurug 3', '0000-00-00 00:00:00', NULL),
('Cic 4', 'Cicurug 4', NULL, NULL),
('Cic 5', 'Cicurug 5', '0000-00-00 00:00:00', NULL),
('Cic 6', 'Cicurug 6', NULL, NULL),
('Cic 7', 'Cicurug 7', '0000-00-00 00:00:00', NULL),
('Cis 1', 'Cisarua 1', '0000-00-00 00:00:00', NULL),
('Cis 2', 'Cisarua 2', '0000-00-00 00:00:00', NULL),
('Cis 3', 'Cisarua 3', '0000-00-00 00:00:00', NULL),
('Cis 4', 'Cisarua 4', '0000-00-00 00:00:00', NULL),
('Cis 5', 'Cisarua 5', '0000-00-00 00:00:00', NULL),
('Cis 6', 'Cisarua 6', '0000-00-00 00:00:00', NULL),
('Suk 1', 'Sukasari 1', '0000-00-00 00:00:00', NULL),
('Suk 2', 'Sukasari 2', '0000-00-00 00:00:00', NULL),
('Taj 1', 'Tajur 1', '0000-00-00 00:00:00', NULL),
('Taj 2', 'Tajur 2', '0000-00-00 00:00:00', NULL),
('Taj 3', 'Tajur 3', '0000-00-00 00:00:00', NULL),
('Taj 4', 'Tajur 4', NULL, NULL),
('Taj 5', 'Tajur 5', '0000-00-00 00:00:00', NULL),
('Wik 1', 'Wikrama 1', '0000-00-00 00:00:00', NULL),
('Wik 2', 'Wikrama 2', NULL, NULL),
('Wik 3', 'Wikrama 2', '0000-00-00 00:00:00', NULL),
('Wik 4', 'Wikrama 4', NULL, NULL);

-- --------------------------------------------------------

--
-- Table structure for table `tbl_rombel`
--

CREATE TABLE IF NOT EXISTS `tbl_rombel` (
  `kode_rombel` int(11) NOT NULL AUTO_INCREMENT,
  `tahun_pelajaran` varchar(9) NOT NULL,
  `rombel` varchar(12) NOT NULL,
  `tingkat` varchar(3) NOT NULL,
  `jurusan` varchar(5) NOT NULL,
  `jumlah_siswa` int(2) NOT NULL,
  `tgl_update` timestamp NULL DEFAULT NULL,
  `user_update` varchar(50) DEFAULT NULL,
  PRIMARY KEY (`kode_rombel`)
) ENGINE=InnoDB  DEFAULT CHARSET=latin1 AUTO_INCREMENT=46 ;

--
-- Dumping data for table `tbl_rombel`
--

INSERT INTO `tbl_rombel` (`kode_rombel`, `tahun_pelajaran`, `rombel`, `tingkat`, `jurusan`, `jumlah_siswa`, `tgl_update`, `user_update`) VALUES
(1, '2017-2018', 'OTKP X-1', 'X', 'OTKP', 35, NULL, NULL),
(2, '2017-2018', 'OTKP X-2', 'X', 'OTKP', 35, NULL, NULL),
(3, '2017-2018', 'RPL X-1', 'X', 'RPL', 31, NULL, NULL),
(4, '2017-2018', 'RPL X-2', 'X', 'RPL', 31, NULL, NULL),
(5, '2017-2018', 'RPL X-3', 'X', 'RPL', 31, NULL, NULL),
(6, '2017-2018', 'RPL X-4', 'X', 'RPL', 31, NULL, NULL),
(7, '2017-2018', 'TKJ X-1', 'X', 'TKJ', 31, NULL, NULL),
(8, '2017-2018', 'TKJ X-2', 'X', 'TKJ', 31, NULL, NULL),
(9, '2017-2018', 'TKJ X-3', 'X', 'TKJ', 31, NULL, NULL),
(10, '2017-2018', 'TKJ X-4', 'X', 'TKJ', 30, NULL, NULL),
(11, '2017-2018', 'MMD X-1', 'X', 'MMD', 35, NULL, NULL),
(12, '2017-2018', 'MMD X-2', 'X', 'MMD', 35, NULL, NULL),
(13, '2017-2018', 'BDP X-1', 'X', 'BDP', 33, NULL, NULL),
(14, '2017-2018', 'BDP X-2', 'X', 'BDP', 32, NULL, NULL),
(15, '2017-2018', 'HTL X-1', 'X', 'HTL', 35, NULL, NULL),
(16, '2017-2018', 'TBG X-1', 'X', 'TBG', 34, NULL, NULL),
(17, '2017-2018', 'APK XI-1', 'XI', 'APK', 42, NULL, NULL),
(18, '2017-2018', 'APK XI-2', 'XI', 'APK', 42, NULL, NULL),
(19, '2017-2018', 'APK XI-3', 'XI', 'APK', 42, NULL, NULL),
(20, '2017-2018', 'APK XI-4', 'XI', 'APK', 41, NULL, NULL),
(21, '2017-2018', 'RPL XI-1', 'XI', 'RPL', 41, NULL, NULL),
(22, '2017-2018', 'RPL XI-2', 'XI', 'RPL', 40, NULL, NULL),
(23, '2017-2018', 'RPL XI-3', 'XI', 'RPL', 40, NULL, NULL),
(24, '2017-2018', 'RPL XI-4', 'XI', 'RPL', 41, NULL, NULL),
(25, '2017-2018', 'TKJ XI-1', 'XI', 'TKJ', 39, NULL, NULL),
(26, '2017-2018', 'TKJ XI-2', 'XI', 'TKJ', 40, NULL, NULL),
(27, '2017-2018', 'MMD XI-1', 'XI', 'MMD', 39, NULL, NULL),
(28, '2017-2018', 'MMD XI-2', 'XI', 'MMD', 40, NULL, NULL),
(29, '2017-2018', 'MMD XI-3', 'XI', 'MMD', 40, NULL, NULL),
(30, '2017-2018', 'PMN XI-1', 'XI', 'PMN', 35, NULL, NULL),
(31, '2017-2018', 'PMN XI-2', 'XI', 'PMN', 34, NULL, NULL),
(32, '2017-2018', 'APK XII-1', 'XII', 'APK', 40, NULL, NULL),
(33, '2017-2018', 'APK XII-2', 'XII', 'APK', 40, NULL, NULL),
(34, '2017-2018', 'APK XII-3', 'XII', 'APK', 39, NULL, NULL),
(35, '2017-2018', 'APK XII-4', 'XII', 'APK', 39, NULL, NULL),
(36, '2017-2018', 'RPL XII-1', 'XII', 'RPL', 39, NULL, NULL),
(37, '2017-2018', 'RPL XII-2', 'XII', 'RPL', 39, NULL, NULL),
(38, '2017-2018', 'RPL XII-3', 'XII', 'RPL', 39, NULL, NULL),
(39, '2017-2018', 'RPL XII-4', 'XII', 'RPL', 39, NULL, NULL),
(40, '2017-2018', 'TKJ XII-1', 'XII', 'TKJ', 35, NULL, NULL),
(41, '2017-2018', 'TKJ XII-2', 'XII', 'TKJ', 34, NULL, NULL),
(42, '2017-2018', 'MMD XII-1', 'XII', 'MMD', 37, NULL, NULL),
(43, '2017-2018', 'MMD XII-2', 'XII', 'MMD', 37, NULL, NULL),
(44, '2017-2018', 'PMN XII-1', 'XII', 'PMN', 38, NULL, NULL),
(45, '2017-2018', 'PMN XII-2', 'XII', 'PMN', 38, NULL, NULL);

-- --------------------------------------------------------

--
-- Table structure for table `tbl_siswa`
--

CREATE TABLE IF NOT EXISTS `tbl_siswa` (
  `nis` varchar(8) NOT NULL,
  `nama` varchar(100) NOT NULL,
  `jk` varchar(1) NOT NULL,
  `tgl_lahir` date DEFAULT NULL,
  `alamat` text,
  `agama` varchar(15) DEFAULT NULL,
  `kode_rombel` int(11) NOT NULL,
  `kode_rayon` varchar(5) NOT NULL,
  `tahun_masuk` varchar(4) NOT NULL,
  `password` varchar(50) DEFAULT NULL,
  `tgl_update` timestamp NULL DEFAULT NULL,
  `user_update` varchar(50) DEFAULT NULL,
  PRIMARY KEY (`nis`),
  KEY `kode_rombel` (`kode_rombel`),
  KEY `kode_rayon` (`kode_rayon`)
) ENGINE=InnoDB DEFAULT CHARSET=latin1;

--
-- Dumping data for table `tbl_siswa`
--

INSERT INTO `tbl_siswa` (`nis`, `nama`, `jk`, `tgl_lahir`, `alamat`, `agama`, `kode_rombel`, `kode_rayon`, `tahun_masuk`, `password`, `tgl_update`, `user_update`) VALUES
('11404587', 'Rizal Darmawan Supendi', 'L', NULL, NULL, NULL, 41, 'Wik 2', '2015', NULL, NULL, NULL),
('11504712', 'A. Rivarian Azzah', 'L', NULL, NULL, NULL, 40, 'Cis 6', '2015', NULL, NULL, NULL),
('11504713', 'Aas Aisyah', 'P', NULL, NULL, NULL, 34, 'Cia 4', '2015', NULL, NULL, NULL),
('11504714', 'Abdul Azis Maulana', 'L', NULL, NULL, NULL, 40, 'Cib 2', '2015', NULL, NULL, NULL),
('11504715', 'Abdullah Muafa', 'L', NULL, NULL, NULL, 37, 'Suk 1', '2015', NULL, NULL, NULL),
('11504716', 'Abdurrahman', 'L', NULL, NULL, NULL, 38, 'Cia 1', '2015', NULL, NULL, NULL),
('11504719', 'Adam Pahmi Rizaldi', 'L', NULL, NULL, NULL, 38, 'Wik 2', '2015', NULL, NULL, NULL),
('11504720', 'Adelia Ananda Pristiwati', 'P', NULL, NULL, NULL, 32, 'Taj 2', '2015', NULL, NULL, NULL),
('11504721', 'Adi Ibrahim', 'L', NULL, NULL, NULL, 36, 'Cia 2', '2015', NULL, NULL, NULL),
('11504722', 'Adi Septiana', 'L', NULL, NULL, NULL, 40, 'Cic 5', '2015', NULL, NULL, NULL),
('11504723', 'Adinda Dwi Septyane', 'P', NULL, NULL, NULL, 43, 'Cis 4', '2015', NULL, NULL, NULL),
('11504724', 'Affan Yusuf Fadillah', 'L', NULL, NULL, NULL, 39, 'Cib 3', '2015', NULL, NULL, NULL),
('11504725', 'Afia Rahmawati', 'P', NULL, NULL, NULL, 34, 'Suk 1', '2015', NULL, NULL, NULL),
('11504727', 'Agnesia Virginia Yolanda', 'P', NULL, NULL, NULL, 36, 'Suk 1', '2015', NULL, NULL, NULL),
('11504728', 'Agri Fajar Solihin', 'L', NULL, NULL, NULL, 39, 'Cic 5', '2015', NULL, NULL, NULL),
('11504729', 'Agung Adhaldi', 'L', NULL, NULL, NULL, 40, 'Cib 2', '2015', NULL, NULL, NULL),
('11504730', 'Ahmad Farel', 'L', NULL, NULL, NULL, 37, 'Wik 3', '2015', NULL, NULL, NULL),
('11504731', 'Ahmad Syafiq Yudha Prawira', 'L', NULL, NULL, NULL, 42, 'Cib 2', '2015', NULL, NULL, NULL),
('11504732', 'Ahmad Zandan Ramdan Humaidi', 'L', NULL, NULL, NULL, 40, 'Cic 4', '2015', NULL, NULL, NULL),
('11504733', 'Ai Rositawati', 'P', NULL, NULL, NULL, 39, 'Wik 3', '2015', NULL, NULL, NULL),
('11504735', 'Aisyah Kartika', 'P', NULL, NULL, NULL, 42, 'Cis 6', '2015', NULL, NULL, NULL),
('11504737', 'Akbar Fahriansyah', 'L', NULL, NULL, NULL, 40, 'Cis 3', '2015', NULL, NULL, NULL),
('11504738', 'Aldan Rizki Santosa', 'L', NULL, NULL, NULL, 36, 'Taj 2', '2015', NULL, NULL, NULL),
('11504739', 'Aldi Oktaresi', 'L', NULL, NULL, NULL, 38, 'Taj 4', '2015', NULL, NULL, NULL),
('11504740', 'Aldy Ramadhan', 'L', NULL, NULL, NULL, 39, 'Cia 1', '2015', NULL, NULL, NULL),
('11504741', 'Alfian Adji Prasetiya', 'L', NULL, NULL, NULL, 41, 'Cic 1', '2015', NULL, NULL, NULL),
('11504743', 'Alfy Ria Aldiny', 'P', NULL, NULL, NULL, 36, 'Cic 6', '2015', NULL, NULL, NULL),
('11504744', 'Alia Fujianti', 'P', NULL, NULL, NULL, 34, 'Taj 4', '2015', NULL, NULL, NULL),
('11504745', 'Aliefia Septasari Gisti', 'P', NULL, NULL, NULL, 35, 'Taj 2', '2015', NULL, NULL, NULL),
('11504747', 'Alwi Aulia Nuryadin', 'L', NULL, NULL, NULL, 36, 'Cib 1', '2015', NULL, NULL, NULL),
('11504748', 'Alwi Gunawan', 'L', NULL, NULL, NULL, 38, 'Cic 1', '2015', NULL, NULL, NULL),
('11504749', 'Alwi Sahrul Ramadhan', 'L', NULL, NULL, NULL, 43, 'Cia 2', '2015', NULL, NULL, NULL),
('11504750', 'Alya Siti Dwi Julia', 'P', NULL, NULL, NULL, 43, 'Cis 4', '2015', NULL, NULL, NULL),
('11504751', 'Amartya Fauziah Achmad', 'P', NULL, NULL, NULL, 32, 'Taj 1', '2015', NULL, NULL, NULL),
('11504752', 'Amelia Mutiara Sari', 'P', NULL, NULL, NULL, 33, 'Cia 3', '2015', NULL, NULL, NULL),
('11504753', 'Amelia Wulandari', 'P', NULL, NULL, NULL, 34, 'Cia 1', '2015', NULL, NULL, NULL),
('11504754', 'Ammarra Dafia Yunisaputri', 'P', NULL, NULL, NULL, 34, 'Cis 6', '2015', NULL, NULL, NULL),
('11504756', 'Andi Ahmad Dylan', 'L', NULL, NULL, NULL, 45, 'Cic 4', '2015', NULL, NULL, NULL),
('11504757', 'Anggana Pratama Gunawan', 'L', NULL, NULL, NULL, 43, 'Suk 2', '2015', NULL, NULL, NULL),
('11504758', 'Anisa Fadila', 'P', NULL, NULL, NULL, 33, 'Wik 3', '2015', NULL, NULL, NULL),
('11504760', 'Anisa Kusuma Ayati', 'P', NULL, NULL, NULL, 35, 'Cia 1', '2015', NULL, NULL, NULL),
('11504761', 'Anisa Nurul Aprilia', 'P', NULL, NULL, NULL, 37, 'Cic 2', '2015', NULL, NULL, NULL),
('11504762', 'Anita Yuliani', 'P', NULL, NULL, NULL, 36, 'Cic 3', '2015', NULL, NULL, NULL),
('11504763', 'Annisa Harpiah Islami', 'P', NULL, NULL, NULL, 37, 'Cic 2', '2015', NULL, NULL, NULL),
('11504764', 'Annisa Viraurellya Rachman', 'P', NULL, NULL, NULL, 43, 'Cia 1', '2015', NULL, NULL, NULL),
('11504765', 'Annita Puteri', 'P', NULL, NULL, NULL, 39, 'Cia 4', '2015', NULL, NULL, NULL),
('11504766', 'Aprilia Amanda', 'P', NULL, NULL, NULL, 32, 'Cia 4', '2015', NULL, NULL, NULL),
('11504767', 'Aprilia Dewi Anggraeni', 'P', NULL, NULL, NULL, 43, 'Cis 6', '2015', NULL, NULL, NULL),
('11504769', 'Aqva Mohammed Al Faridzi', 'L', NULL, NULL, NULL, 44, 'Wik 3', '2015', NULL, NULL, NULL),
('11504770', 'Ardhika Nur Ramadhan', 'L', NULL, NULL, NULL, 37, 'Wik 3', '2015', NULL, NULL, NULL),
('11504771', 'Ardiana Maryam Saputri', 'P', NULL, NULL, NULL, 35, 'Cia 2', '2015', NULL, NULL, NULL),
('11504772', 'Ardiansyah', 'L', NULL, NULL, NULL, 40, 'Cia 4', '2015', NULL, NULL, NULL),
('11504773', 'Ardiyanti Widya Paramita', 'P', NULL, NULL, NULL, 43, 'Taj 1', '2015', NULL, NULL, NULL),
('11504774', 'Ari Aliansah', 'L', NULL, NULL, NULL, 38, 'Cia 4', '2015', NULL, NULL, NULL),
('11504775', 'Ari Awaludin Muslim', 'L', NULL, NULL, NULL, 41, 'Cic 2', '2015', NULL, NULL, NULL),
('11504776', 'Ari Septyan Nurmawan', 'L', NULL, NULL, NULL, 38, 'Cic 4', '2015', NULL, NULL, NULL),
('11504777', 'Arini Eka Putri', 'P', NULL, NULL, NULL, 42, 'Cia 1', '2015', NULL, NULL, NULL),
('11504778', 'Aripin', 'L', NULL, NULL, NULL, 44, 'Cic 1', '2015', NULL, NULL, NULL),
('11504779', 'Aris Lukman', 'L', NULL, NULL, NULL, 40, 'Cis 4', '2015', NULL, NULL, NULL),
('11504780', 'Ariska Fazriani Putri', 'P', NULL, NULL, NULL, 34, 'Cic 3', '2015', NULL, NULL, NULL),
('11504781', 'Ariyan Dina Sugiharti', 'P', NULL, NULL, NULL, 36, 'Cis 5', '2015', NULL, NULL, NULL),
('11504782', 'Arsita Indriyani', 'P', NULL, NULL, NULL, 43, 'Cis 6', '2015', NULL, NULL, NULL),
('11504783', 'Arya Adhi Prasetya Purnomo', 'L', NULL, NULL, NULL, 37, 'Cic 4', '2015', NULL, NULL, NULL),
('11504784', 'Arya Sugih Mulya Saputra', 'L', NULL, NULL, NULL, 43, 'Suk 2', '2015', NULL, NULL, NULL),
('11504785', 'Asep Ihsan Abdus Shomad', 'L', NULL, NULL, NULL, 41, 'Cic 6', '2015', NULL, NULL, NULL),
('11504786', 'Astri Ifah', 'P', NULL, NULL, NULL, 34, 'Cic 1', '2015', NULL, NULL, NULL),
('11504787', 'Asya Karima', 'P', NULL, NULL, NULL, 39, 'Cic 3', '2015', NULL, NULL, NULL),
('11504788', 'Athailah Fadhilah Mustaqim', 'L', NULL, NULL, NULL, 45, 'Wik 4', '2015', NULL, NULL, NULL),
('11504789', 'Aulia Lesti Suryana', 'P', NULL, NULL, NULL, 36, 'Wik 3', '2015', NULL, NULL, NULL),
('11504790', 'Aulia Nur Gusty', 'P', NULL, NULL, NULL, 33, 'Taj 2', '2015', NULL, NULL, NULL),
('11504791', 'Aulia Yasmin Syah', 'P', NULL, NULL, NULL, 44, 'Cic 1', '2015', NULL, NULL, NULL),
('11504792', 'Aura Rifa Listiani', 'P', NULL, NULL, NULL, 36, 'Cic 3', '2015', NULL, NULL, NULL),
('11504793', 'Awalia Tasya', 'P', NULL, NULL, NULL, 33, 'Cia 1', '2015', NULL, NULL, NULL),
('11504794', 'Ayu Agustina', 'P', NULL, NULL, NULL, 45, 'Cis 6', '2015', NULL, NULL, NULL),
('11504795', 'Ayu Aprisaliana', 'P', NULL, NULL, NULL, 33, 'Cis 6', '2015', NULL, NULL, NULL),
('11504797', 'Azhar Naufal Bagya', 'L', NULL, NULL, NULL, 40, 'Taj 2', '2015', NULL, NULL, NULL),
('11504798', 'Azzahra Purwita Sari', 'P', NULL, NULL, NULL, 44, 'Cis 6', '2015', NULL, NULL, NULL),
('11504799', 'Bagas Fajar Pratama', 'L', NULL, NULL, NULL, 45, 'Cic 4', '2015', NULL, NULL, NULL),
('11504800', 'Bagas Marlianto Wibowo', 'L', NULL, NULL, NULL, 40, 'Cic 2', '2015', NULL, NULL, NULL),
('11504801', 'Bagus Hardi Maswayan Suwadi', 'L', NULL, NULL, NULL, 45, 'Cia 2', '2015', NULL, NULL, NULL),
('11504802', 'Bayu Maulana Ramdhan', 'L', NULL, NULL, NULL, 42, 'Cic 4', '2015', NULL, NULL, NULL),
('11504803', 'Bayu Nugraha', 'L', NULL, NULL, NULL, 39, 'Wik 1', '2015', NULL, NULL, NULL),
('11504804', 'Benny Eka Jaya', 'L', NULL, NULL, NULL, 40, 'Suk 1', '2015', NULL, NULL, NULL),
('11504806', 'Birrul Walidain Rachman', 'L', NULL, NULL, NULL, 36, 'Cis 6', '2015', NULL, NULL, NULL),
('11504807', 'Chauzar Vanneeza', 'L', NULL, NULL, NULL, 38, 'Cia 3', '2015', NULL, NULL, NULL),
('11504808', 'Cici Yusrinawati', 'P', NULL, NULL, NULL, 45, 'Cis 3', '2015', NULL, NULL, NULL),
('11504809', 'Cindy Krisdiyanti', 'P', NULL, NULL, NULL, 34, 'Cis 5', '2015', NULL, NULL, NULL),
('11504810', 'Citra Aditya Cahyono', 'P', NULL, NULL, NULL, 37, 'Cis 6', '2015', NULL, NULL, NULL),
('11504811', 'Clarisa Wien Puspitasari', 'P', NULL, NULL, NULL, 32, 'Cis 6', '2015', NULL, NULL, NULL),
('11504812', 'Cynthia Bunga Amelia', 'P', NULL, NULL, NULL, 34, 'Wik 1', '2015', NULL, NULL, NULL),
('11504813', 'Daffa Amalia Putri', 'P', NULL, NULL, NULL, 33, 'Cic 4', '2015', NULL, NULL, NULL),
('11504814', 'Daffa Firdaus Prayoga', 'L', NULL, NULL, NULL, 37, 'Wik 4', '2015', NULL, NULL, NULL),
('11504815', 'Dana Diraga Sabiet', 'L', NULL, NULL, NULL, 37, 'Cia 4', '2015', NULL, NULL, NULL),
('11504816', 'Danang Andrian Wicaksono', 'L', NULL, NULL, NULL, 37, 'Taj 4', '2015', NULL, NULL, NULL),
('11504817', 'Dandi Pratama', 'L', NULL, NULL, NULL, 40, 'Cic 4', '2015', NULL, NULL, NULL),
('11504818', 'Dani Suwandi', 'L', NULL, NULL, NULL, 44, 'Taj 4', '2015', NULL, NULL, NULL),
('11504819', 'Darin Naila Salsabila', 'P', NULL, NULL, NULL, 35, 'Cic 4', '2015', NULL, NULL, NULL),
('11504820', 'Dea Lestari', 'P', NULL, NULL, NULL, 35, 'Cib 2', '2015', NULL, NULL, NULL),
('11504821', 'Dede Iqbal Pratama', 'L', NULL, NULL, NULL, 40, 'Wik 1', '2015', NULL, NULL, NULL),
('11504823', 'Dedi Kusnadi', 'L', NULL, NULL, NULL, 37, 'Cib 2', '2015', NULL, NULL, NULL),
('11504824', 'Defany Octaviany', 'P', NULL, NULL, NULL, 32, 'Wik 2', '2015', NULL, NULL, NULL),
('11504825', 'Desi Apriyani', 'P', NULL, NULL, NULL, 35, 'Cic 1', '2015', NULL, NULL, NULL),
('11504826', 'Desita Ratna Pradipta', 'P', NULL, NULL, NULL, 43, 'Suk 1', '2015', NULL, NULL, NULL),
('11504827', 'Deska Ramadhanti', 'P', NULL, NULL, NULL, 33, 'Cis 3', '2015', NULL, NULL, NULL),
('11504828', 'Desna Putri Ramadhani', 'P', NULL, NULL, NULL, 32, 'Cib 1', '2015', NULL, NULL, NULL),
('11504829', 'Desty Irma Suryono', 'P', NULL, NULL, NULL, 44, 'Wik 2', '2015', NULL, NULL, NULL),
('11504830', 'Desy Ramadani', 'P', NULL, NULL, NULL, 37, 'Cia 1', '2015', NULL, NULL, NULL),
('11504831', 'Deva Wulandari', 'P', NULL, NULL, NULL, 34, 'Cis 6', '2015', NULL, NULL, NULL),
('11504832', 'Deviana Febria Sekarwati', 'P', NULL, NULL, NULL, 42, 'Taj 1', '2015', NULL, NULL, NULL),
('11504833', 'Dewi Anggraeni', 'P', NULL, NULL, NULL, 33, 'Cib 1', '2015', NULL, NULL, NULL),
('11504834', 'Dewi Mauliasari', 'P', NULL, NULL, NULL, 34, 'Cib 3', '2015', NULL, NULL, NULL),
('11504835', 'Dhania Siti Ya Salam', 'P', NULL, NULL, NULL, 35, 'Cic 6', '2015', NULL, NULL, NULL),
('11504837', 'Dhiema Melati Septiani', 'P', NULL, NULL, NULL, 43, 'Cic 3', '2015', NULL, NULL, NULL),
('11504838', 'Dhita Alya Noviana', 'P', NULL, NULL, NULL, 42, 'Cis 6', '2015', NULL, NULL, NULL),
('11504839', 'Diana Lutfiyyah Anwar', 'P', NULL, NULL, NULL, 34, 'Cic 4', '2015', NULL, NULL, NULL),
('11504840', 'Dicki Fadilah Fajar', 'L', NULL, NULL, NULL, 37, 'Wik 1', '2015', NULL, NULL, NULL),
('11504841', 'Dika Lutfi Maulana', 'L', NULL, NULL, NULL, 45, 'Cis 3', '2015', NULL, NULL, NULL),
('11504842', 'Diki Agung Wahyudi', 'L', NULL, NULL, NULL, 41, 'Cia 4', '2015', NULL, NULL, NULL),
('11504843', 'Dimas Harianto', 'L', NULL, NULL, NULL, 36, 'Cis 3', '2015', NULL, NULL, NULL),
('11504844', 'Dini Putriani Rahman', 'P', NULL, NULL, NULL, 43, 'Cis 2', '2015', NULL, NULL, NULL),
('11504845', 'Dini Yulianti', 'P', NULL, NULL, NULL, 43, 'Cia 3', '2015', NULL, NULL, NULL),
('11504846', 'Dita Adisti Maulida', 'P', NULL, NULL, NULL, 43, 'Cic 5', '2015', NULL, NULL, NULL),
('11504847', 'Dita Fadilah', 'P', NULL, NULL, NULL, 42, 'Taj 4', '2015', NULL, NULL, NULL),
('11504850', 'Doni Irawan', 'L', NULL, NULL, NULL, 44, 'Suk 1', '2015', NULL, NULL, NULL),
('11504851', 'Dwi Lestari', 'P', NULL, NULL, NULL, 32, 'Cis 6', '2015', NULL, NULL, NULL),
('11504852', 'Dwi Ningrum', 'P', NULL, NULL, NULL, 34, 'Cic 1', '2015', NULL, NULL, NULL),
('11504853', 'Dwi Nurhayati', 'P', NULL, NULL, NULL, 33, 'Cib 2', '2015', NULL, NULL, NULL),
('11504855', 'Ekelia Febrina', 'P', NULL, NULL, NULL, 35, 'Taj 3', '2015', NULL, NULL, NULL),
('11504856', 'Eko Septiansyah', 'L', NULL, NULL, NULL, 36, 'Cis 3', '2015', NULL, NULL, NULL),
('11504857', 'Elisa Triwahyuni', 'P', NULL, NULL, NULL, 32, 'Taj 4', '2015', NULL, NULL, NULL),
('11504858', 'Elma Yulinar', 'P', NULL, NULL, NULL, 37, 'Cic 2', '2015', NULL, NULL, NULL),
('11504859', 'Elsa Eliasari', 'P', NULL, NULL, NULL, 35, 'Cia 2', '2015', NULL, NULL, NULL),
('11504860', 'Elsa Tri Cantika', 'P', NULL, NULL, NULL, 35, 'Suk 2', '2015', NULL, NULL, NULL),
('11504861', 'Elsa Yusiani Wibowo', 'P', NULL, NULL, NULL, 38, 'Cis 6', '2015', NULL, NULL, NULL),
('11504862', 'Endang Agustina', 'P', NULL, NULL, NULL, 34, 'Taj 4', '2015', NULL, NULL, NULL),
('11504863', 'Endfril Listian Haris', 'L', NULL, NULL, NULL, 44, 'Cia 3', '2015', NULL, NULL, NULL),
('11504864', 'Eneng Siti Khoeriah', 'P', NULL, NULL, NULL, 33, 'Cia 3', '2015', NULL, NULL, NULL),
('11504865', 'Eneng Siti Nurjanah', 'P', NULL, NULL, NULL, 36, 'Cic 3', '2015', NULL, NULL, NULL),
('11504866', 'Erawati Efendi', 'P', NULL, NULL, NULL, 35, 'Cis 3', '2015', NULL, NULL, NULL),
('11504867', 'Erizky Adriansyah Sukatma', 'L', NULL, NULL, NULL, 40, 'Cis 4', '2015', NULL, NULL, NULL),
('11504868', 'Fadlan Alfarezh Hartono', 'L', NULL, NULL, NULL, 41, 'Cic 4', '2015', NULL, NULL, NULL),
('11504869', 'Fahmi Ashari', 'L', NULL, NULL, NULL, 42, 'Cis 4', '2015', NULL, NULL, NULL),
('11504870', 'Fahmi Mulyani', 'L', NULL, NULL, NULL, 38, 'Cib 3', '2015', NULL, NULL, NULL),
('11504871', 'Fahri Alfian Nur', 'L', NULL, NULL, NULL, 36, 'Cic 1', '2015', NULL, NULL, NULL),
('11504872', 'Faisal Fuadi', 'L', NULL, NULL, NULL, 41, 'Cic 4', '2015', NULL, NULL, NULL),
('11504873', 'Fajar Firdaus', 'L', NULL, NULL, NULL, 38, 'Taj 1', '2015', NULL, NULL, NULL),
('11504874', 'Fanny Oktaviani Benyamin', 'P', NULL, NULL, NULL, 35, 'Wik 2', '2015', NULL, NULL, NULL),
('11504876', 'Farchan Muhammad Aliffa Setiawan', 'L', NULL, NULL, NULL, 45, 'Cib 1', '2015', NULL, NULL, NULL),
('11504877', 'Farhan', 'L', NULL, NULL, NULL, 36, 'Cis 6', '2015', NULL, NULL, NULL),
('11504878', 'Farhan Ibrahim', 'L', NULL, NULL, NULL, 42, 'Wik 3', '2015', NULL, NULL, NULL),
('11504881', 'Fauzi Alwizan', 'L', NULL, NULL, NULL, 45, 'Taj 3', '2015', NULL, NULL, NULL),
('11504882', 'Fauzi Jamaludin', 'L', NULL, NULL, NULL, 41, 'Cic 1', '2015', NULL, NULL, NULL),
('11504883', 'Fauziah Rahmah', 'P', NULL, NULL, NULL, 35, 'Taj 1', '2015', NULL, NULL, NULL),
('11504884', 'Febi Nur`azizah', 'P', NULL, NULL, NULL, 35, 'Cic 3', '2015', NULL, NULL, NULL),
('11504885', 'Fedly Saputra Sudirman', 'L', NULL, NULL, NULL, 40, 'Cib 1', '2015', NULL, NULL, NULL),
('11504886', 'Ferdi Haspi Nur Imanulloh', 'L', NULL, NULL, NULL, 39, 'Cia 2', '2015', NULL, NULL, NULL),
('11504887', 'Fherdy Lianza', 'L', NULL, NULL, NULL, 38, 'Cic 5', '2015', NULL, NULL, NULL),
('11504888', 'Ferdiansyah Rahmatullah', 'L', NULL, NULL, NULL, 40, 'Taj 1', '2015', NULL, NULL, NULL),
('11504890', 'Fiqri Ihsan Kamil', 'L', NULL, NULL, NULL, 37, 'Wik 2', '2015', NULL, NULL, NULL),
('11504891', 'Firli Azrial Gunawan', 'L', NULL, NULL, NULL, 44, 'Cic 5', '2015', NULL, NULL, NULL),
('11504892', 'Firman Handi Pratama', 'L', NULL, NULL, NULL, 39, 'Cib 1', '2015', NULL, NULL, NULL),
('11504894', 'Fitri Oktaviani', 'P', NULL, NULL, NULL, 44, 'Cis 6', '2015', NULL, NULL, NULL),
('11504895', 'Fitria Marpina', 'P', NULL, NULL, NULL, 32, 'Cib 3', '2015', NULL, NULL, NULL),
('11504896', 'Fitriani', 'P', NULL, NULL, NULL, 44, 'Cia 4', '2015', NULL, NULL, NULL),
('11504897', 'Gaffa Zahry Allya', 'P', NULL, NULL, NULL, 42, 'Cia 1', '2015', NULL, NULL, NULL),
('11504898', 'Galih Bagas Pratamaputra', 'L', NULL, NULL, NULL, 44, 'Wik 3', '2015', NULL, NULL, NULL),
('11504899', 'Galih Prawira Atmaja', 'L', NULL, NULL, NULL, 45, 'Cib 3', '2015', NULL, NULL, NULL),
('11504900', 'Galih Prayitno', 'L', NULL, NULL, NULL, 41, 'Cic 6', '2015', NULL, NULL, NULL),
('11504901', 'Galuh Jafar Sidiq', 'L', NULL, NULL, NULL, 38, 'Cis 6', '2015', NULL, NULL, NULL),
('11504902', 'Ganesha Budi Wardana', 'L', NULL, NULL, NULL, 45, 'Cic 6', '2015', NULL, NULL, NULL),
('11504903', 'Gema Novanto Rihad', 'L', NULL, NULL, NULL, 37, 'Wik 2', '2015', NULL, NULL, NULL),
('11504905', 'Gianlyardi Jenthro Timoti Rusli', 'L', NULL, NULL, NULL, 42, 'Taj 1', '2015', NULL, NULL, NULL),
('11504906', 'Gyandi Fergiliawan', 'L', NULL, NULL, NULL, 39, 'Suk 1', '2015', NULL, NULL, NULL),
('11504907', 'Hadi Muhammad Sunarya', 'L', NULL, NULL, NULL, 38, 'Cib 1', '2015', NULL, NULL, NULL),
('11504908', 'Hana Fauziah', 'P', NULL, NULL, NULL, 35, 'Cis 6', '2015', NULL, NULL, NULL),
('11504909', 'Hani Estria Wulandari', 'P', NULL, NULL, NULL, 35, 'Cic 6', '2015', NULL, NULL, NULL),
('11504910', 'Hanifah Fauziah', 'P', NULL, NULL, NULL, 42, 'Cic 2', '2015', NULL, NULL, NULL),
('11504911', 'Haqeza Kaidha', 'P', NULL, NULL, NULL, 35, 'Cic 5', '2015', NULL, NULL, NULL),
('11504912', 'Herpini Nuralpi Hikmah', 'P', NULL, NULL, NULL, 32, 'Wik 2', '2015', NULL, NULL, NULL),
('11504913', 'Hasbi Ashidiqi', 'L', NULL, NULL, NULL, 41, 'Cia 3', '2015', NULL, NULL, NULL),
('11504914', 'Helda Ramadiah Fitri', 'P', NULL, NULL, NULL, 39, 'Cis 3', '2015', NULL, NULL, NULL),
('11504915', 'Herlinda Rosa', 'P', NULL, NULL, NULL, 37, 'Cic 5', '2015', NULL, NULL, NULL),
('11504916', 'Herlindawati', 'P', NULL, NULL, NULL, 35, 'Cia 4', '2015', NULL, NULL, NULL),
('11504917', 'Hermalia Maulida', 'P', NULL, NULL, NULL, 32, 'Cia 4', '2015', NULL, NULL, NULL),
('11504918', 'Hermansyah Adika Putra', 'L', NULL, NULL, NULL, 45, 'Cis 3', '2015', NULL, NULL, NULL),
('11504919', 'Hilman Mubaroq', 'L', NULL, NULL, NULL, 29, 'Wik 3', '2016', NULL, NULL, NULL),
('11504920', 'Hopipah', 'P', NULL, NULL, NULL, 35, 'Cib 3', '2015', NULL, NULL, NULL),
('11504921', 'Ihsan Nurrochman', 'L', NULL, NULL, NULL, 41, 'Cia 1', '2015', NULL, NULL, NULL),
('11504922', 'Ida Nazilatusyarifah', 'P', NULL, NULL, NULL, 34, 'Wik 3', '2015', NULL, NULL, NULL),
('11504923', 'Ihsan Khoirulloh', 'L', NULL, NULL, NULL, 41, 'Wik 3', '2015', NULL, NULL, NULL),
('11504924', 'Ikrima Kotrunnida Kamalania Sari P', 'P', NULL, NULL, NULL, 34, 'Cia 2', '2015', NULL, NULL, NULL),
('11504925', 'Inayah Wulandari', 'P', NULL, NULL, NULL, 34, 'Cib 3', '2015', NULL, NULL, NULL),
('11504926', 'Indri Amelia', 'P', NULL, NULL, NULL, 33, 'Cia 2', '2015', NULL, NULL, NULL),
('11504927', 'Indri Dwi Rahmayanti', 'P', NULL, NULL, NULL, 37, 'Wik 3', '2015', NULL, NULL, NULL),
('11504928', 'Indri Maulida Rahayu', 'P', NULL, NULL, NULL, 32, 'Cis 6', '2015', NULL, NULL, NULL),
('11504929', 'Indri Selentia Efendy Purba', 'P', NULL, NULL, NULL, 34, 'Cic 2', '2015', NULL, NULL, NULL),
('11504931', 'Irsya Dunas', 'L', NULL, NULL, NULL, 43, 'Cis 6', '2015', NULL, NULL, NULL),
('11504932', 'Ismalasari', 'P', NULL, NULL, NULL, 33, 'Cia 2', '2015', NULL, NULL, NULL),
('11504933', 'Ismi Lillah', 'P', NULL, NULL, NULL, 32, 'Cic 2', '2015', NULL, NULL, NULL),
('11504934', 'Ivan Sulistyo Suratno Putra', 'L', NULL, NULL, NULL, 37, 'Taj 2', '2015', NULL, NULL, NULL),
('11504935', 'Jihan Tiara Amukti', 'P', NULL, NULL, NULL, 35, 'Cic 6', '2015', NULL, NULL, NULL),
('11504936', 'Jodi Poster', 'L', NULL, NULL, NULL, 36, 'Cia 4', '2015', NULL, NULL, NULL),
('11504937', 'Juan Willyam Steyer Geraldi', 'L', NULL, NULL, NULL, 44, 'Cia 3', '2015', NULL, NULL, NULL),
('11504938', 'Juniyah', 'P', NULL, NULL, NULL, 35, 'Cia 3', '2015', NULL, NULL, NULL),
('11504939', 'Kartika Wahyuni', 'P', NULL, NULL, NULL, 39, 'Cic 3', '2015', NULL, NULL, NULL),
('11504940', 'Kevin Matthew', 'L', NULL, NULL, NULL, 36, 'Cic 5', '2015', NULL, NULL, NULL),
('11504941', 'Kevin Rizki Sabestian', 'L', NULL, NULL, NULL, 36, 'Suk 1', '2015', NULL, NULL, NULL),
('11504942', 'Kurniawan Permana', 'L', NULL, NULL, NULL, 45, 'Cia 3', '2015', NULL, NULL, NULL),
('11504943', 'Latifa Nurul Khotimah', 'P', NULL, NULL, NULL, 32, 'Wik 2', '2015', NULL, NULL, NULL),
('11504944', 'Latifah Rachmawati', 'P', NULL, NULL, NULL, 33, 'Taj 1', '2015', NULL, NULL, NULL),
('11504945', 'Lauren Dimas Yogi Pratama', 'L', NULL, NULL, NULL, 36, 'Taj 4', '2015', NULL, NULL, NULL),
('11504946', 'Layin Mafiana', 'P', NULL, NULL, NULL, 45, 'Taj 2', '2015', NULL, NULL, NULL),
('11504947', 'Linda Herawati', 'P', NULL, NULL, NULL, 42, 'Cib 1', '2015', NULL, NULL, NULL),
('11504948', 'Linda Widianingsih', 'P', NULL, NULL, NULL, 35, 'Cia 3', '2015', NULL, NULL, NULL),
('11504949', 'Lis Tiani', 'P', NULL, NULL, NULL, 33, 'Cia 3', '2015', NULL, NULL, NULL),
('11504950', 'Lisa Apriyanti', 'P', NULL, NULL, NULL, 44, 'Taj 1', '2015', NULL, NULL, NULL),
('11504951', 'Lisa Lestari', 'P', NULL, NULL, NULL, 32, 'Cis 4', '2015', NULL, NULL, NULL),
('11504952', 'Liza Apriani', 'P', NULL, NULL, NULL, 41, 'Suk 1', '2015', NULL, NULL, NULL),
('11504953', 'Lola Anjal Savira', 'P', NULL, NULL, NULL, 36, 'Cic 6', '2015', NULL, NULL, NULL),
('11504954', 'Lora Kebkole', 'P', NULL, NULL, NULL, 35, 'Cis 4', '2015', NULL, NULL, NULL),
('11504955', 'Luly Tri Maulidia', 'P', NULL, NULL, NULL, 32, 'Taj 2', '2015', NULL, NULL, NULL),
('11504956', 'Lusi Yastuti Hardiyanti', 'P', NULL, NULL, NULL, 33, 'Cia 4', '2015', NULL, NULL, NULL),
('11504957', 'Lusiana Nur Aisyah', 'P', NULL, NULL, NULL, 32, 'Wik 3', '2015', NULL, NULL, NULL),
('11504958', 'Lutfi Maulana', 'L', NULL, NULL, NULL, 38, 'Wik 3', '2015', NULL, NULL, NULL),
('11504959', 'Lutfi Ramdani Hidayat', 'L', NULL, NULL, NULL, 41, 'Wik 2', '2015', NULL, NULL, NULL),
('11504961', 'Lyshaz Prahandiva', 'L', NULL, NULL, NULL, 38, 'Cic 6', '2015', NULL, NULL, NULL),
('11504962', 'M. Rizky Ashart', 'L', NULL, NULL, NULL, 36, 'Suk 1', '2015', NULL, NULL, NULL),
('11504963', 'M. Agung Ruswandi', 'L', NULL, NULL, NULL, 41, 'Cia 3', '2015', NULL, NULL, NULL),
('11504964', 'Muhamad Arya Lesmana', 'L', NULL, NULL, NULL, 39, 'Cic 3', '2015', NULL, NULL, NULL),
('11504965', 'Muhammad Diya Mustofa', 'L', NULL, NULL, NULL, 42, 'Wik 3', '2015', NULL, NULL, NULL),
('11504966', 'Muhamad Fahril Suhaemi', 'L', NULL, NULL, NULL, 37, 'Cia 2', '2015', NULL, NULL, NULL),
('11504967', 'M. Fathoni Rizky', 'L', NULL, NULL, NULL, 40, 'Cia 1', '2015', NULL, NULL, NULL),
('11504968', 'Muhamad Indra Supriadi', 'L', NULL, NULL, NULL, 38, 'Cis 6', '2015', NULL, NULL, NULL),
('11504969', 'M. Kresna Alfidiansyah', 'L', NULL, NULL, NULL, 44, 'Cic 3', '2015', NULL, NULL, NULL),
('11504970', 'Muhammad Michael Faruq Robbany', 'L', NULL, NULL, NULL, 45, 'Suk 1', '2015', NULL, NULL, NULL),
('11504971', 'M. Okki Oktora', 'L', NULL, NULL, NULL, 42, 'Cic 6', '2015', NULL, NULL, NULL),
('11504973', 'M. Rully Awan', 'L', NULL, NULL, NULL, 41, 'Taj 1', '2015', NULL, NULL, NULL),
('11504974', 'Muhamad Taufik Rizki', 'L', NULL, NULL, NULL, 40, 'Cib 3', '2015', NULL, NULL, NULL),
('11504975', 'M. Torik Zulfikar', 'L', NULL, NULL, NULL, 44, 'Cib 3', '2015', NULL, NULL, NULL),
('11504976', 'Mahabat Yuzril Gunawan Nasution', 'L', NULL, NULL, NULL, 42, 'Cis 4', '2015', NULL, NULL, NULL),
('11504977', 'Mahsa Robby Wibawa', 'L', NULL, NULL, NULL, 41, 'Cis 5', '2015', NULL, NULL, NULL),
('11504978', 'Mardina Putri', 'P', NULL, NULL, NULL, 43, 'Suk 1', '2015', NULL, NULL, NULL),
('11504979', 'Maria Veronica Sihotang', 'P', NULL, NULL, NULL, 43, 'Cic 3', '2015', NULL, NULL, NULL),
('11504980', 'Marliyani Ambadar', 'P', NULL, NULL, NULL, 43, 'Cis 6', '2015', NULL, NULL, NULL),
('11504981', 'May Ninda Safira', 'P', NULL, NULL, NULL, 44, 'Cis 6', '2015', NULL, NULL, NULL),
('11504982', 'Mayang Muzi', 'P', NULL, NULL, NULL, 43, 'Taj 1', '2015', NULL, NULL, NULL),
('11504983', 'Mayang Tashani Sahra', 'P', NULL, NULL, NULL, 42, 'Taj 3', '2015', NULL, NULL, NULL),
('11504984', 'Meilani Siti Bilqis', 'P', NULL, NULL, NULL, 35, 'Taj 1', '2015', NULL, NULL, NULL),
('11504985', 'Meilisa Grace Br Sitepu', 'P', NULL, NULL, NULL, 32, 'Cic 1', '2015', NULL, NULL, NULL),
('11504986', 'Meiranti Maulani', 'P', NULL, NULL, NULL, 45, 'Cis 2', '2015', NULL, NULL, NULL),
('11504987', 'Mekky Gideon Kikhau', 'L', NULL, NULL, NULL, 26, 'Cis 4', '2016', NULL, NULL, NULL),
('11504988', 'Meliany Fitara', 'P', NULL, NULL, NULL, 34, 'Taj 2', '2015', NULL, NULL, NULL),
('11504989', 'Metta Kharyani', 'P', NULL, NULL, NULL, 35, 'Cia 2', '2015', NULL, NULL, NULL),
('11504990', 'Mevalia Rizalvi', 'P', NULL, NULL, NULL, 42, 'Suk 2', '2015', NULL, NULL, NULL),
('11504991', 'Miftahul Jannah', 'P', NULL, NULL, NULL, 32, 'Cic 4', '2015', NULL, NULL, NULL),
('11504992', 'Mita Rosanti', 'P', NULL, NULL, NULL, 33, 'Wik 2', '2015', NULL, NULL, NULL),
('11504994', 'Mochamad Rikat Muharam', 'L', NULL, NULL, NULL, 41, 'Wik 3', '2015', NULL, NULL, NULL),
('11504995', 'Mochamad Salwa Januarsyah', 'L', NULL, NULL, NULL, 40, 'Cis 5', '2015', NULL, NULL, NULL),
('11504996', 'Mochamad Syahril', 'L', NULL, NULL, NULL, 44, 'Wik 2', '2015', NULL, NULL, NULL),
('11504997', 'Moh. Novel Anugrah Ramdhani', 'L', NULL, NULL, NULL, 36, 'Cic 5', '2015', NULL, NULL, NULL),
('11504998', 'Mohamad Fikriansyah', 'L', NULL, NULL, NULL, 45, 'Cis 2', '2015', NULL, NULL, NULL),
('11504999', 'Mohammad Raffi', 'L', NULL, NULL, NULL, 44, 'Cis 5', '2015', NULL, NULL, NULL),
('11505000', 'Mohammad Rafli Alkindhi', 'L', NULL, NULL, NULL, 40, 'Cic 4', '2015', NULL, NULL, NULL),
('11505002', 'Muhamad Irfan Maulana', 'L', NULL, NULL, NULL, 38, 'Cib 1', '2015', NULL, NULL, NULL),
('11505005', 'Muhammad Agung Jumadi', 'L', NULL, NULL, NULL, 38, 'Cia 2', '2015', NULL, NULL, NULL),
('11505006', 'Muhamad Al-Fahasyim', 'L', NULL, NULL, NULL, 36, 'Cic 5', '2015', NULL, NULL, NULL),
('11505007', 'Muhamad Aziz', 'L', NULL, NULL, NULL, 37, 'Cis 2', '2015', NULL, NULL, NULL),
('11505008', 'Muhammad Bambang Triatmojo', 'L', NULL, NULL, NULL, 39, 'Wik 3', '2015', NULL, NULL, NULL),
('11505009', 'Muhammad Dandi Nugroho', 'L', NULL, NULL, NULL, 45, 'Cis 6', '2015', NULL, NULL, NULL),
('11505010', 'Muhamad Deri Pratama Suhendi', 'L', NULL, NULL, NULL, 21, 'Cia 1', '2016', NULL, NULL, NULL),
('11505012', 'Muhamad Dwi Alfian', 'L', NULL, NULL, NULL, 44, 'Cia 3', '2015', NULL, NULL, NULL),
('11505013', 'Muhamad Esa Maulana', 'L', NULL, NULL, NULL, 41, 'Cic 2', '2015', NULL, NULL, NULL),
('11505015', 'Muhamad Fauzan', 'L', NULL, NULL, NULL, 45, 'Cis 3', '2015', NULL, NULL, NULL),
('11505016', 'Muhamad Firdaus', 'L', NULL, NULL, NULL, 38, 'Wik 4', '2015', NULL, NULL, NULL),
('11505017', 'Muhamad Husin Saputra', 'L', NULL, NULL, NULL, 41, 'Taj 4', '2015', NULL, NULL, NULL),
('11505018', 'Muhamad Ilham', 'L', NULL, NULL, NULL, 39, 'Cib 1', '2015', NULL, NULL, NULL),
('11505019', 'Muhamad Irfai', 'L', NULL, NULL, NULL, 40, 'Taj 4', '2015', NULL, NULL, NULL),
('11505020', 'Muhammad Irwansyah', 'L', NULL, NULL, NULL, 41, 'Taj 2', '2015', NULL, NULL, NULL),
('11505022', 'Muhamad Kaloz Fauzan', 'L', NULL, NULL, NULL, 39, 'Cis 6', '2015', NULL, NULL, NULL),
('11505023', 'Muhamad Mahdiansyah', 'L', NULL, NULL, NULL, 40, 'Cic 1', '2015', NULL, NULL, NULL),
('11505024', 'Muhamad Mulyadi', 'L', NULL, NULL, NULL, 40, 'Cib 2', '2015', NULL, NULL, NULL),
('11505025', 'Muhamad Ragil Pratama', 'L', NULL, NULL, NULL, 37, 'Suk 2', '2015', NULL, NULL, NULL),
('11505026', 'Muhamad Ramdani', 'L', NULL, NULL, NULL, 38, 'Cic 2', '2015', NULL, NULL, NULL),
('11505027', 'Muhamad Reyhan Febryan F', 'L', NULL, NULL, NULL, 42, 'Cis 4', '2015', NULL, NULL, NULL),
('11505028', 'Muhamad Reza', 'L', NULL, NULL, NULL, 39, 'Cic 1', '2015', NULL, NULL, NULL),
('11505029', 'Muhammad Rifki Darmawan', 'L', NULL, NULL, NULL, 38, 'Cia 4', '2015', NULL, NULL, NULL),
('11505030', 'Muhamad Rifki Fauzi Sugiyanto', 'L', NULL, NULL, NULL, 36, 'Cic 4', '2015', NULL, NULL, NULL),
('11505031', 'Muhamad Sahal', 'L', NULL, NULL, NULL, 37, 'Taj 4', '2015', NULL, NULL, NULL),
('11505032', 'Muhamad Sahrul Rizal', 'L', NULL, NULL, NULL, 39, 'Cic 1', '2015', NULL, NULL, NULL),
('11505033', 'Muhamad Salfiq Putra Bhayangkara', 'L', NULL, NULL, NULL, 45, 'Wik 3', '2015', NULL, NULL, NULL),
('11505034', 'Muhamad Segafi Kurniawan', 'L', NULL, NULL, NULL, 36, 'Cis 2', '2015', NULL, NULL, NULL),
('11505035', 'Muhamad Suhendi', 'L', NULL, NULL, NULL, 40, 'Cia 2', '2015', NULL, NULL, NULL),
('11505036', 'Muhamad Suherlan', 'L', NULL, NULL, NULL, 45, 'Cia 3', '2015', NULL, NULL, NULL),
('11505037', 'Muhamad Sunandar', 'L', NULL, NULL, NULL, 45, 'Cia 3', '2015', NULL, NULL, NULL),
('11505038', 'Muhamad Taufik Rizki', 'L', NULL, NULL, NULL, 41, 'Cib 2', '2015', NULL, NULL, NULL),
('11505039', 'Muhamad Usman Fauzi', 'L', NULL, NULL, NULL, 41, 'Cis 6', '2015', NULL, NULL, NULL),
('11505040', 'Muhamad Wildan Akbari', 'L', NULL, NULL, NULL, 45, 'Wik 2', '2015', NULL, NULL, NULL),
('11505041', 'Muhamad Yusril Saputra', 'L', NULL, NULL, NULL, 37, 'Cia 1', '2015', NULL, NULL, NULL),
('11505042', 'Muhamad Yusup', 'L', NULL, NULL, NULL, 45, 'Cia 2', '2015', NULL, NULL, NULL),
('11505043', 'Muhamad Zidandy Virgiawan', 'L', NULL, NULL, NULL, 44, 'Cib 3', '2015', NULL, NULL, NULL),
('11505044', 'Muhammad Aditya Anwari', 'L', NULL, NULL, NULL, 45, 'Suk 1', '2015', NULL, NULL, NULL),
('11505045', 'Muhammad Agus Suryadi', 'L', NULL, NULL, NULL, 38, 'Cia 2', '2015', NULL, NULL, NULL),
('11505046', 'Muhammad Akhsan Farizi', 'L', NULL, NULL, NULL, 40, 'Cis 2', '2015', NULL, NULL, NULL),
('11505047', 'Muhammad Alfiansyah', 'L', NULL, NULL, NULL, 43, 'Cis 6', '2015', NULL, NULL, NULL),
('11505048', 'Muhammad Arya Danendra', 'L', NULL, NULL, NULL, 45, 'Wik 3', '2015', NULL, NULL, NULL),
('11505049', 'Muhammad Ashiddiq', 'L', NULL, NULL, NULL, 37, 'Suk 2', '2015', NULL, NULL, NULL),
('11505050', 'Muhammad Basri', 'L', NULL, NULL, NULL, 39, 'Cia 3', '2015', NULL, NULL, NULL),
('11505051', 'Muhammad Deden Maulana Ashari', 'L', NULL, NULL, NULL, 39, 'Cis 4', '2015', NULL, NULL, NULL),
('11505052', 'Muhammad Dimas Zulhijah', 'L', NULL, NULL, NULL, 41, 'Cic 2', '2015', NULL, NULL, NULL),
('11505053', 'Muhammad Fadilah', 'L', NULL, NULL, NULL, 41, 'Cic 1', '2015', NULL, NULL, NULL),
('11505054', 'Muhammad Fahmi Ardianto', 'L', NULL, NULL, NULL, 39, 'Taj 1', '2015', NULL, NULL, NULL),
('11505055', 'Muhammad Fauzan Al Hapid ', 'L', NULL, NULL, NULL, 36, 'Taj 2', '2015', NULL, NULL, NULL),
('11505056', 'Muhammad Feb Abnie', 'L', NULL, NULL, NULL, 38, 'Cis 3', '2015', NULL, NULL, NULL),
('11505058', 'Muhammad Hafiz Yusuf', 'L', NULL, NULL, NULL, 39, 'Taj 2', '2015', NULL, NULL, NULL),
('11505059', 'Muhamad Hardiansyah', 'L', NULL, NULL, NULL, 36, 'Taj 1', '2015', NULL, NULL, NULL),
('11505060', 'Muhammad Ilham', 'L', NULL, NULL, NULL, 42, 'Cis 6', '2015', NULL, NULL, NULL),
('11505061', 'Muhammad Indra Hasan', 'L', NULL, NULL, NULL, 37, 'Cic 4', '2015', NULL, NULL, NULL),
('11505062', 'Muhammad Irpan Hafiana', 'L', NULL, NULL, NULL, 39, 'Cia 4', '2015', NULL, NULL, NULL),
('11505063', 'Muhammad Jonathan', 'L', NULL, NULL, NULL, 38, 'Taj 1', '2015', NULL, NULL, NULL),
('11505064', 'Muhammad Junaedi', 'L', NULL, NULL, NULL, 36, 'Cia 2', '2015', NULL, NULL, NULL),
('11505065', 'Muhammad Lutfhi Akhdan', 'L', NULL, NULL, NULL, 38, 'Cic 4', '2015', NULL, NULL, NULL),
('11505066', 'Muhammad Muflih', 'L', NULL, NULL, NULL, 44, 'Cia 4', '2015', NULL, NULL, NULL),
('11505067', 'Muhammad Naufal Aldiansyah', 'L', NULL, NULL, NULL, 45, 'Taj 1', '2015', NULL, NULL, NULL),
('11505068', 'Muhammad Nur Alfi', 'L', NULL, NULL, NULL, 38, 'Taj 4', '2015', NULL, NULL, NULL),
('11505069', 'Muhammad Nur Rachman', 'L', NULL, NULL, NULL, 36, 'Cia 1', '2015', NULL, NULL, NULL),
('11505070', 'Muhammad Rafi Kusumo', 'L', NULL, NULL, NULL, 44, 'Cia 1', '2015', NULL, NULL, NULL),
('11505071', 'Muhammad Ramdan', 'L', NULL, NULL, NULL, 38, 'Cia 2', '2015', NULL, NULL, NULL),
('11505072', 'Muhammad Ramdaniansyah', 'L', NULL, NULL, NULL, 42, 'Cia 4', '2015', NULL, NULL, NULL),
('11505073', 'Muhammad Reiza Suryadisastra', 'L', NULL, NULL, NULL, 37, 'Cis 2', '2015', NULL, NULL, NULL),
('11505074', 'Muhammad Rifki Alian', 'L', NULL, NULL, NULL, 36, 'Cis 6', '2015', NULL, NULL, NULL),
('11505075', 'Muhammad Rifqi Taufiqurrahman', 'L', NULL, NULL, NULL, 37, 'Cis 3', '2015', NULL, NULL, NULL),
('11505076', 'Muhammad Riyanda Nekhan', 'L', NULL, NULL, NULL, 38, 'Cis 4', '2015', NULL, NULL, NULL),
('11505077', 'Muhamad Rizki Wahyudi', 'L', NULL, NULL, NULL, 39, 'Cic 2', '2015', NULL, NULL, NULL),
('11505078', 'Muhammad Rizky Fadillah', 'L', NULL, NULL, NULL, 44, 'Cic 3', '2015', NULL, NULL, NULL),
('11505079', 'Muhammad Rizky Saputra', 'L', NULL, NULL, NULL, 41, 'Suk 1', '2015', NULL, NULL, NULL),
('11505080', 'Muhammad Rozinul Mahrus', 'L', NULL, NULL, NULL, 36, 'Wik 2', '2015', NULL, NULL, NULL),
('11505081', 'Muhammad Rozinul Miqdad', 'L', NULL, NULL, NULL, 38, 'Wik 2', '2015', NULL, NULL, NULL),
('11505082', 'Muhammad Satya Anggriansyah', 'L', NULL, NULL, NULL, 37, 'Cia 2', '2015', NULL, NULL, NULL),
('11505083', 'Muhammad Syaifullah', 'L', NULL, NULL, NULL, 43, 'Wik 3', '2015', NULL, NULL, NULL),
('11505084', 'Muhammad Yusuf', 'L', NULL, NULL, NULL, 36, 'Wik 3', '2015', NULL, NULL, NULL),
('11505085', 'Muhammad Ziddan Maulana', 'L', NULL, NULL, NULL, 39, 'Cic 3', '2015', NULL, NULL, NULL),
('11505086', 'Muhammad Zihad Daru Sakur', 'L', NULL, NULL, NULL, 41, 'Cib 1', '2015', NULL, NULL, NULL),
('11505088', 'Muhammad Zulfikar Noorfan', 'L', NULL, NULL, NULL, 39, 'Cia 2', '2015', NULL, NULL, NULL),
('11505089', 'Muharani Holifah', 'P', NULL, NULL, NULL, 33, 'Cis 5', '2015', NULL, NULL, NULL),
('11505090', 'Mukhlis Febriansyah', 'L', NULL, NULL, NULL, 37, 'Cic 2', '2015', NULL, NULL, NULL),
('11505091', 'Mutia Azzahra Febriani', 'P', NULL, NULL, NULL, 36, 'Cis 5', '2015', NULL, NULL, NULL),
('11505092', 'Mutiara Mustika', 'P', NULL, NULL, NULL, 44, 'Cis 6', '2015', NULL, NULL, NULL),
('11505093', 'Nabhan Fadhil', 'L', NULL, NULL, NULL, 41, 'Cic 5', '2015', NULL, NULL, NULL),
('11505094', 'Nabila Maharani', 'P', NULL, NULL, NULL, 33, 'Cic 2', '2015', NULL, NULL, NULL),
('11505095', 'Nabila Nur Jayanti', 'P', NULL, NULL, NULL, 38, 'Cic 5', '2015', NULL, NULL, NULL),
('11505096', 'Nabila Putri Ramadhani', 'P', NULL, NULL, NULL, 34, 'Cic 2', '2015', NULL, NULL, NULL),
('11505097', 'Nabilla Riska Brata', 'P', NULL, NULL, NULL, 32, 'Cib 1', '2015', NULL, NULL, NULL),
('11505098', 'Nadia Padman', 'P', NULL, NULL, NULL, 35, 'Cic 3', '2015', NULL, NULL, NULL),
('11505099', 'Nadira Putri Damayanti', 'P', NULL, NULL, NULL, 40, 'Taj 4', '2015', NULL, NULL, NULL),
('11505103', 'Nenden Alifia Fayumi', 'P', NULL, NULL, NULL, 45, 'Cis 3', '2015', NULL, NULL, NULL),
('11505104', 'Nesta Dwi Alfarizi', 'L', NULL, NULL, NULL, 43, 'Cic 4', '2015', NULL, NULL, NULL),
('11505105', 'Nesta Maulana', 'L', NULL, NULL, NULL, 38, 'Suk 1', '2015', NULL, NULL, NULL),
('11505106', 'Ninda Rajiantika', 'P', NULL, NULL, NULL, 34, 'Cic 1', '2015', NULL, NULL, NULL),
('11505107', 'Nizma Rahmita', 'P', NULL, NULL, NULL, 37, 'Cic 2', '2015', NULL, NULL, NULL),
('11505108', 'Nona Rizky Permata', 'P', NULL, NULL, NULL, 43, 'Cia 4', '2015', NULL, NULL, NULL),
('11505110', 'Nova Veminia Hartono', 'P', NULL, NULL, NULL, 32, 'Taj 2', '2015', NULL, NULL, NULL),
('11505111', 'Novaldi Azhari', 'L', NULL, NULL, NULL, 44, 'Cib 2', '2015', NULL, NULL, NULL),
('11505112', 'Novandiansyah', 'L', NULL, NULL, NULL, 38, 'Cia 4', '2015', NULL, NULL, NULL),
('11505113', 'Novi Wulansari', 'P', NULL, NULL, NULL, 34, 'Cic 1', '2015', NULL, NULL, NULL),
('11505114', 'Novia Maulida Wijaya', 'P', NULL, NULL, NULL, 43, 'Cic 4', '2015', NULL, NULL, NULL),
('11505115', 'Novia Safitri', 'P', NULL, NULL, NULL, 34, 'Taj 1', '2015', NULL, NULL, NULL),
('11505116', 'Nuha Lutfiah Riyadi', 'P', NULL, NULL, NULL, 37, 'Suk 2', '2015', NULL, NULL, NULL),
('11505117', 'Nur Dyta Latifani', 'P', NULL, NULL, NULL, 33, 'Cib 2', '2015', NULL, NULL, NULL),
('11505119', 'Nur Febriani', 'P', NULL, NULL, NULL, 43, 'Cic 3', '2015', NULL, NULL, NULL),
('11505120', 'Nur Hamdalah Kahfi', 'L', NULL, NULL, NULL, 40, 'Cis 6', '2015', NULL, NULL, NULL),
('11505121', 'Nur Karisma Sejati', 'P', NULL, NULL, NULL, 32, 'Cia 3', '2015', NULL, NULL, NULL),
('11505122', 'Nur Saripah', 'P', NULL, NULL, NULL, 35, 'Taj 3', '2015', NULL, NULL, NULL),
('11505124', 'Nurani Aprilia', 'P', NULL, NULL, NULL, 35, 'Taj 1', '2015', NULL, NULL, NULL),
('11505125', 'Nurfitri Lidiyani', 'P', NULL, NULL, NULL, 32, 'Cic 1', '2015', NULL, NULL, NULL),
('11505126', 'Nurlitasari Kusnadi', 'P', NULL, NULL, NULL, 33, 'Taj 4', '2015', NULL, NULL, NULL),
('11505127', 'Nursyaefa Nazlia Fauziani', 'P', NULL, NULL, NULL, 32, 'Cib 1', '2015', NULL, NULL, NULL),
('11505128', 'Nurul Asyari', 'P', NULL, NULL, NULL, 43, 'Taj 3', '2015', NULL, NULL, NULL),
('11505129', 'Nurul Fadillah Mutmainah', 'P', NULL, NULL, NULL, 42, 'Cic 1', '2015', NULL, NULL, NULL),
('11505130', 'Nurul Hidayah', 'P', NULL, NULL, NULL, 34, 'Taj 4', '2015', NULL, NULL, NULL),
('11505131', 'Nurwahidah Nasution', 'P', NULL, NULL, NULL, 42, 'Taj 2', '2015', NULL, NULL, NULL),
('11505132', 'Paturrachman', 'L', NULL, NULL, NULL, 36, 'Cib 1', '2015', NULL, NULL, NULL),
('11505133', 'Perdi Yansyah', 'L', NULL, NULL, NULL, 40, 'Cic 3', '2015', NULL, NULL, NULL),
('11505134', 'Pradifta Wardani', 'P', NULL, NULL, NULL, 35, 'Cia 4', '2015', NULL, NULL, NULL),
('11505135', 'Putra Munzir Farhan', 'L', NULL, NULL, NULL, 45, 'Taj 1', '2015', NULL, NULL, NULL),
('11505136', 'Putri Irfania', 'P', NULL, NULL, NULL, 40, 'Cic 6', '2015', NULL, NULL, NULL),
('11505137', 'Rachma Safa Intan', 'P', NULL, NULL, NULL, 32, 'Cib 1', '2015', NULL, NULL, NULL),
('11505138', 'Raffika Medya Desca Pratiwi', 'P', NULL, NULL, NULL, 42, 'Wik 2', '2015', NULL, NULL, NULL),
('11505139', 'Rafika Ihza Walinnisa', 'P', NULL, NULL, NULL, 44, 'Wik 3', '2015', NULL, NULL, NULL),
('11505141', 'Rahmawati', 'P', NULL, NULL, NULL, 43, 'Cia 3', '2015', NULL, NULL, NULL),
('11505142', 'Raihan Dwi Satrio', 'L', NULL, NULL, NULL, 36, 'Taj 1', '2015', NULL, NULL, NULL),
('11505143', 'Raka Aditya', 'L', NULL, NULL, NULL, 36, 'Suk 1', '2015', NULL, NULL, NULL),
('11505144', 'Rakha Prabu Alamsyah', 'L', NULL, NULL, NULL, 44, 'Cic 4', '2015', NULL, NULL, NULL),
('11505145', 'Ramadhan Rahmat Kurniawan', 'L', NULL, NULL, NULL, 43, 'Cis 6', '2015', NULL, NULL, NULL),
('11505146', 'Ramadhan Yoga Pratama', 'L', NULL, NULL, NULL, 39, 'Wik 4', '2015', NULL, NULL, NULL),
('11505147', 'Randi Agus Revaldi', 'L', NULL, NULL, NULL, 37, 'Cic 5', '2015', NULL, NULL, NULL),
('11505148', 'Raymond Aura Liel Sugianto', 'L', NULL, NULL, NULL, 25, 'Cis 6', '2016', NULL, NULL, NULL),
('11505149', 'Rendi Ihfanudin', 'L', NULL, NULL, NULL, 39, 'Cis 4', '2015', NULL, NULL, NULL),
('11505150', 'Rendi Mulki Ginanjar', 'L', NULL, NULL, NULL, 41, 'Cic 1', '2015', NULL, NULL, NULL),
('11505152', 'Retno Aninda Sari', 'P', NULL, NULL, NULL, 35, 'Cis 6', '2015', NULL, NULL, NULL),
('11505153', 'Retno Anjar Palupy', 'P', NULL, NULL, NULL, 34, 'Cia 4', '2015', NULL, NULL, NULL),
('11505154', 'Reva Puji Lestari', 'P', NULL, NULL, NULL, 32, 'Cis 6', '2015', NULL, NULL, NULL),
('11505155', 'Revan Pratama', 'L', NULL, NULL, NULL, 39, 'Cia 1', '2015', NULL, NULL, NULL),
('11505156', 'Reynaldo Saputra', 'L', NULL, NULL, NULL, 45, 'Cic 3', '2015', NULL, NULL, NULL),
('11505157', 'Ria Amelia', 'P', NULL, NULL, NULL, 42, 'Cis 6', '2015', NULL, NULL, NULL),
('11505158', 'Ria Aprianti Suparna', 'P', NULL, NULL, NULL, 35, 'Cia 2', '2015', NULL, NULL, NULL),
('11505159', 'Ricky Mulia Anugerah', 'L', NULL, NULL, NULL, 40, 'Cib 3', '2015', NULL, NULL, NULL),
('11505161', 'Rifa Putri Khairiya', 'P', NULL, NULL, NULL, 39, 'Cib 2', '2015', NULL, NULL, NULL),
('11505162', 'Rifka Oktaviana', 'P', NULL, NULL, NULL, 33, 'Cia 4', '2015', NULL, NULL, NULL),
('11505163', 'Rima Meriawati', 'P', NULL, NULL, NULL, 43, 'Cis 6', '2015', NULL, NULL, NULL),
('11505164', 'Rindy Mahkota Lestari', 'P', NULL, NULL, NULL, 34, 'Cic 6', '2015', NULL, NULL, NULL),
('11505165', 'Rini Saumi Desaila', 'P', NULL, NULL, NULL, 35, 'Cis 3', '2015', NULL, NULL, NULL),
('11505166', 'Riri Sulistiawati', 'P', NULL, NULL, NULL, 44, 'Taj 1', '2015', NULL, NULL, NULL),
('11505167', 'Risa Safitri', 'P', NULL, NULL, NULL, 42, 'Taj 1', '2015', NULL, NULL, NULL),
('11505168', 'Risgiaji', 'L', NULL, NULL, NULL, 43, 'Taj 2', '2015', NULL, NULL, NULL),
('11505169', 'Risma Wandari Putri', 'P', NULL, NULL, NULL, 37, 'Cis 6', '2015', NULL, NULL, NULL),
('11505170', 'Rismawati', 'P', NULL, NULL, NULL, 33, 'Cis 3', '2015', NULL, NULL, NULL),
('11505171', 'Risti Ramadanti', 'P', NULL, NULL, NULL, 34, 'Taj 2', '2015', NULL, NULL, NULL),
('11505172', 'Risya Agustiani', 'P', NULL, NULL, NULL, 34, 'Cic 1', '2015', NULL, NULL, NULL),
('11505173', 'Risya Yuliandari', 'P', NULL, NULL, NULL, 32, 'Cic 1', '2015', NULL, NULL, NULL),
('11505174', 'Rival Pramas Autia', 'L', NULL, NULL, NULL, 38, 'Cic 1', '2015', NULL, NULL, NULL),
('11505175', 'Rivan Disahayyan', 'L', NULL, NULL, NULL, 38, 'Cic 4', '2015', NULL, NULL, NULL),
('11505176', 'Rivanis', 'L', NULL, NULL, NULL, 36, 'Taj 1', '2015', NULL, NULL, NULL),
('11505178', 'Rizaldy Sukma Perkasa', 'L', NULL, NULL, NULL, 38, 'Cia 1', '2015', NULL, NULL, NULL),
('11505179', 'Rizka Amelya', 'P', NULL, NULL, NULL, 34, 'Cic 1', '2015', NULL, NULL, NULL),
('11505180', 'Rizky Ahmad Pahreza', 'L', NULL, NULL, NULL, 42, 'Taj 2', '2015', NULL, NULL, NULL),
('11505181', 'Rizky Dwi Sukmana', 'L', NULL, NULL, NULL, 44, 'Cia 1', '2015', NULL, NULL, NULL),
('11505182', 'Rohmad Purwadi', 'L', NULL, NULL, NULL, 40, 'Taj 3', '2015', NULL, NULL, NULL),
('11505183', 'Romi Abdulrohman', 'L', NULL, NULL, NULL, 45, 'Cia 4', '2015', NULL, NULL, NULL),
('11505184', 'Rukmana', 'L', NULL, NULL, NULL, 39, 'Cis 4', '2015', NULL, NULL, NULL),
('11505185', 'Saadilah Mustari', 'L', NULL, NULL, NULL, 37, 'Cib 1', '2015', NULL, NULL, NULL),
('11505186', 'Sabriena Namira', 'P', NULL, NULL, NULL, 33, 'Cis 4', '2015', NULL, NULL, NULL),
('11505189', 'Saeful Akbar', 'L', NULL, NULL, NULL, 40, 'Cic 3', '2015', NULL, NULL, NULL),
('11505190', 'Salfa Dhiya Pratami', 'P', NULL, NULL, NULL, 34, 'Cic 6', '2015', NULL, NULL, NULL),
('11505191', 'Salma Fitria Handayani', 'P', NULL, NULL, NULL, 35, 'Cia 3', '2015', NULL, NULL, NULL),
('11505192', 'Salman Al Farizi', 'L', NULL, NULL, NULL, 45, 'Cis 6', '2015', NULL, NULL, NULL),
('11505193', 'Salman Muhammad Ichsan', 'L', NULL, NULL, NULL, 38, 'Cib 2', '2015', NULL, NULL, NULL),
('11505194', 'Sandi Ramadhan', 'L', NULL, NULL, NULL, 37, 'Cic 4', '2015', NULL, NULL, NULL),
('11505195', 'Santi Apriliani Utari', 'P', NULL, NULL, NULL, 32, 'Cia 4', '2015', NULL, NULL, NULL),
('11505196', 'Sarah Vaski Beliana', 'P', NULL, NULL, NULL, 44, 'Cic 6', '2015', NULL, NULL, NULL),
('11505197', 'Sarmila Alma Naila', 'P', NULL, NULL, NULL, 43, 'Cic 4', '2015', NULL, NULL, NULL),
('11505198', 'Saskia Apriliana Putri', 'P', NULL, NULL, NULL, 41, 'Cia 4', '2015', NULL, NULL, NULL),
('11505199', 'Seliana Ashri', 'P', NULL, NULL, NULL, 33, 'Cia 4', '2015', NULL, NULL, NULL),
('11505200', 'Selvy Oktaviani', 'P', NULL, NULL, NULL, 43, 'Cic 5', '2015', NULL, NULL, NULL),
('11505201', 'Septiana', 'P', NULL, NULL, NULL, 39, 'Suk 1', '2015', NULL, NULL, NULL),
('11505202', 'Setiawan', 'L', NULL, NULL, NULL, 41, 'Cis 3', '2015', NULL, NULL, NULL),
('11505203', 'Shabrina Puspa Rahardjo', 'P', NULL, NULL, NULL, 42, 'Cic 4', '2015', NULL, NULL, NULL),
('11505204', 'Shaliana Putri Chaerul', 'P', NULL, NULL, NULL, 36, 'Cic 3', '2015', NULL, NULL, NULL),
('11505205', 'Shella Apriliani', 'P', NULL, NULL, NULL, 34, 'Suk 1', '2015', NULL, NULL, NULL),
('11505206', 'Sherina Priagustina', 'P', NULL, NULL, NULL, 43, 'Cis 6', '2015', NULL, NULL, NULL),
('11505207', 'Sherline Marceline Cendana', 'P', NULL, NULL, NULL, 38, 'Cic 6', '2015', NULL, NULL, NULL),
('11505208', 'Sherly Adistiani', 'P', NULL, NULL, NULL, 35, 'Cic 4', '2015', NULL, NULL, NULL),
('11505209', 'Shintya Halimatus Sa`diyah', 'P', NULL, NULL, NULL, 33, 'Taj 4', '2015', NULL, NULL, NULL),
('11505210', 'Shuvi Al Hasan', 'L', NULL, NULL, NULL, 39, 'Wik 3', '2015', NULL, NULL, NULL),
('11505211', 'Sifa Nur Fitri', 'P', NULL, NULL, NULL, 33, 'Cia 2', '2015', NULL, NULL, NULL),
('11505212', 'Silmi Nurkavah', 'P', NULL, NULL, NULL, 45, 'Cis 6', '2015', NULL, NULL, NULL),
('11505213', 'Silvia Salsyadilla', 'P', NULL, NULL, NULL, 35, 'Cis 3', '2015', NULL, NULL, NULL),
('11505214', 'Singgih Sukarno', 'L', NULL, NULL, NULL, 41, 'Taj 2', '2015', NULL, NULL, NULL),
('11505215', 'Siti Ariani Nentiani', 'P', NULL, NULL, NULL, 34, 'Cis 6', '2015', NULL, NULL, NULL),
('11505216', 'Siti Destiana Rahmadayanti', 'P', NULL, NULL, NULL, 44, 'Cic 5', '2015', NULL, NULL, NULL),
('11505217', 'Siti Fany Nurrachma', 'P', NULL, NULL, NULL, 33, 'Cis 6', '2015', NULL, NULL, NULL),
('11505218', 'Siti Ainiyyah', 'P', NULL, NULL, NULL, 33, 'Cis 3', '2015', NULL, NULL, NULL),
('11505219', 'Siti Firda Annisa', 'P', NULL, NULL, NULL, 32, 'Cis 2', '2015', NULL, NULL, NULL),
('11505220', 'Siti Hildayati', 'P', NULL, NULL, NULL, 38, 'Cia 1', '2015', NULL, NULL, NULL),
('11505221', 'Siti Indriani', 'P', NULL, NULL, NULL, 44, 'Cib 3', '2015', NULL, NULL, NULL),
('11505222', 'Siti Kartika', 'P', NULL, NULL, NULL, 33, 'Cic 1', '2015', NULL, NULL, NULL),
('11505223', 'Siti Maryani', 'P', NULL, NULL, NULL, 32, 'Cib 2', '2015', NULL, NULL, NULL),
('11505224', 'Siti Nabila Listiyani', 'P', NULL, NULL, NULL, 35, 'Cia 4', '2015', NULL, NULL, NULL),
('11505225', 'Siti Noer Shafira Salsabila', 'P', NULL, NULL, NULL, 33, 'Cic 1', '2015', NULL, NULL, NULL),
('11505226', 'Siti Nur''anisa', 'P', NULL, NULL, NULL, 33, 'Cis 3', '2015', NULL, NULL, NULL),
('11505228', 'Siti Nurhania Haeriah', 'P', NULL, NULL, NULL, 39, 'Cis 4', '2015', NULL, NULL, NULL),
('11505229', 'Siti Nurholipah', 'P', NULL, NULL, NULL, 33, 'Cia 3', '2015', NULL, NULL, NULL),
('11505230', 'Siti Nurohmah', 'P', NULL, NULL, NULL, 35, 'Cib 3', '2015', NULL, NULL, NULL),
('11505231', 'Siti Rahma Diranggani', 'P', NULL, NULL, NULL, 34, 'Cia 4', '2015', NULL, NULL, NULL),
('11505232', 'Siti Rahmah', 'P', NULL, NULL, NULL, 34, 'Cia 3', '2015', NULL, NULL, NULL),
('11505233', 'Siti Safina', 'P', NULL, NULL, NULL, 33, 'Cis 4', '2015', NULL, NULL, NULL),
('11505234', 'Siti Sumiati Sulistya', 'P', NULL, NULL, NULL, 42, 'Cis 6', '2015', NULL, NULL, NULL),
('11505235', 'Siti Tazka Haerani A.Z', 'P', NULL, NULL, NULL, 43, 'Cic 4', '2015', NULL, NULL, NULL),
('11505236', 'Siti Uswatun Hasanah', 'P', NULL, NULL, NULL, 33, 'Cib 3', '2015', NULL, NULL, NULL),
('11505237', 'Siti Zakiah Fahirah', 'P', NULL, NULL, NULL, 32, 'Taj 2', '2015', NULL, NULL, NULL),
('11505238', 'Sri Utami Nuraeni', 'P', NULL, NULL, NULL, 32, 'Taj 4', '2015', NULL, NULL, NULL),
('11505239', 'Suci Rachmayani', 'P', NULL, NULL, NULL, 34, 'Cib 1', '2015', NULL, NULL, NULL),
('11505240', 'Sulthan Aldi Budiono', 'L', NULL, NULL, NULL, 41, 'Cic 3', '2015', NULL, NULL, NULL),
('11505241', 'Supriatna Suhada Putra', 'L', NULL, NULL, NULL, 37, 'Taj 2', '2015', NULL, NULL, NULL),
('11505242', 'Syabha Zanuba Kilana Syafier', 'P', NULL, NULL, NULL, 42, 'Suk 1', '2015', NULL, NULL, NULL),
('11505243', 'Syafa Nuraulia Gusman', 'P', NULL, NULL, NULL, 32, 'Taj 1', '2015', NULL, NULL, NULL),
('11505244', 'Syalsabilla Nuralifhia', 'P', NULL, NULL, NULL, 42, 'Cia 2', '2015', NULL, NULL, NULL),
('11505245', 'Sylva Aliffina Putri', 'P', NULL, NULL, NULL, 39, 'Cis 4', '2015', NULL, NULL, NULL),
('11505246', 'Taufan Anugrah Pradana', 'L', NULL, NULL, NULL, 40, 'Wik 3', '2015', NULL, NULL, NULL),
('11505247', 'Teguh Himawan', 'L', NULL, NULL, NULL, 39, 'Cis 2', '2015', NULL, NULL, NULL),
('11505248', 'Tia Amelia', 'P', NULL, NULL, NULL, 34, 'Cis 3', '2015', NULL, NULL, NULL),
('11505249', 'Tia Puspita', 'P', NULL, NULL, NULL, 34, 'Cia 3', '2015', NULL, NULL, NULL),
('11505250', 'Tita Julianti', 'P', NULL, NULL, NULL, 33, 'Cic 1', '2015', NULL, NULL, NULL),
('11505251', 'Todia Andradita', 'P', NULL, NULL, NULL, 42, 'Taj 1', '2015', NULL, NULL, NULL),
('11505252', 'Trialna Setiandari', 'P', NULL, NULL, NULL, 44, 'Taj 1', '2015', NULL, NULL, NULL),
('11505253', 'Uday Hudaya', 'L', NULL, NULL, NULL, 43, 'Cis 6', '2015', NULL, NULL, NULL),
('11505254', 'Umar Baidhowi', 'L', NULL, NULL, NULL, 40, 'Cib 2', '2015', NULL, NULL, NULL),
('11505255', 'Uswatun Hasanah', 'P', NULL, NULL, NULL, 33, 'Cia 2', '2015', NULL, NULL, NULL),
('11505256', 'Vika Awallya', 'P', NULL, NULL, NULL, 32, 'Cic 6', '2015', NULL, NULL, NULL),
('11505257', 'Vina Anggia Lestari', 'P', NULL, NULL, NULL, 34, 'Cis 6', '2015', NULL, NULL, NULL),
('11505258', 'Vina Rahmawati', 'P', NULL, NULL, NULL, 33, 'Taj 2', '2015', NULL, NULL, NULL),
('11505259', 'Vina Syabilla', 'P', NULL, NULL, NULL, 34, 'Cic 6', '2015', NULL, NULL, NULL),
('11505260', 'Vina Syilvania', 'P', NULL, NULL, NULL, 45, 'Cis 4', '2015', NULL, NULL, NULL),
('11505261', 'Vindi Eka Prasasti', 'P', NULL, NULL, NULL, 42, 'Suk 1', '2015', NULL, NULL, NULL),
('11505262', 'Vini Oktaviani', 'P', NULL, NULL, NULL, 44, 'Cic 3', '2015', NULL, NULL, NULL),
('11505263', 'Violita Eka Lestari', 'P', NULL, NULL, NULL, 37, 'Cic 4', '2015', NULL, NULL, NULL),
('11505265', 'Vivi Aprilia Arisanti', 'P', NULL, NULL, NULL, 32, 'Wik 3', '2015', NULL, NULL, NULL),
('11505266', 'Wafa Azmi Nurfaiz', 'L', NULL, NULL, NULL, 44, 'Taj 1', '2015', NULL, NULL, NULL),
('11505267', 'Wanda Mazaya Ghaisani', 'P', NULL, NULL, NULL, 45, 'Cic 3', '2015', NULL, NULL, NULL),
('11505268', 'Wanda Nurhayati', 'P', NULL, NULL, NULL, 35, 'Wik 2', '2015', NULL, NULL, NULL),
('11505269', 'Wanda Oktapiani', 'P', NULL, NULL, NULL, 38, 'Cia 1', '2015', NULL, NULL, NULL),
('11505270', 'Widi Irawan', 'L', NULL, NULL, NULL, 43, 'Suk 2', '2015', NULL, NULL, NULL),
('11505271', 'Widya Warisman', 'P', NULL, NULL, NULL, 32, 'Taj 3', '2015', NULL, NULL, NULL),
('11505272', 'Winda Tribuana', 'P', NULL, NULL, NULL, 33, 'Taj 4', '2015', NULL, NULL, NULL),
('11505273', 'Wiranti Novia', 'P', NULL, NULL, NULL, 32, 'Suk 2', '2015', NULL, NULL, NULL),
('11505274', 'Wulan Juniarti', 'P', NULL, NULL, NULL, 42, 'Cis 5', '2015', NULL, NULL, NULL),
('11505275', 'Yoga Cipta Pratama', 'L', NULL, NULL, NULL, 42, 'Taj 3', '2015', NULL, NULL, NULL),
('11505276', 'Yogi Kharisma Putra', 'L', NULL, NULL, NULL, 41, 'Cib 1', '2015', NULL, NULL, NULL),
('11505277', 'Yohanes Randy Kurnianto', 'L', NULL, NULL, NULL, 37, 'Wik 1', '2015', NULL, NULL, NULL),
('11505278', 'Yolanda Firdayanti', 'P', NULL, NULL, NULL, 42, 'Wik 3', '2015', NULL, NULL, NULL),
('11505280', 'Yudi Alwi Ajhari', 'L', NULL, NULL, NULL, 45, 'Cib 2', '2015', NULL, NULL, NULL),
('11505281', 'Yuli Wulandari', 'P', NULL, NULL, NULL, 32, 'Cia 2', '2015', NULL, NULL, NULL);
INSERT INTO `tbl_siswa` (`nis`, `nama`, `jk`, `tgl_lahir`, `alamat`, `agama`, `kode_rombel`, `kode_rayon`, `tahun_masuk`, `password`, `tgl_update`, `user_update`) VALUES
('11505282', 'Yulia Arsita', 'P', NULL, NULL, NULL, 45, 'Wik 3', '2015', NULL, NULL, NULL),
('11505283', 'Yulian Rizki Nugraha', 'L', NULL, NULL, NULL, 39, 'Suk 1', '2015', NULL, NULL, NULL),
('11505284', 'Yuliana', 'P', NULL, NULL, NULL, 33, 'Taj 1', '2015', NULL, NULL, NULL),
('11505285', 'Yuni Nuryaningsih', 'P', NULL, NULL, NULL, 33, 'Cia 2', '2015', NULL, NULL, NULL),
('11505286', 'Yunika Wulandari', 'P', NULL, NULL, NULL, 32, 'Taj 2', '2015', NULL, NULL, NULL),
('11505288', 'Yusril Hamzah', 'L', NULL, NULL, NULL, 45, 'Taj 2', '2015', NULL, NULL, NULL),
('11505290', 'Zaenul Fahri', 'L', NULL, NULL, NULL, 36, 'Cia 3', '2015', NULL, NULL, NULL),
('11505291', 'Zea Fakhirah', 'P', NULL, NULL, NULL, 42, 'Wik 3', '2015', NULL, NULL, NULL),
('11505292', 'Zefanya Ka Toda Watu', 'P', NULL, NULL, NULL, 43, 'Cic 5', '2015', NULL, NULL, NULL),
('11505293', 'Zeny', 'L', NULL, NULL, NULL, 40, 'Cis 6', '2015', NULL, NULL, NULL),
('11505294', 'Zora Belinda Luthfiani Taufik', 'P', NULL, NULL, NULL, 44, 'Taj 1', '2015', NULL, NULL, NULL),
('11505295', 'Zulfan Rabby Askaril Hilal', 'L', NULL, NULL, NULL, 44, 'Cis 4', '2015', NULL, NULL, NULL),
('11505296', 'Assifa Ainuns S', 'P', NULL, NULL, NULL, 32, 'Wik 3', '2015', NULL, NULL, NULL),
('11505297', 'Maria Gianti Handayani', 'P', NULL, NULL, NULL, 39, 'Wik 3', '2015', NULL, NULL, NULL),
('11505298', 'Shania Yustine', 'P', NULL, NULL, NULL, 35, 'Cis 4', '2015', NULL, NULL, NULL),
('11505301', 'Jonathan Reinhard', 'L', NULL, NULL, NULL, 39, 'Wik 2', '2015', NULL, NULL, NULL),
('11605303', 'Abdulwafi Nurinsani', 'L', NULL, NULL, NULL, 30, 'Cia 1', '2016', NULL, NULL, NULL),
('11605304', 'Abdurohman', 'L', NULL, NULL, NULL, 26, 'Cia 3', '2016', NULL, NULL, NULL),
('11605305', 'Abdussalam Husein', 'L', NULL, NULL, NULL, 31, 'Cic 4', '2016', NULL, NULL, NULL),
('11605306', 'Abil Muhamad Imani', 'L', NULL, NULL, NULL, 23, 'Cis 4', '2016', NULL, NULL, NULL),
('11605307', 'Achmad Rifaldy', 'L', NULL, NULL, NULL, 30, 'Cic 3', '2016', NULL, NULL, NULL),
('11605308', 'Adam Bahtiar Firdaus', 'L', NULL, NULL, NULL, 23, 'Cic 6', '2016', NULL, NULL, NULL),
('11605309', 'Adam Rahmat', 'L', NULL, NULL, NULL, 26, 'Wik 1', '2016', NULL, NULL, NULL),
('11605310', 'Ade Ardiansyah Maulana', 'L', NULL, NULL, NULL, 31, 'Cib 3', '2016', NULL, NULL, NULL),
('11605312', 'Adi Wijaya', 'L', NULL, NULL, NULL, 28, 'Taj 2', '2016', NULL, NULL, NULL),
('11605313', 'Aditya Dwi Septiyanto', 'L', NULL, NULL, NULL, 30, 'Cic 4', '2016', NULL, NULL, NULL),
('11605314', 'Aditya Rama Putra', 'L', NULL, NULL, NULL, 31, 'Taj 3', '2016', NULL, NULL, NULL),
('11605315', 'Aditya Ridwan Nugraha', 'L', NULL, NULL, NULL, 21, 'Cic 3', '2016', NULL, NULL, NULL),
('11605316', 'Aditya Sukma Nur Alam', 'L', NULL, NULL, NULL, 21, 'Wik 2', '2016', NULL, NULL, NULL),
('11605317', 'Aditya Vio Gigantara', 'L', NULL, NULL, NULL, 25, 'Cis 2', '2016', NULL, NULL, NULL),
('11605319', 'Adriansyah Ramadhan', 'L', NULL, NULL, NULL, 23, 'Cic 7', '2016', NULL, NULL, NULL),
('11605320', 'Aghniya Zahra Ainiy', 'P', NULL, NULL, NULL, 29, 'Cia 2', '2016', NULL, NULL, NULL),
('11605321', 'Agnesya Azzahra Anis', 'P', NULL, NULL, NULL, 23, 'Cis 2', '2016', NULL, NULL, NULL),
('11605322', 'Agung Fadilah', 'P', NULL, NULL, NULL, 31, 'Cia 5', '2016', NULL, NULL, NULL),
('11605323', 'Agung Mahariyad', 'L', NULL, NULL, NULL, 24, 'Cia 5', '2016', NULL, NULL, NULL),
('11605324', 'Agung Pratama', 'L', NULL, NULL, NULL, 21, 'Cic 3', '2016', NULL, NULL, NULL),
('11605325', 'Agung Ramadan', 'L', NULL, NULL, NULL, 26, 'Cia 3', '2016', NULL, NULL, NULL),
('11605326', 'Ahmad Rahbar Rausanfikri Alwavy', 'L', NULL, NULL, NULL, 23, 'Cis 2', '2016', NULL, NULL, NULL),
('11605327', 'Ahmad Rifky Fauzi', 'L', NULL, NULL, NULL, 23, 'Cic 5', '2016', NULL, NULL, NULL),
('11605328', 'Ahmad Yoga Lutvi', 'L', NULL, NULL, NULL, 29, 'Cia 5', '2016', NULL, NULL, NULL),
('11605329', 'Ahmad Yunus Sulaeman', 'L', NULL, NULL, NULL, 25, 'Cis 5', '2016', NULL, NULL, NULL),
('11605330', 'Ahmad Zulfikar', 'L', NULL, NULL, NULL, 23, 'Cis 4', '2016', NULL, NULL, NULL),
('11605331', 'Aimatul Khoeriyah', 'P', NULL, NULL, NULL, 17, 'Cib 3', '2016', NULL, NULL, NULL),
('11605332', 'Aisha Febrianti', 'P', NULL, NULL, NULL, 20, 'Cia 1', '2016', NULL, NULL, NULL),
('11605333', 'Ajeng Mutiara Ningtyas', 'P', NULL, NULL, NULL, 31, 'Taj 4', '2016', NULL, NULL, NULL),
('11605334', 'Aji Maulana Malik', 'L', NULL, NULL, NULL, 31, 'Cia 1', '2016', NULL, NULL, NULL),
('11605335', 'Al - Crasta Reixena Syam', 'P', NULL, NULL, NULL, 22, 'Cis 5', '2016', NULL, NULL, NULL),
('11605336', 'Aldi Sugandi', 'L', NULL, NULL, NULL, 30, 'Cia 5', '2016', NULL, NULL, NULL),
('11605338', 'Aldiza Putri Mulphyani', 'P', NULL, NULL, NULL, 18, 'Cib 3', '2016', NULL, NULL, NULL),
('11605339', 'Aldo Alamsyah', 'L', NULL, NULL, NULL, 30, 'Taj 5', '2016', NULL, NULL, NULL),
('11605340', 'Alexandra Kiranti Lauwe', 'P', NULL, NULL, NULL, 27, 'Cis 6', '2016', NULL, NULL, NULL),
('11605341', 'Alfani', 'P', NULL, NULL, NULL, 29, 'Cib 2', '2016', NULL, NULL, NULL),
('11605342', 'Alfian Muzaki', 'L', NULL, NULL, NULL, 25, 'Cic 6', '2016', NULL, NULL, NULL),
('11605343', 'Alfid Nurhakim', 'L', NULL, NULL, NULL, 31, 'Cic 6', '2016', NULL, NULL, NULL),
('11605344', 'Alfiyah Abdullah', 'P', NULL, NULL, NULL, 17, 'Wik 4', '2016', NULL, NULL, NULL),
('11605346', 'Alif Arya Satria', 'L', NULL, NULL, NULL, 26, 'Cia 5', '2016', NULL, NULL, NULL),
('11605347', 'Alif Rizky Nursyahputra', 'L', NULL, NULL, NULL, 27, 'Cis 2', '2016', NULL, NULL, NULL),
('11605348', 'Alifah Ayudia Rachman', 'P', NULL, NULL, NULL, 29, 'Cic 6', '2016', NULL, NULL, NULL),
('11605349', 'Alma Suci Rahmadani', 'P', NULL, NULL, NULL, 19, 'Cic 7', '2016', NULL, NULL, NULL),
('11605350', 'Almeyda Dwinugroho Dewanto', 'L', NULL, NULL, NULL, 26, 'Cic 6', '2016', NULL, NULL, NULL),
('11605351', 'Alvian Adi Wibowo', 'L', NULL, NULL, NULL, 31, 'Wik 4', '2016', NULL, NULL, NULL),
('11605352', 'Alvin Reyvaldo', 'L', NULL, NULL, NULL, 24, 'Suk 1', '2016', NULL, NULL, NULL),
('11605353', 'Alvira Erliana Putri', 'P', NULL, NULL, NULL, 26, 'Cia 1', '2016', NULL, NULL, NULL),
('11605354', 'Alwan Nauval', 'L', NULL, NULL, NULL, 28, 'Cib 3', '2016', NULL, NULL, NULL),
('11605355', 'Alya Nasywa Martafianni', 'P', NULL, NULL, NULL, 20, 'Cib 2', '2016', NULL, NULL, NULL),
('11605356', 'Amalia Nur Fitri Yani', 'P', NULL, NULL, NULL, 18, 'Cis 5', '2016', NULL, NULL, NULL),
('11605357', 'Amalia Tiara Galuh', 'P', NULL, NULL, NULL, 27, 'Cic 5', '2016', NULL, NULL, NULL),
('11605358', 'Amrina', 'P', NULL, NULL, NULL, 22, 'Cis 5', '2016', NULL, NULL, NULL),
('11605359', 'Ananda Restyane', 'P', NULL, NULL, NULL, 17, 'Cia 4', '2016', NULL, NULL, NULL),
('11605360', 'Ananda Rezaldy', 'L', NULL, NULL, NULL, 22, 'Cia 5', '2016', NULL, NULL, NULL),
('11605361', 'Andhika Navira Dillah Putra', 'L', NULL, NULL, NULL, 29, 'Cis 4', '2016', NULL, NULL, NULL),
('11605362', 'Andika Darmansyah', 'L', NULL, NULL, NULL, 26, 'Taj 3', '2016', NULL, NULL, NULL),
('11605363', 'Andika Rizky Nugraha', 'L', NULL, NULL, NULL, 17, 'Wik 4', '2016', NULL, NULL, NULL),
('11605364', 'Anelia Tri Oktaviani', 'P', NULL, NULL, NULL, 20, 'Taj 4', '2016', NULL, NULL, NULL),
('11605365', 'Angelia Nurjanah', 'P', NULL, NULL, NULL, 17, 'Taj 5', '2016', NULL, NULL, NULL),
('11605366', 'Angga Aditiya Nugraha', 'L', NULL, NULL, NULL, 25, 'Cic 6', '2016', NULL, NULL, NULL),
('11605367', 'Angga Ardiansyah', 'L', NULL, NULL, NULL, 25, 'Cib 3', '2016', NULL, NULL, NULL),
('11605368', 'Angga Khoerudin', 'L', NULL, NULL, NULL, 28, 'Cic 3', '2016', NULL, NULL, NULL),
('11605369', 'Angga Yudistira Ramadan', 'L', NULL, NULL, NULL, 21, 'Taj 2', '2016', NULL, NULL, NULL),
('11605370', 'Anggi Febryanti', 'P', NULL, NULL, NULL, 28, 'Wik 3', '2016', NULL, NULL, NULL),
('11605371', 'Ani Apriliani', 'P', NULL, NULL, NULL, 17, 'Cib 2', '2016', NULL, NULL, NULL),
('11605372', 'Anis Fitria Nandani', 'P', NULL, NULL, NULL, 24, 'Taj 2', '2016', NULL, NULL, NULL),
('11605373', 'Anis Humanisa', 'P', NULL, NULL, NULL, 21, 'Cic 3', '2016', NULL, NULL, NULL),
('11605374', 'Anisa', 'P', NULL, NULL, NULL, 30, 'Taj 4', '2016', NULL, NULL, NULL),
('11605375', 'Anisa Novianti Sulbi', 'P', NULL, NULL, NULL, 17, 'Cis 2', '2016', NULL, NULL, NULL),
('11605376', 'Anisa Rahman', 'P', NULL, NULL, NULL, 18, 'Taj 3', '2016', NULL, NULL, NULL),
('11605377', 'Annisa Triani', 'P', NULL, NULL, NULL, 23, 'Suk 1', '2016', NULL, NULL, NULL),
('11605378', 'Anita Natasya', 'P', NULL, NULL, NULL, 19, 'Taj 5', '2016', NULL, NULL, NULL),
('11605379', 'Annisa Fitria Nur Yavana', 'P', NULL, NULL, NULL, 22, 'Wik 4', '2016', NULL, NULL, NULL),
('11605380', 'Annisa Halimatussadiah', 'P', NULL, NULL, NULL, 18, 'Cis 4', '2016', NULL, NULL, NULL),
('11605381', 'Apriliani Sugiarti', 'P', NULL, NULL, NULL, 19, 'Cib 1', '2016', NULL, NULL, NULL),
('11605382', 'Aqiella Triana Furri Suryono', 'P', NULL, NULL, NULL, 20, 'Cis 1', '2016', NULL, NULL, NULL),
('11605383', 'Aqsyal Nauval Gusman', 'L', NULL, NULL, NULL, 21, 'Taj 5', '2016', NULL, NULL, NULL),
('11605384', 'Ardy Wira Priyatna', 'L', NULL, NULL, NULL, 25, 'Cic 3', '2016', NULL, NULL, NULL),
('11605385', 'Ari Amin Hawari', 'L', NULL, NULL, NULL, 30, 'Wik 4', '2016', NULL, NULL, NULL),
('11605386', 'Arief Rahman Hakim', 'L', NULL, NULL, NULL, 24, 'Cis 3', '2016', NULL, NULL, NULL),
('11605387', 'Arif Febriyanto', 'L', NULL, NULL, NULL, 28, 'Wik 1', '2016', NULL, NULL, NULL),
('11605388', 'Arief Raja Bestari', 'L', NULL, NULL, NULL, 26, 'Wik 4', '2016', NULL, NULL, NULL),
('11605389', 'Ariyana Abdurahman', 'L', NULL, NULL, NULL, 25, 'Cis 3', '2016', NULL, NULL, NULL),
('11605390', 'Arsyil Yazmar', 'L', NULL, NULL, NULL, 27, 'Taj 5', '2016', NULL, NULL, NULL),
('11605391', 'Asep Suryadin', 'L', NULL, NULL, NULL, 31, 'Cic 1', '2016', NULL, NULL, NULL),
('11605392', 'Astiawati Widyasari', 'P', NULL, NULL, NULL, 19, 'Cia 1', '2016', NULL, NULL, NULL),
('11605393', 'Athara Hegar Sukma Perdana', 'L', NULL, NULL, NULL, 27, 'Wik 4', '2016', NULL, NULL, NULL),
('11605394', 'Audia Asyifatul Khumaeroh', 'P', NULL, NULL, NULL, 18, 'Cis 5', '2016', NULL, NULL, NULL),
('11605395', 'Aulia Azzahra Ramadhani', 'P', NULL, NULL, NULL, 20, 'Cic 7', '2016', NULL, NULL, NULL),
('11605396', 'Aulia Syatifa', 'P', NULL, NULL, NULL, 20, 'Cis 5', '2016', NULL, NULL, NULL),
('11605397', 'Aurelya Amatul Zahwa', 'P', NULL, NULL, NULL, 19, 'Cis 6', '2016', NULL, NULL, NULL),
('11605398', 'Ayu Rahma Indra Saputri', 'P', NULL, NULL, NULL, 24, 'Cia 1', '2016', NULL, NULL, NULL),
('11605399', 'Ayu Yulia', 'P', NULL, NULL, NULL, 25, 'Taj 1', '2016', NULL, NULL, NULL),
('11605400', 'Azhar At Zauhar Dripana', 'L', NULL, NULL, NULL, 23, 'Cia 2', '2016', NULL, NULL, NULL),
('11605401', 'Azzahra Annisa Listanto', 'P', NULL, NULL, NULL, 28, 'Cia 4', '2016', NULL, NULL, NULL),
('11605402', 'Bagus Aji Ikranegara', 'L', NULL, NULL, NULL, 30, 'Cib 1', '2016', NULL, NULL, NULL),
('11605403', 'Bambang Aryo Yudha Jaya Wijaya K', 'L', NULL, NULL, NULL, 25, 'Cib 2', '2016', NULL, NULL, NULL),
('11605404', 'Bambang Setiawan', 'L', NULL, NULL, NULL, 30, 'Cib 3', '2016', NULL, NULL, NULL),
('11605405', 'Bayu Febrian Isnin', 'L', NULL, NULL, NULL, 29, 'Cis 4', '2016', NULL, NULL, NULL),
('11605406', 'Bunga Resta Wijaya', 'P', NULL, NULL, NULL, 23, 'Cic 7', '2016', NULL, NULL, NULL),
('11605407', 'Candra Nispuana', 'L', NULL, NULL, NULL, 26, 'Taj 3', '2016', NULL, NULL, NULL),
('11605408', 'Chika Cantika Dachlan', 'P', NULL, NULL, NULL, 29, 'Cis 2', '2016', NULL, NULL, NULL),
('11605409', 'Cindy Arsita Syaharani', 'P', NULL, NULL, NULL, 30, 'Cic 1', '2016', NULL, NULL, NULL),
('11605410', 'Citra Livia Hutasoit', 'P', NULL, NULL, NULL, 20, 'Suk 1', '2016', NULL, NULL, NULL),
('11605411', 'Cucu Patonah', 'P', NULL, NULL, NULL, 20, 'Cis 4', '2016', NULL, NULL, NULL),
('11605412', 'Cut Sandra Faradilla Febrianti', 'P', NULL, NULL, NULL, 29, 'Cis 5', '2016', NULL, NULL, NULL),
('11605413', 'Dafa Lutfian', 'L', NULL, NULL, NULL, 24, 'Taj 4', '2016', NULL, NULL, NULL),
('11605414', 'Dahlia Pertiwi Kalsum', 'P', NULL, NULL, NULL, 17, 'Cic 1', '2016', NULL, NULL, NULL),
('11605415', 'Daniel A Syariff', 'L', NULL, NULL, NULL, 24, 'Cib 2', '2016', NULL, NULL, NULL),
('11605417', 'Danu Setyo Nugroho', 'L', NULL, NULL, NULL, 26, 'Cib 1', '2016', NULL, NULL, NULL),
('11605418', 'Daura Laurensa Ratna Sari', 'P', NULL, NULL, NULL, 23, 'Cis 5', '2016', NULL, NULL, NULL),
('11605419', 'Davi Jordani Setiawan', 'L', NULL, NULL, NULL, 24, 'Cis 3', '2016', NULL, NULL, NULL),
('11605420', 'Dea Dwi Purwanti', 'P', NULL, NULL, NULL, 17, 'Cia 3', '2016', NULL, NULL, NULL),
('11605421', 'Deansa', 'P', NULL, NULL, NULL, 20, 'Taj 4', '2016', NULL, NULL, NULL),
('11605422', 'Debby Aliya Putri', 'P', NULL, NULL, NULL, 26, 'Cia 1', '2016', NULL, NULL, NULL),
('11605423', 'Dellaneira Siska Widyawati', 'P', NULL, NULL, NULL, 17, 'Cic 6', '2016', NULL, NULL, NULL),
('11605424', 'Deni Firmansyah', 'L', NULL, NULL, NULL, 30, 'Cib 3', '2016', NULL, NULL, NULL),
('11605425', 'Deni Pratama', 'L', NULL, NULL, NULL, 27, 'Cib 1', '2016', NULL, NULL, NULL),
('11605426', 'Denny Dolok Partala', 'L', NULL, NULL, NULL, 22, 'Suk 1', '2016', NULL, NULL, NULL),
('11605427', 'Deri Sukandar', 'L', NULL, NULL, NULL, 26, 'Cib 2', '2016', NULL, NULL, NULL),
('11605428', 'Destia Audianti', 'P', NULL, NULL, NULL, 27, 'Taj 5', '2016', NULL, NULL, NULL),
('11605429', 'Destianis Ocktavia S', 'P', NULL, NULL, NULL, 24, 'Suk 1', '2016', NULL, NULL, NULL),
('11605430', 'Dewi Astuti', 'P', NULL, NULL, NULL, 19, 'Cic 3', '2016', NULL, NULL, NULL),
('11605431', 'Dewi Herawati', 'P', NULL, NULL, NULL, 27, 'Taj 3', '2016', NULL, NULL, NULL),
('11605432', 'Dewi Puspitasari', 'P', NULL, NULL, NULL, 29, 'Cia 2', '2016', NULL, NULL, NULL),
('11605433', 'Dewi Sarifah Ambami', 'P', NULL, NULL, NULL, 22, 'Cis 6', '2016', NULL, NULL, NULL),
('11605434', 'Dewo Ananda Prasetyo', 'L', NULL, NULL, NULL, 27, 'Cic 6', '2016', NULL, NULL, NULL),
('11605436', 'Dhika Pramudia', 'L', NULL, NULL, NULL, 18, 'Wik 4', '2016', NULL, NULL, NULL),
('11605437', 'Dian Indria Wati', 'P', NULL, NULL, NULL, 19, 'Cis 6', '2016', NULL, NULL, NULL),
('11605438', 'Dika Alfarell Haidir Ramdani', 'L', NULL, NULL, NULL, 22, 'Taj 4', '2016', NULL, NULL, NULL),
('11605439', 'Dila Aprilia Ramdini', 'P', NULL, NULL, NULL, 19, 'Taj 1', '2016', NULL, NULL, NULL),
('11605440', 'Dimas Darmawangsa Putra Perdana', 'L', NULL, NULL, NULL, 30, 'Cia 3', '2016', NULL, NULL, NULL),
('11605441', 'Dimas Hadiwibowo', 'L', NULL, NULL, NULL, 23, 'Wik 2', '2016', NULL, NULL, NULL),
('11605442', 'Dimas Sidiq Permana', 'L', NULL, NULL, NULL, 23, 'Cis 5', '2016', NULL, NULL, NULL),
('11605443', 'Dina Yulianti', 'P', NULL, NULL, NULL, 18, 'Cis 2', '2016', NULL, NULL, NULL),
('11605444', 'Dinar Arisandi', 'L', NULL, NULL, NULL, 23, 'Suk 1', '2016', NULL, NULL, NULL),
('11605445', 'Dinda Amartya Riansyah', 'P', NULL, NULL, NULL, 29, 'Cis 2', '2016', NULL, NULL, NULL),
('11605446', 'Dita Dwi Cahyani', 'P', NULL, NULL, NULL, 21, 'Cic 6', '2016', NULL, NULL, NULL),
('11605447', 'Dita Lestari', 'P', NULL, NULL, NULL, 29, 'Wik 3', '2016', NULL, NULL, NULL),
('11605448', 'Dita Oktavia', 'P', NULL, NULL, NULL, 30, 'Taj 5', '2016', NULL, NULL, NULL),
('11605449', 'Dwi Ayu Widiyanti', 'P', NULL, NULL, NULL, 18, 'Cic 1', '2016', NULL, NULL, NULL),
('11605450', 'Dwi Tantri', 'P', NULL, NULL, NULL, 19, 'Cis 4', '2016', NULL, NULL, NULL),
('11605451', 'Dyah Ayu Gitaswari Paramitha', 'P', NULL, NULL, NULL, 19, 'Cia 3', '2016', NULL, NULL, NULL),
('11605452', 'Dzikry Darmawan Pratama', 'L', NULL, NULL, NULL, 26, 'Taj 5', '2016', NULL, NULL, NULL),
('11605453', 'Elih', 'P', NULL, NULL, NULL, 20, 'Cia 5', '2016', NULL, NULL, NULL),
('11605454', 'Elizabeth Sharon Jily Onggara', 'P', NULL, NULL, NULL, 28, 'Cis 5', '2016', NULL, NULL, NULL),
('11605455', 'Elsa Aprilia Azzahra', 'P', NULL, NULL, NULL, 23, 'Cib 3', '2016', NULL, NULL, NULL),
('11605456', 'Elsa Febriana', 'P', NULL, NULL, NULL, 19, 'Cia 5', '2016', NULL, NULL, NULL),
('11605457', 'Elsa Sri Wahyuni', 'P', NULL, NULL, NULL, 20, 'Taj 3', '2016', NULL, NULL, NULL),
('11605459', 'Eneng Nova Permatasari', 'P', NULL, NULL, NULL, 17, 'Cia 4', '2016', NULL, NULL, NULL),
('11605460', 'Eneng Winda Sari', 'P', NULL, NULL, NULL, 28, 'Cia 4', '2016', NULL, NULL, NULL),
('11605461', 'Eriansyah Erangga', 'L', NULL, NULL, NULL, 25, 'Cia 2', '2016', NULL, NULL, NULL),
('11605462', 'Erisa Sri Aulia Dewi', 'P', NULL, NULL, NULL, 17, 'Wik 4', '2016', NULL, NULL, NULL),
('11605464', 'Erza Putri Suryamulyawan', 'P', NULL, NULL, NULL, 18, 'Cic 1', '2016', NULL, NULL, NULL),
('11605465', 'Eva Fauziah Indriani', 'P', NULL, NULL, NULL, 28, 'Cib 2', '2016', NULL, NULL, NULL),
('11605466', 'Evita Febriyanty', 'P', NULL, NULL, NULL, 21, 'Cis 1', '2016', NULL, NULL, NULL),
('11605467', 'Fachrunisa Ardiani', 'P', NULL, NULL, NULL, 21, 'Cic 6', '2016', NULL, NULL, NULL),
('11605469', 'Fadilla Azzahra', 'P', NULL, NULL, NULL, 26, 'Cis 3', '2016', NULL, NULL, NULL),
('11605470', 'Fadlan Naufal', 'L', NULL, NULL, NULL, 23, 'Cib 3', '2016', NULL, NULL, NULL),
('11605471', 'Fadli Abdan Syakur', 'L', NULL, NULL, NULL, 21, 'Wik 4', '2016', NULL, NULL, NULL),
('11605472', 'Fadliansyah Rusly', 'L', NULL, NULL, NULL, 22, 'Cic 1', '2016', NULL, NULL, NULL),
('11605473', 'Fadly Laudza Anggadipraja', 'L', NULL, NULL, NULL, 28, 'Cia 4', '2016', NULL, NULL, NULL),
('11605474', 'Fajar Subeki', 'L', NULL, NULL, NULL, 23, 'Cis 5', '2016', NULL, NULL, NULL),
('11605475', 'Fakih Septiana Nasrulloh', 'L', NULL, NULL, NULL, 19, 'Cis 1', '2016', NULL, NULL, NULL),
('11605476', 'Faradila Intan Osykawati', 'P', NULL, NULL, NULL, 24, 'Cic 1', '2016', NULL, NULL, NULL),
('11605477', 'Farhan Banyu Febryan', 'L', NULL, NULL, NULL, 21, 'Cis 2', '2016', NULL, NULL, NULL),
('11605478', 'Farhan Muhammad', 'L', NULL, NULL, NULL, 24, 'Cic 1', '2016', NULL, NULL, NULL),
('11605479', 'Farika Amanda Setiawan', 'P', NULL, NULL, NULL, 24, 'Cis 2', '2016', NULL, NULL, NULL),
('11605480', 'Farrel Arviana Saulani', 'L', NULL, NULL, NULL, 26, 'Suk 1', '2016', NULL, NULL, NULL),
('11605481', 'Fatma Agustina', 'P', NULL, NULL, NULL, 17, 'Cic 1', '2016', NULL, NULL, NULL),
('11605482', 'Fauzi Fadillah', 'L', NULL, NULL, NULL, 23, 'Wik 1', '2016', NULL, NULL, NULL),
('11605483', 'Fauziah Fazriani', 'P', NULL, NULL, NULL, 18, 'Cib 1', '2016', NULL, NULL, NULL),
('11605484', 'Fauzie Hasbi Assidiqi', 'L', NULL, NULL, NULL, 25, 'Taj 3', '2016', NULL, NULL, NULL),
('11605485', 'Febriani Putri Afgani', 'P', NULL, NULL, NULL, 19, 'Cic 4', '2016', NULL, NULL, NULL),
('11605487', 'Ferdilliano Wazis', 'L', NULL, NULL, NULL, 30, 'Cis 6', '2016', NULL, NULL, NULL),
('11605488', 'Ferdiyan Syaputra', 'L', NULL, NULL, NULL, 22, 'Cic 7', '2016', NULL, NULL, NULL),
('11605489', 'Fetty Fatimah', 'P', NULL, NULL, NULL, 17, 'Cib 3', '2016', NULL, NULL, NULL),
('11605490', 'Fiky Taufik', 'L', NULL, NULL, NULL, 23, 'Cia 4', '2016', NULL, NULL, NULL),
('11605491', 'Firda Nurhidayanti', 'P', NULL, NULL, NULL, 17, 'Taj 4', '2016', NULL, NULL, NULL),
('11605492', 'Fitri Aldeniya', 'P', NULL, NULL, NULL, 28, 'Suk 1', '2016', NULL, NULL, NULL),
('11605493', 'Fitri Handayani', 'P', NULL, NULL, NULL, 20, 'Cis 3', '2016', NULL, NULL, NULL),
('11605494', 'Friska Meyliana', 'P', NULL, NULL, NULL, 19, 'Taj 3', '2016', NULL, NULL, NULL),
('11605495', 'Frista Maulia Putri', 'P', NULL, NULL, NULL, 18, 'Suk 1', '2016', NULL, NULL, NULL),
('11605496', 'Futri Aliepiah Yulianti', 'P', NULL, NULL, NULL, 18, 'Wik 4', '2016', NULL, NULL, NULL),
('11605497', 'Galih Rakasiwi', 'L', NULL, NULL, NULL, 24, 'Cis 2', '2016', NULL, NULL, NULL),
('11605499', 'GENA NOVIA PRILALITA', 'P', NULL, NULL, NULL, 29, 'Cic 6', '2016', NULL, NULL, NULL),
('11605500', 'Ginanjar Hadie Permana', 'L', NULL, NULL, NULL, 28, 'Cia 5', '2016', NULL, NULL, NULL),
('11605501', 'Gunadi Yudawiria', 'L', NULL, NULL, NULL, 28, 'Wik 4', '2016', NULL, NULL, NULL),
('11605502', 'Hafizdul Insan', 'L', NULL, NULL, NULL, 24, 'Taj 4', '2016', NULL, NULL, NULL),
('11605503', 'Haikal Fikri Luzain', 'L', NULL, NULL, NULL, 23, 'Wik 4', '2016', NULL, NULL, NULL),
('11605504', 'Hanida Khairunnisa', 'P', NULL, NULL, NULL, 28, 'Cib 2', '2016', NULL, NULL, NULL),
('11605505', 'Hari Herdiawan', 'L', NULL, NULL, NULL, 22, 'Cia 4', '2016', NULL, NULL, NULL),
('11605506', 'Haris Yowangga', 'L', NULL, NULL, NULL, 26, 'Taj 5', '2016', NULL, NULL, NULL),
('11605507', 'Haryati', 'P', NULL, NULL, NULL, 20, 'Cib 1', '2016', NULL, NULL, NULL),
('11605508', 'Hashfi Ihkamuddin', 'L', NULL, NULL, NULL, 22, 'Suk 1', '2016', NULL, NULL, NULL),
('11605509', 'Herdi Rismansyah', 'L', NULL, NULL, NULL, 25, 'Cia 3', '2016', NULL, NULL, NULL),
('11605510', 'Hira Maulana', 'L', NULL, NULL, NULL, 21, 'Suk 2', '2016', NULL, NULL, NULL),
('11605511', 'Husein Putra Widya Pratama', 'L', NULL, NULL, NULL, 22, 'Cis 4', '2016', NULL, NULL, NULL),
('11605512', 'Ia Siti Robiah', 'P', NULL, NULL, NULL, 31, 'Cis 4', '2016', NULL, NULL, NULL),
('11605513', 'Igo Ferdiawan Syahputra', 'L', NULL, NULL, NULL, 24, 'Wik 4', '2016', NULL, NULL, NULL),
('11605515', 'Ilka Tishia Dalilah', 'P', NULL, NULL, NULL, 29, 'Wik 4', '2016', NULL, NULL, NULL),
('11605516', 'Imam Bahy Putra Susetyo', 'L', NULL, NULL, NULL, 24, 'Wik 4', '2016', NULL, NULL, NULL),
('11605517', 'Imanuel Crucifixio Denta Wirabuana', 'L', NULL, NULL, NULL, 23, 'Cic 4', '2016', NULL, NULL, NULL),
('11605518', 'Indri Meidiani', 'P', NULL, NULL, NULL, 18, 'Cis 5', '2016', NULL, NULL, NULL),
('11605519', 'Indrianingsih', 'P', NULL, NULL, NULL, 19, 'Taj 5', '2016', NULL, NULL, NULL),
('11605520', 'Indriyanti', 'P', NULL, NULL, NULL, 17, 'Cib 1', '2016', NULL, NULL, NULL),
('11605521', 'Inggih Surya Ningsih', 'P', NULL, NULL, NULL, 18, 'Cia 5', '2016', NULL, NULL, NULL),
('11605522', 'Injanurelia Hayat', 'P', NULL, NULL, NULL, 17, 'Cis 2', '2016', NULL, NULL, NULL),
('11605523', 'Intan Gita Pradini', 'P', NULL, NULL, NULL, 27, 'Cic 6', '2016', NULL, NULL, NULL),
('11605524', 'Iputu Aldy Cahya Kusuma', 'L', NULL, NULL, NULL, 23, 'Cic 6', '2016', NULL, NULL, NULL),
('11605525', 'Ires Herlinawati Gunawan', 'P', NULL, NULL, NULL, 30, 'Cib 1', '2016', NULL, NULL, NULL),
('11605526', 'Irfan Priyadi Nurfauzi', 'L', NULL, NULL, NULL, 21, 'Taj 4', '2016', NULL, NULL, NULL),
('11605527', 'Irva Nur Fitriyani', 'P', NULL, NULL, NULL, 20, 'Cis 4', '2016', NULL, NULL, NULL),
('11605528', 'Isra Abdillah Maulana', 'L', NULL, NULL, NULL, 24, 'Cic 6', '2016', NULL, NULL, NULL),
('11605529', 'Janwar Adi Jatmiko', 'L', NULL, NULL, NULL, 27, 'Cic 7', '2016', NULL, NULL, NULL),
('11605530', 'Jessa Ardithya Chriswantoro', 'L', NULL, NULL, NULL, 21, 'Cic 4', '2016', NULL, NULL, NULL),
('11605531', 'Jidan Jaelani', 'L', NULL, NULL, NULL, 24, 'Cis 2', '2016', NULL, NULL, NULL),
('11605532', 'Jihan Miranti', 'P', NULL, NULL, NULL, 21, 'Cic 6', '2016', NULL, NULL, NULL),
('11605533', 'Jonatan Sianipar', 'L', NULL, NULL, NULL, 31, 'Cic 7', '2016', NULL, NULL, NULL),
('11605534', 'Josephine Aprilia Sugianto', 'P', NULL, NULL, NULL, 30, 'Cis 4', '2016', NULL, NULL, NULL),
('11605535', 'Joya Almira Balqist Abigail', 'P', NULL, NULL, NULL, 28, 'Cia 4', '2016', NULL, NULL, NULL),
('11605536', 'Juan Karel Moenty', 'L', NULL, NULL, NULL, 28, 'Taj 2', '2016', NULL, NULL, NULL),
('11605537', 'Karina Nurul Fadilah', 'P', NULL, NULL, NULL, 18, 'Cic 3', '2016', NULL, NULL, NULL),
('11605538', 'Kautsar Albana', 'L', NULL, NULL, NULL, 24, 'Taj 3', '2016', NULL, NULL, NULL),
('11605539', 'Kelvin Dwi Nugraha', 'L', NULL, NULL, NULL, 29, 'Suk 1', '2016', NULL, NULL, NULL),
('11605540', 'Kevin AXL Yohanes Wagey', 'L', NULL, NULL, NULL, 28, 'Cia 4', '2016', NULL, NULL, NULL),
('11605541', 'Khansa Tsabitah Ariyani', 'P', NULL, NULL, NULL, 27, 'Wik 4', '2016', NULL, NULL, NULL),
('11605542', 'Khonsa Khoulah', 'P', NULL, NULL, NULL, 28, 'Cic 6', '2016', NULL, NULL, NULL),
('11605543', 'Laila Holidah Fatmawati', 'P', NULL, NULL, NULL, 19, 'Cic 3', '2016', NULL, NULL, NULL),
('11605544', 'Laili Nurdina', 'P', NULL, NULL, NULL, 19, 'Cis 2', '2016', NULL, NULL, NULL),
('11605545', 'Lalita Darin Kalya', 'P', NULL, NULL, NULL, 29, 'Wik 2', '2016', NULL, NULL, NULL),
('11605546', 'Lia Aditia Putri', 'P', NULL, NULL, NULL, 20, 'Cic 1', '2016', NULL, NULL, NULL),
('11605547', 'Liana Nur Rizqi', 'P', NULL, NULL, NULL, 17, 'Suk 2', '2016', NULL, NULL, NULL),
('11605548', 'Lidia Puspitasari', 'P', NULL, NULL, NULL, 20, 'Suk 1', '2016', NULL, NULL, NULL),
('11605549', 'Lintang Oktavia', 'P', NULL, NULL, NULL, 19, 'Cia 5', '2016', NULL, NULL, NULL),
('11605550', 'Lio Lukman', 'L', NULL, NULL, NULL, 31, 'Cic 7', '2016', NULL, NULL, NULL),
('11605551', 'Lisma Retnawati', 'P', NULL, NULL, NULL, 17, 'Cic 4', '2016', NULL, NULL, NULL),
('11605552', 'Listia Wati', 'P', NULL, NULL, NULL, 17, 'Cia 4', '2016', NULL, NULL, NULL),
('11605553', 'Listiana Putri Utami', 'P', NULL, NULL, NULL, 20, 'Taj 3', '2016', NULL, NULL, NULL),
('11605554', 'Lurin Andriani', 'P', NULL, NULL, NULL, 21, 'Cis 3', '2016', NULL, NULL, NULL),
('11605555', 'Luthfie Zikri Ramdhani', 'L', NULL, NULL, NULL, 24, 'Cic 6', '2016', NULL, NULL, NULL),
('11605556', 'Muhammad Adib Syarif', 'L', NULL, NULL, NULL, 22, 'Wik 4', '2016', NULL, NULL, NULL),
('11605557', 'Muhammad Arif Rahmatullah', 'L', NULL, NULL, NULL, 23, 'Cic 1', '2016', NULL, NULL, NULL),
('11605558', 'M. Baithul Athiq', 'L', NULL, NULL, NULL, 24, 'Wik 4', '2016', NULL, NULL, NULL),
('11605559', 'M. Chairul Anwar', 'L', NULL, NULL, NULL, 24, 'Cis 6', '2016', NULL, NULL, NULL),
('11605560', 'M. Daffa Van Raalten', 'L', NULL, NULL, NULL, 27, 'Cis 4', '2016', NULL, NULL, NULL),
('11605561', 'M. Fajar Putra Sopian', 'L', NULL, NULL, NULL, 21, 'Cis 2', '2016', NULL, NULL, NULL),
('11605562', 'M. Figo Haffidz Akbar', 'L', NULL, NULL, NULL, 21, 'Cis 2', '2016', NULL, NULL, NULL),
('11605563', 'Muhamad Fiqri Rizki Alamsyah', 'L', NULL, NULL, NULL, 31, 'Cis 3', '2016', NULL, NULL, NULL),
('11605564', 'M. Ghifari Fadhlurrahman', 'L', NULL, NULL, NULL, 26, 'Cic 3', '2016', NULL, NULL, NULL),
('11605565', 'M. Rifky Setiadji', 'L', NULL, NULL, NULL, 24, 'Cib 3', '2016', NULL, NULL, NULL),
('11605566', 'M. Rival Rizmawan', 'L', NULL, NULL, NULL, 25, 'Cic 7', '2016', NULL, NULL, NULL),
('11605567', 'M. Rully Fathurahman', 'L', NULL, NULL, NULL, 28, 'Taj 3', '2016', NULL, NULL, NULL),
('11605568', 'Maedina Nur Hikmah', 'P', NULL, NULL, NULL, 26, 'Cis 2', '2016', NULL, NULL, NULL),
('11605569', 'Malwa Saharani', 'P', NULL, NULL, NULL, 27, 'Cis 3', '2016', NULL, NULL, NULL),
('11605570', 'Marwah Oktaviani', 'P', NULL, NULL, NULL, 18, 'Wik 2', '2016', NULL, NULL, NULL),
('11605571', 'Maulana Amsori', 'L', NULL, NULL, NULL, 27, 'Cic 7', '2016', NULL, NULL, NULL),
('11605572', 'Maulana Ramadhan', 'L', NULL, NULL, NULL, 26, 'Taj 4', '2016', NULL, NULL, NULL),
('11605573', 'Mega Lestari', 'P', NULL, NULL, NULL, 18, 'Cia 4', '2016', NULL, NULL, NULL),
('11605575', 'Mega Sulistiawati', 'P', NULL, NULL, NULL, 29, 'Cia 3', '2016', NULL, NULL, NULL),
('11605577', 'Mentari Adelia', 'P', NULL, NULL, NULL, 29, 'Taj 4', '2016', NULL, NULL, NULL),
('11605578', 'Metyo Angga Putra', 'L', NULL, NULL, NULL, 22, 'Cic 7', '2016', NULL, NULL, NULL),
('11605579', 'Mikhail Raihan Ar-rayyan', 'L', NULL, NULL, NULL, 27, 'Cic 1', '2016', NULL, NULL, NULL),
('11605580', 'Mila Rosa', 'P', NULL, NULL, NULL, 22, 'Cic 4', '2016', NULL, NULL, NULL),
('11605581', 'Mila Safitri', 'P', NULL, NULL, NULL, 24, 'Cic 1', '2016', NULL, NULL, NULL),
('11605582', 'Mira Amelia', 'P', NULL, NULL, NULL, 20, 'Cib 2', '2016', NULL, NULL, NULL),
('11605583', 'Moch Fa`ad Fadilah Syarif', 'L', NULL, NULL, NULL, 24, 'Wik 4', '2016', NULL, NULL, NULL),
('11605584', 'Moch. Ilham Alhadi', 'L', NULL, NULL, NULL, 21, 'Cic 3', '2016', NULL, NULL, NULL),
('11605585', 'Moch. Rian Suhada', 'L', NULL, NULL, NULL, 21, 'Cis 4', '2016', NULL, NULL, NULL),
('11605586', 'Mochamad Agil Setiawan', 'L', NULL, NULL, NULL, 28, 'Cia 5', '2016', NULL, NULL, NULL),
('11605587', 'Mochamad Marcel', 'L', NULL, NULL, NULL, 21, 'Taj 4', '2016', NULL, NULL, NULL),
('11605588', 'Mochamad Rifki Ramadhan', 'L', NULL, NULL, NULL, 21, 'Cib 1', '2016', NULL, NULL, NULL),
('11605589', 'Mochamad Syahrul Aripin', 'L', NULL, NULL, NULL, 29, 'Cic 5', '2016', NULL, NULL, NULL),
('11605590', 'Mochammad Ravi Suhendra', 'L', NULL, NULL, NULL, 21, 'Cis 6', '2016', NULL, NULL, NULL),
('11605591', 'Mohamad Dicky Andrian', 'L', NULL, NULL, NULL, 27, 'Taj 4', '2016', NULL, NULL, NULL),
('11605593', 'Mohamad Robby Herlambang', 'L', NULL, NULL, NULL, 25, 'Cic 7', '2016', NULL, NULL, NULL),
('11605594', 'Mohammad Arshy Ramdhani', 'L', NULL, NULL, NULL, 27, 'Cic 5', '2016', NULL, NULL, NULL),
('11605595', 'Muftagi Arman Maulana', 'L', NULL, NULL, NULL, 28, 'Cis 4', '2016', NULL, NULL, NULL),
('11605596', 'Muhamad Adam Zildan', 'L', NULL, NULL, NULL, 30, 'Cis 3', '2016', NULL, NULL, NULL),
('11605597', 'Muhamad Aditya Widicaksono', 'L', NULL, NULL, NULL, 27, 'Taj 2', '2016', NULL, NULL, NULL),
('11605598', 'Muhamad Agus Fikri', 'L', NULL, NULL, NULL, 28, 'Cib 2', '2016', NULL, NULL, NULL),
('11605599', 'Muhamad Ahrul Syamil Ulum', 'L', NULL, NULL, NULL, 23, 'Cis 5', '2016', NULL, NULL, NULL),
('11605600', 'Muhamad Ajwanudin', 'L', NULL, NULL, NULL, 21, 'Cib 3', '2016', NULL, NULL, NULL),
('11605601', 'Muhamad Aldifa Maulana', 'L', NULL, NULL, NULL, 20, 'Cia 5', '2016', NULL, NULL, NULL),
('11605602', 'Muhamad Alfi Ardiansyah', 'L', NULL, NULL, NULL, 25, 'Cis 3', '2016', NULL, NULL, NULL),
('11605603', 'Muhamad Alfin', 'L', NULL, NULL, NULL, 21, 'Cib 2', '2016', NULL, NULL, NULL),
('11605604', 'Muhamad Alif Viandi Zulfikor', 'L', NULL, NULL, NULL, 26, 'Cia 3', '2016', NULL, NULL, NULL),
('11605605', 'Muhamad Aqil Atthoriq', 'L', NULL, NULL, NULL, 30, 'Wik 4', '2016', NULL, NULL, NULL),
('11605606', 'Muhamad Awaludin Nugraha', 'L', NULL, NULL, NULL, 29, 'Cia 4', '2016', NULL, NULL, NULL),
('11605607', 'Muhamad Azril', 'L', NULL, NULL, NULL, 27, 'Taj 4', '2016', NULL, NULL, NULL),
('11605608', 'Muhamad Didi Wahyudi', 'L', NULL, NULL, NULL, 21, 'Cis 4', '2016', NULL, NULL, NULL),
('11605609', 'Muhamad Fikri Haikal', 'L', NULL, NULL, NULL, 31, 'Taj 5', '2016', NULL, NULL, NULL),
('11605610', 'Muhamad Habil Fathurahman', 'L', NULL, NULL, NULL, 28, 'Cia 1', '2016', NULL, NULL, NULL),
('11605611', 'Muhamad Ikhsan Maulana', 'L', NULL, NULL, NULL, 22, 'Cis 5', '2016', NULL, NULL, NULL),
('11605612', 'Muhamad Ilham', 'L', NULL, NULL, NULL, 24, 'Cia 2', '2016', NULL, NULL, NULL),
('11605613', 'Muhamad Ilham Ramadhan', 'L', NULL, NULL, NULL, 28, 'Cis 1', '2016', NULL, NULL, NULL),
('11605614', 'Muhamad Ilham Sihabudin', 'L', NULL, NULL, NULL, 22, 'Wik 1', '2016', NULL, NULL, NULL),
('11605615', 'Muhamad Iqbal Faturrahman', 'L', NULL, NULL, NULL, 22, 'Suk 2', '2016', NULL, NULL, NULL),
('11605616', 'Muhamad Iqbal Nurhadi', 'L', NULL, NULL, NULL, 31, 'Wik 3', '2016', NULL, NULL, NULL),
('11605617', 'Muhamad Jalaludin', 'L', NULL, NULL, NULL, 24, 'Wik 1', '2016', NULL, NULL, NULL),
('11605618', 'Muhamad Meidy Mahardika', 'L', NULL, NULL, NULL, 22, 'Cis 4', '2016', NULL, NULL, NULL),
('11605619', 'Muhamad Miftah', 'L', NULL, NULL, NULL, 23, 'Cib 3', '2016', NULL, NULL, NULL),
('11605620', 'Muhamad Naufal Azmi', 'L', NULL, NULL, NULL, 21, 'Cis 5', '2016', NULL, NULL, NULL),
('11605621', 'Muhamad Naufal Meidiyawan', 'L', NULL, NULL, NULL, 30, 'Cia 1', '2016', NULL, NULL, NULL),
('11605623', 'Muhamad Rafli Irfansyah', 'L', NULL, NULL, NULL, 22, 'Cis 5', '2016', NULL, NULL, NULL),
('11605624', 'Muhammad Raudhon Maulana', 'L', NULL, NULL, NULL, 26, 'Cic 5', '2016', NULL, NULL, NULL),
('11605625', 'Muhamad Rehan', 'L', NULL, NULL, NULL, 25, 'Cis 5', '2016', NULL, NULL, NULL),
('11605626', 'Muhamad Rian Maulana', 'L', NULL, NULL, NULL, 24, 'Suk 2', '2016', NULL, NULL, NULL),
('11605627', 'Muhamad Rifa`i', 'L', NULL, NULL, NULL, 26, 'Cic 4', '2016', NULL, NULL, NULL),
('11605628', 'Muhamad Risky Figo', 'L', NULL, NULL, NULL, 29, 'Cic 7', '2016', NULL, NULL, NULL),
('11605629', 'Muhamad Rivaldi', 'L', NULL, NULL, NULL, 23, 'Cib 3', '2016', NULL, NULL, NULL),
('11605630', 'Muhamad Rizal Erwiansyah', 'L', NULL, NULL, NULL, 24, 'Cib 3', '2016', NULL, NULL, NULL),
('11605631', 'Muhamad Rizki', 'L', NULL, NULL, NULL, 21, 'Taj 5', '2016', NULL, NULL, NULL),
('11605632', 'Muhamad Rizki Maulana', 'L', NULL, NULL, NULL, 25, 'Cis 4', '2016', NULL, NULL, NULL),
('11605633', 'Muhamad Rizky Novriadi', 'L', NULL, NULL, NULL, 27, 'Cia 2', '2016', NULL, NULL, NULL),
('11605634', 'Muhamad Rizqi Permadi', 'L', NULL, NULL, NULL, 29, 'Taj 5', '2016', NULL, NULL, NULL),
('11605635', 'Muhamad Sadam Husen', 'L', NULL, NULL, NULL, 18, 'Cib 3', '2016', NULL, NULL, NULL),
('11605636', 'Muhamad Saprudin', 'L', NULL, NULL, NULL, 31, 'Cib 2', '2016', NULL, NULL, NULL),
('11605637', 'Muhamad Sechan Syadat', 'L', NULL, NULL, NULL, 22, 'Cia 5', '2016', NULL, NULL, NULL),
('11605638', 'Muhamad Sofian Hidayat', 'L', NULL, NULL, NULL, 30, 'Cic 5', '2016', NULL, NULL, NULL),
('11605639', 'Muhamad Sopian Sauri', 'L', NULL, NULL, NULL, 27, 'Cis 3', '2016', NULL, NULL, NULL),
('11605640', 'Muhamad Tubagus Rangga', 'L', NULL, NULL, NULL, 22, 'Cic 3', '2016', NULL, NULL, NULL),
('11605641', 'Muhamad Wildan', 'L', NULL, NULL, NULL, 22, 'Cis 6', '2016', NULL, NULL, NULL),
('11605642', 'Muhamad Yerdilah Riziq', 'L', NULL, NULL, NULL, 25, 'Cic 5', '2016', NULL, NULL, NULL),
('11605643', 'Muhamad Yusdi Fajri', 'L', NULL, NULL, NULL, 25, 'Cis 2', '2016', NULL, NULL, NULL),
('11605645', 'Muhammad Adilla', 'L', NULL, NULL, NULL, 20, 'Taj 4', '2016', NULL, NULL, NULL),
('11605646', 'Muhammad Akbar Maureksa', 'L', NULL, NULL, NULL, 22, 'Wik 4', '2016', NULL, NULL, NULL),
('11605647', 'Muhammad Anjas Ambia', 'L', NULL, NULL, NULL, 26, 'Cic 3', '2016', NULL, NULL, NULL),
('11605648', 'Muhammad Arda Bily', 'L', NULL, NULL, NULL, 27, 'Cia 1', '2016', NULL, NULL, NULL),
('11605649', 'Muhammad Ardiansyah', 'L', NULL, NULL, NULL, 26, 'Cic 4', '2016', NULL, NULL, NULL),
('11605650', 'Muhammad Arif Syauqi Beik', 'L', NULL, NULL, NULL, 27, 'Taj 3', '2016', NULL, NULL, NULL),
('11605651', 'Muhammad Ashadi', 'L', NULL, NULL, NULL, 30, 'Cic 1', '2016', NULL, NULL, NULL),
('11605652', 'Muhammad Azril Akbar', 'L', NULL, NULL, NULL, 23, 'Cic 4', '2016', NULL, NULL, NULL),
('11605653', 'Muhammad Basman Jamal', 'L', NULL, NULL, NULL, 30, 'Suk 2', '2016', NULL, NULL, NULL),
('11605654', 'Muhammad Daud Satibi', 'L', NULL, NULL, NULL, 18, 'Suk 2', '2016', NULL, NULL, NULL),
('11605655', 'Muhammad Dervan Armanda', 'L', NULL, NULL, NULL, 28, 'Cia 1', '2016', NULL, NULL, NULL),
('11605656', 'Muhammad Eggy Abdal Saputra', 'L', NULL, NULL, NULL, 24, 'Cis 3', '2016', NULL, NULL, NULL),
('11605657', 'Muhammad Fahran Januar', 'L', NULL, NULL, NULL, 30, 'Cia 2', '2016', NULL, NULL, NULL),
('11605658', 'Muhammad Fajar Darmawan', 'L', NULL, NULL, NULL, 24, 'Cia 3', '2016', NULL, NULL, NULL),
('11605660', 'Muhammad Farhan Fahrurrozi', 'L', NULL, NULL, NULL, 25, 'Cic 5', '2016', NULL, NULL, NULL),
('11605662', 'Muhammad Febriansyah', 'L', NULL, NULL, NULL, 26, 'Taj 4', '2016', NULL, NULL, NULL),
('11605663', 'Muhammad Fikri Bima Nugraha', 'L', NULL, NULL, NULL, 23, 'Wik 1', '2016', NULL, NULL, NULL),
('11605664', 'Muhammad Fikri Sanjaya', 'L', NULL, NULL, NULL, 27, 'Cic 3', '2016', NULL, NULL, NULL),
('11605665', 'Muhammad Firman Prayoga', 'L', NULL, NULL, NULL, 24, 'Cia 5', '2016', NULL, NULL, NULL),
('11605666', 'Muhammad Hamidi', 'L', NULL, NULL, NULL, 27, 'Cic 3', '2016', NULL, NULL, NULL),
('11605667', 'Muhammad Ikbal Suhada', 'L', NULL, NULL, NULL, 25, 'Cic 3', '2016', NULL, NULL, NULL),
('11605668', 'Muhammad Ilyas', 'L', NULL, NULL, NULL, 21, 'Cis 5', '2016', NULL, NULL, NULL),
('11605669', 'Muhammad Iqbal Febrian', 'L', NULL, NULL, NULL, 27, 'Cia 2', '2016', NULL, NULL, NULL),
('11605670', 'Muhammad Irsan Aditia', 'L', NULL, NULL, NULL, 26, 'Cia 2', '2016', NULL, NULL, NULL),
('11605671', 'Muhammad Lukmanulhakim', 'L', NULL, NULL, NULL, 22, 'Cis 4', '2016', NULL, NULL, NULL),
('11605672', 'Muhammad Lutfi', 'L', NULL, NULL, NULL, 25, 'Cia 5', '2016', NULL, NULL, NULL),
('11605673', 'Muhammad Najib Firdaus', 'L', NULL, NULL, NULL, 24, 'Cis 5', '2016', NULL, NULL, NULL),
('11605674', 'Muhammad Naufal Shabir', 'L', NULL, NULL, NULL, 21, 'Suk 1', '2016', NULL, NULL, NULL),
('11605675', 'Muhammad Nazif', 'L', NULL, NULL, NULL, 25, 'Wik 4', '2016', NULL, NULL, NULL),
('11605678', 'Muhammad Rafizki', 'L', NULL, NULL, NULL, 25, 'Cis 4', '2016', NULL, NULL, NULL),
('11605679', 'Muhammad Ramadhani', 'L', NULL, NULL, NULL, 22, 'Cib 3', '2016', NULL, NULL, NULL),
('11605680', 'Muhammad Ramdhan', 'L', NULL, NULL, NULL, 26, 'Cic 5', '2016', NULL, NULL, NULL),
('11605681', 'Muhammad Randy Maulana', 'L', NULL, NULL, NULL, 29, 'Cia 3', '2016', NULL, NULL, NULL),
('11605683', 'Muhammad Reza Fahlevi Hamzah', 'L', NULL, NULL, NULL, 26, 'Cis 3', '2016', NULL, NULL, NULL),
('11605684', 'Muhammad Rivan Khatami', 'L', NULL, NULL, NULL, 27, 'Suk 1', '2016', NULL, NULL, NULL),
('11605685', 'Muhammad Saepu Baldan', 'L', NULL, NULL, NULL, 30, 'Cic 1', '2016', NULL, NULL, NULL),
('11605686', 'Muhammad Salman Riski Saputra', 'L', NULL, NULL, NULL, 21, 'Cib 3', '2016', NULL, NULL, NULL),
('11605687', 'Muhammad Sopian', 'L', NULL, NULL, NULL, 21, 'Cib 3', '2016', NULL, NULL, NULL),
('11605688', 'Muhammad Suwardi Firdaus', 'L', NULL, NULL, NULL, 25, 'Taj 3', '2016', NULL, NULL, NULL),
('11605689', 'Muhammad Wildan Fauzi', 'L', NULL, NULL, NULL, 26, 'Cib 2', '2016', NULL, NULL, NULL),
('11605690', 'Mukti Prasatya Rahardja', 'L', NULL, NULL, NULL, 28, 'Taj 5', '2016', NULL, NULL, NULL),
('11605691', 'Mupida Safitri', 'P', NULL, NULL, NULL, 18, 'Taj 4', '2016', NULL, NULL, NULL),
('11605692', 'Murni Zulia Hadstuti', 'P', NULL, NULL, NULL, 19, 'Cib 1', '2016', NULL, NULL, NULL),
('11605693', 'Mutiara Rizkyna Arlinda', 'P', NULL, NULL, NULL, 21, 'Cis 4', '2016', NULL, NULL, NULL),
('11605694', 'Mutiara Widianti Sukma', 'P', NULL, NULL, NULL, 21, 'Wik 3', '2016', NULL, NULL, NULL),
('11605695', 'Nabila Fitriani', 'P', NULL, NULL, NULL, 28, 'Cis 2', '2016', NULL, NULL, NULL),
('11605696', 'Nabila Hermawati', 'P', NULL, NULL, NULL, 22, 'Cic 7', '2016', NULL, NULL, NULL),
('11605697', 'Nadia Septiani', 'P', NULL, NULL, NULL, 19, 'Cib 1', '2016', NULL, NULL, NULL),
('11605698', 'Nana Rudiana', 'L', NULL, NULL, NULL, 30, 'Cib 1', '2016', NULL, NULL, NULL),
('11605699', 'Nasir Ahmad', 'L', NULL, NULL, NULL, 31, 'Taj 5', '2016', NULL, NULL, NULL),
('11605700', 'Natasha', 'P', NULL, NULL, NULL, 23, 'Suk 2', '2016', NULL, NULL, NULL),
('11605701', 'Naufal Tiftazani', 'L', NULL, NULL, NULL, 31, 'Cib 1', '2016', NULL, NULL, NULL),
('11605702', 'Naufal Widad Irawan', 'L', NULL, NULL, NULL, 31, 'Cia 1', '2016', NULL, NULL, NULL),
('11605703', 'Navy Putri Marini', 'P', NULL, NULL, NULL, 17, 'Wik 1', '2016', NULL, NULL, NULL),
('11605704', 'Nia Indriani', 'P', NULL, NULL, NULL, 20, 'Cic 3', '2016', NULL, NULL, NULL),
('11605705', 'Niken Rahmadani', 'P', NULL, NULL, NULL, 28, 'Cib 3', '2016', NULL, NULL, NULL),
('11605706', 'Nina Rahma Aulia', 'P', NULL, NULL, NULL, 20, 'Cic 1', '2016', NULL, NULL, NULL),
('11605707', 'Nina Rosdiana', 'P', NULL, NULL, NULL, 29, 'Taj 4', '2016', NULL, NULL, NULL),
('11605708', 'Nisa Maulida', 'P', NULL, NULL, NULL, 18, 'Cib 2', '2016', NULL, NULL, NULL),
('11605709', 'Nita Anggraeni', 'P', NULL, NULL, NULL, 22, 'Taj 4', '2016', NULL, NULL, NULL),
('11605710', 'Nita Elinda', 'P', NULL, NULL, NULL, 25, 'Wik 2', '2016', NULL, NULL, NULL),
('11605711', 'Noer Muhamad Reksy Agus Saputra', 'L', NULL, NULL, NULL, 30, 'Wik 3', '2016', NULL, NULL, NULL),
('11605712', 'Noer Samantha Chaerunnisa', 'P', NULL, NULL, NULL, 18, 'Taj 2', '2016', NULL, NULL, NULL),
('11605713', 'Noor Aghni Aulia Pratiwi', 'P', NULL, NULL, NULL, 28, 'Suk 2', '2016', NULL, NULL, NULL),
('11605714', 'Noviana Eni Marlufi', 'P', NULL, NULL, NULL, 19, 'Cic 1', '2016', NULL, NULL, NULL),
('11605715', 'Noviansyah Caturnanda Saputra', 'L', NULL, NULL, NULL, 26, 'Cis 3', '2016', NULL, NULL, NULL),
('11605716', 'Novica Ardina', 'P', NULL, NULL, NULL, 21, 'Cic 7', '2016', NULL, NULL, NULL),
('11605717', 'Nugi Nugroho', 'L', NULL, NULL, NULL, 25, 'Cic 4', '2016', NULL, NULL, NULL),
('11605718', 'Nur Aini Lubis', 'P', NULL, NULL, NULL, 20, 'Taj 3', '2016', NULL, NULL, NULL),
('11605719', 'Nur Arini Erdiani Soleha', 'P', NULL, NULL, NULL, 19, 'Cic 7', '2016', NULL, NULL, NULL),
('11605720', 'Nur Fitri Apriani Harahap', 'P', NULL, NULL, NULL, 17, 'Cic 3', '2016', NULL, NULL, NULL),
('11605721', 'Nur Khopipah', 'P', NULL, NULL, NULL, 22, 'Taj 4', '2016', NULL, NULL, NULL),
('11605722', 'Nur Muhammad Muddatsir', 'L', NULL, NULL, NULL, 29, 'Cic 6', '2016', NULL, NULL, NULL),
('11605723', 'Nurdian Fitri Ningsih', 'P', NULL, NULL, NULL, 17, 'Wik 2', '2016', NULL, NULL, NULL),
('11605724', 'Nurhadi Yusup', 'L', NULL, NULL, NULL, 26, 'Suk 1', '2016', NULL, NULL, NULL),
('11605725', 'Nurrizki Pratama', 'L', NULL, NULL, NULL, 19, 'Suk 1', '2016', NULL, NULL, NULL),
('11605726', 'Nurul Awaliyaturohmah', 'P', NULL, NULL, NULL, 27, 'Cic 1', '2016', NULL, NULL, NULL),
('11605727', 'Nurul Fauziah', 'P', NULL, NULL, NULL, 17, 'Cic 7', '2016', NULL, NULL, NULL),
('11605728', 'Nurul Qurrotu Aeni', 'P', NULL, NULL, NULL, 28, 'Cia 3', '2016', NULL, NULL, NULL),
('11605729', 'Nurul Salma Musafa', 'P', NULL, NULL, NULL, 20, 'Cic 5', '2016', NULL, NULL, NULL),
('11605730', 'Nyai Misih', 'P', NULL, NULL, NULL, 29, 'Taj 5', '2016', NULL, NULL, NULL),
('11605731', 'Osi Rias Wasubhi', 'L', NULL, NULL, NULL, 25, 'Taj 5', '2016', NULL, NULL, NULL),
('11605732', 'Pipit Nur Apipah', 'P', NULL, NULL, NULL, 20, 'Cic 3', '2016', NULL, NULL, NULL),
('11605733', 'Prama Prakasa', 'L', NULL, NULL, NULL, 24, 'Taj 3', '2016', NULL, NULL, NULL),
('11605734', 'Pramudya Saputra', 'L', NULL, NULL, NULL, 23, 'Cic 4', '2016', NULL, NULL, NULL),
('11605735', 'Pranajaya Sulaiman Basyir', 'L', NULL, NULL, NULL, 21, 'Cib 2', '2016', NULL, NULL, NULL),
('11605736', 'Pratama Miswa Nugraha', 'L', NULL, NULL, NULL, 29, 'Cis 4', '2016', NULL, NULL, NULL),
('11605737', 'Putra Alief Hermawan', 'L', NULL, NULL, NULL, 29, 'Cib 2', '2016', NULL, NULL, NULL),
('11605738', 'Putra Haekal Ghifari', 'L', NULL, NULL, NULL, 26, 'Cib 3', '2016', NULL, NULL, NULL),
('11605739', 'Putri Apryanti', 'P', NULL, NULL, NULL, 17, 'Cib 1', '2016', NULL, NULL, NULL),
('11605740', 'Putri Fadella Ari Aluna', 'P', NULL, NULL, NULL, 18, 'Cic 1', '2016', NULL, NULL, NULL),
('11605741', 'Putri Pratiwi', 'P', NULL, NULL, NULL, 18, 'Cis 3', '2016', NULL, NULL, NULL),
('11605742', 'Putri Salma Wulandari', 'P', NULL, NULL, NULL, 22, 'Cic 3', '2016', NULL, NULL, NULL),
('11605743', 'Putri Siti Nurulita Idris', 'P', NULL, NULL, NULL, 29, 'Cis 6', '2016', NULL, NULL, NULL),
('11605744', 'Putri Yasinta', 'P', NULL, NULL, NULL, 18, 'Taj 3', '2016', NULL, NULL, NULL),
('11605745', 'Putriana Rizka Pamungkas', 'P', NULL, NULL, NULL, 27, 'Cis 2', '2016', NULL, NULL, NULL),
('11605746', 'Putriyani', 'P', NULL, NULL, NULL, 19, 'Cia 3', '2016', NULL, NULL, NULL),
('11605747', 'Qonitat Sholihah', 'P', NULL, NULL, NULL, 17, 'Cis 5', '2016', NULL, NULL, NULL),
('11605748', 'R. Siti Hanipah', 'P', NULL, NULL, NULL, 18, 'Cis 2', '2016', NULL, NULL, NULL),
('11605749', 'Raafi Husain Kamil', 'L', NULL, NULL, NULL, 26, 'Taj 1', '2016', NULL, NULL, NULL),
('11605750', 'Rachel Nanulaitta', 'P', NULL, NULL, NULL, 28, 'Cis 1', '2016', NULL, NULL, NULL),
('11605752', 'Raden Desti Safitri', 'P', NULL, NULL, NULL, 17, 'Cis 4', '2016', NULL, NULL, NULL),
('11605754', 'Raditka Adha', 'L', NULL, NULL, NULL, 24, 'Suk 2', '2016', NULL, NULL, NULL),
('11605755', 'Radja Raiyan Trixy Salafy', 'L', NULL, NULL, NULL, 29, 'Cis 3', '2016', NULL, NULL, NULL),
('11605756', 'Rafa Nur Adilah', 'P', NULL, NULL, NULL, 23, 'Cic 5', '2016', NULL, NULL, NULL),
('11605757', 'Rafi Pratama Merta', 'L', NULL, NULL, NULL, 23, 'Cib 2', '2016', NULL, NULL, NULL),
('11605758', 'Rafli Maulana Rizki', 'L', NULL, NULL, NULL, 23, 'Cia 1', '2016', NULL, NULL, NULL),
('11605759', 'Ragis Nuriansyah Putra', 'L', NULL, NULL, NULL, 31, 'Cis 5', '2016', NULL, NULL, NULL),
('11605760', 'Raihan Fajari', 'L', NULL, NULL, NULL, 23, 'Wik 4', '2016', NULL, NULL, NULL),
('11605763', 'Raka Agus Chandra', 'L', NULL, NULL, NULL, 22, 'Cis 2', '2016', NULL, NULL, NULL),
('11605764', 'Rama Yudha Agustira', 'L', NULL, NULL, NULL, 28, 'Cic 3', '2016', NULL, NULL, NULL),
('11605766', 'Rangga Mahendra Yusup', 'L', NULL, NULL, NULL, 21, 'Taj 3', '2016', NULL, NULL, NULL),
('11605767', 'Rayna Russena', 'P', NULL, NULL, NULL, 27, 'Suk 2', '2016', NULL, NULL, NULL),
('11605768', 'Raysa Afni', 'P', NULL, NULL, NULL, 19, 'Wik 2', '2016', NULL, NULL, NULL),
('11605769', 'Razi Mawlana Yusuf', 'L', NULL, NULL, NULL, 25, 'Wik 4', '2016', NULL, NULL, NULL),
('11605770', 'Refasya Ika Pramesti', 'P', NULL, NULL, NULL, 19, 'Cib 2', '2016', NULL, NULL, NULL),
('11605771', 'Reinandy Fediyanto', 'L', NULL, NULL, NULL, 21, 'Cic 4', '2016', NULL, NULL, NULL),
('11605772', 'Rena Wahyuni', 'P', NULL, NULL, NULL, 17, 'Cia 5', '2016', NULL, NULL, NULL),
('11605773', 'Renata Indah Ningrum Siahaan', 'P', NULL, NULL, NULL, 27, 'Cib 2', '2016', NULL, NULL, NULL),
('11605774', 'Rendy Saputra Jamin', 'L', NULL, NULL, NULL, 28, 'Cia 3', '2016', NULL, NULL, NULL),
('11605775', 'Renisa Qori Adinda', 'P', NULL, NULL, NULL, 18, 'Cib 2', '2016', NULL, NULL, NULL),
('11605776', 'Resya Putri Kemala', 'P', NULL, NULL, NULL, 29, 'Cis 1', '2016', NULL, NULL, NULL),
('11605777', 'Reva Putri Amalia', 'P', NULL, NULL, NULL, 29, 'Taj 5', '2016', NULL, NULL, NULL),
('11605778', 'Revanza Wicak Pangestu', 'L', NULL, NULL, NULL, 31, 'Cic 4', '2016', NULL, NULL, NULL),
('11605779', 'Reynaldi Saputra', 'L', NULL, NULL, NULL, 31, 'Cic 6', '2016', NULL, NULL, NULL),
('11605780', 'Reza Fitria Tarwiyah', 'P', NULL, NULL, NULL, 20, 'Cic 3', '2016', NULL, NULL, NULL),
('11605781', 'Reza Kharisma Muhammad', 'L', NULL, NULL, NULL, 26, 'Cic 6', '2016', NULL, NULL, NULL),
('11605782', 'Rhavy Julian Pradana', 'L', NULL, NULL, NULL, 31, 'Cib 1', '2016', NULL, NULL, NULL),
('11605783', 'Rian Subagya', 'L', NULL, NULL, NULL, 26, 'Taj 3', '2016', NULL, NULL, NULL),
('11605784', 'Ricken Fillany', 'P', NULL, NULL, NULL, 20, 'Cic 7', '2016', NULL, NULL, NULL),
('11605785', 'Rifki Ananda', 'L', NULL, NULL, NULL, 17, 'Cia 3', '2016', NULL, NULL, NULL),
('11605786', 'Rifki Rustandi', 'L', NULL, NULL, NULL, 22, 'Cia 4', '2016', NULL, NULL, NULL),
('11605788', 'Rifqi Faadillah Azhar', 'L', NULL, NULL, NULL, 30, 'Cia 3', '2016', NULL, NULL, NULL),
('11605789', 'Rihan Alrieva Prihadi', 'L', NULL, NULL, NULL, 29, 'Cis 5', '2016', NULL, NULL, NULL),
('11605790', 'Rika Rahmawati', 'P', NULL, NULL, NULL, 19, 'Cia 2', '2016', NULL, NULL, NULL),
('11605791', 'Riky Wijaya', 'L', NULL, NULL, NULL, 21, 'Cis 3', '2016', NULL, NULL, NULL),
('11605792', 'Rima Regiani', 'P', NULL, NULL, NULL, 22, 'Cib 1', '2016', NULL, NULL, NULL),
('11605793', 'Rina Alawiyah', 'P', NULL, NULL, NULL, 20, 'Cic 4', '2016', NULL, NULL, NULL),
('11605794', 'Rini Indriyani', 'P', NULL, NULL, NULL, 17, 'Cia 3', '2016', NULL, NULL, NULL),
('11605795', 'Rio Maulana', 'L', NULL, NULL, NULL, 31, 'Taj 4', '2016', NULL, NULL, NULL),
('11605796', 'Riri Nurma Herwini', 'P', NULL, NULL, NULL, 18, 'Cis 6', '2016', NULL, NULL, NULL),
('11605797', 'Riska Ekayana Putri', 'P', NULL, NULL, NULL, 20, 'Cic 3', '2016', NULL, NULL, NULL),
('11605798', 'Riska Sulistiawati', 'P', NULL, NULL, NULL, 29, 'Wik 3', '2016', NULL, NULL, NULL),
('11605799', 'Risma Yunianti', 'P', NULL, NULL, NULL, 17, 'Cis 3', '2016', NULL, NULL, NULL),
('11605800', 'Riyan Maulana Putra', 'L', NULL, NULL, NULL, 22, 'Taj 3', '2016', NULL, NULL, NULL),
('11605801', 'Rizal Bimantoro', 'L', NULL, NULL, NULL, 29, 'Cic 1', '2016', NULL, NULL, NULL),
('11605802', 'Rizal Ikhsan Pratama', 'L', NULL, NULL, NULL, 27, 'Taj 1', '2016', NULL, NULL, NULL),
('11605803', 'Rizki Indra Bayu', 'L', NULL, NULL, NULL, 26, 'Cib 1', '2016', NULL, NULL, NULL),
('11605804', 'Rizky Nasrullah', 'L', NULL, NULL, NULL, 27, 'Cia 1', '2016', NULL, NULL, NULL),
('11605805', 'Rizky Widiyanto', 'L', NULL, NULL, NULL, 23, 'Suk 2', '2016', NULL, NULL, NULL),
('11605806', 'Robbi Hably Minassholihyn', 'L', NULL, NULL, NULL, 25, 'Taj 4', '2016', NULL, NULL, NULL),
('11605807', 'Runi Khaerunisa', 'P', NULL, NULL, NULL, 18, 'Cis 6', '2016', NULL, NULL, NULL),
('11605808', 'Ruslan Fadilah', 'L', NULL, NULL, NULL, 28, 'Cis 4', '2016', NULL, NULL, NULL),
('11605809', 'Ryan Prasastian', 'L', NULL, NULL, NULL, 31, 'Cis 2', '2016', NULL, NULL, NULL),
('11605811', 'Saeful Reiza Nourmansah', 'L', NULL, NULL, NULL, 25, 'Cic 5', '2016', NULL, NULL, NULL),
('11605812', 'Saefullah Wafa', 'L', NULL, NULL, NULL, 25, 'Cic 7', '2016', NULL, NULL, NULL),
('11605813', 'Safinah Apriliyani', 'P', NULL, NULL, NULL, 18, 'Cic 3', '2016', NULL, NULL, NULL),
('11605814', 'Safitri Suci Rahayu', 'P', NULL, NULL, NULL, 29, 'Cic 3', '2016', NULL, NULL, NULL),
('11605815', 'Saiful Maulana', 'L', NULL, NULL, NULL, 31, 'Taj 4', '2016', NULL, NULL, NULL),
('11605816', 'Salma Nazhifah', 'P', NULL, NULL, NULL, 29, 'Cib 2', '2016', NULL, NULL, NULL),
('11605817', 'Salman Hardi Priatna', 'L', NULL, NULL, NULL, 30, 'Cic 7', '2016', NULL, NULL, NULL),
('11605818', 'Salsa Aulia Anjari', 'P', NULL, NULL, NULL, 27, 'Cic 7', '2016', NULL, NULL, NULL),
('11605819', 'Salsabila Qurotuain', 'P', NULL, NULL, NULL, 21, 'Cic 6', '2016', NULL, NULL, NULL),
('11605820', 'Salsadilah', 'P', NULL, NULL, NULL, 28, 'Cib 1', '2016', NULL, NULL, NULL),
('11605821', 'Salsha Desviani', 'P', NULL, NULL, NULL, 18, 'Cia 3', '2016', NULL, NULL, NULL),
('11605822', 'Salwa Rizky Aulia', 'P', NULL, NULL, NULL, 17, 'Cic 5', '2016', NULL, NULL, NULL),
('11605823', 'Salzhadina Anggita', 'P', NULL, NULL, NULL, 28, 'Taj 4', '2016', NULL, NULL, NULL),
('11605824', 'Sandhika Ferly Sidiq', 'L', NULL, NULL, NULL, 31, 'Cic 5', '2016', NULL, NULL, NULL),
('11605826', 'Sandra Zettira', 'P', NULL, NULL, NULL, 19, 'Cic 1', '2016', NULL, NULL, NULL),
('11605827', 'Saprila Wijaya', 'P', NULL, NULL, NULL, 26, 'Cia 5', '2016', NULL, NULL, NULL),
('11605828', 'Sari Nurfika', 'P', NULL, NULL, NULL, 20, 'Cia 5', '2016', NULL, NULL, NULL),
('11605829', 'Saripah Nabila', 'P', NULL, NULL, NULL, 22, 'Taj 3', '2016', NULL, NULL, NULL),
('11605830', 'Saskia Intan Ramadhanti', 'P', NULL, NULL, NULL, 19, 'Cib 1', '2016', NULL, NULL, NULL),
('11605831', 'Satrio Nuur Adi Prawiro', 'L', NULL, NULL, NULL, 22, 'Cic 4', '2016', NULL, NULL, NULL),
('11605833', 'Sehira Agya Salsabillah', 'P', NULL, NULL, NULL, 20, 'Cib 3', '2016', NULL, NULL, NULL),
('11605834', 'Selvi Noviliana', 'P', NULL, NULL, NULL, 17, 'Cic 5', '2016', NULL, NULL, NULL),
('11605835', 'Sendy Hartanto', 'L', NULL, NULL, NULL, 22, 'Taj 5', '2016', NULL, NULL, NULL);
INSERT INTO `tbl_siswa` (`nis`, `nama`, `jk`, `tgl_lahir`, `alamat`, `agama`, `kode_rombel`, `kode_rayon`, `tahun_masuk`, `password`, `tgl_update`, `user_update`) VALUES
('11605836', 'Sephia Tri Handayani', 'P', NULL, NULL, NULL, 31, 'Wik 4', '2016', NULL, NULL, NULL),
('11605837', 'Septi Hatami Selvia Muntila', 'P', NULL, NULL, NULL, 31, 'Cic 1', '2016', NULL, NULL, NULL),
('11605838', 'Septia Arieska', 'P', NULL, NULL, NULL, 27, 'Cis 3', '2016', NULL, NULL, NULL),
('11605839', 'Septiani Zulkarnain', 'P', NULL, NULL, NULL, 18, 'Taj 5', '2016', NULL, NULL, NULL),
('11605840', 'Septio Surya Mustaqim', 'L', NULL, NULL, NULL, 25, 'Wik 2', '2016', NULL, NULL, NULL),
('11605841', 'Shantika Dwi', 'P', NULL, NULL, NULL, 28, 'Wik 3', '2016', NULL, NULL, NULL),
('11605842', 'Shevtya Rahmawaty', 'P', NULL, NULL, NULL, 30, 'Wik 1', '2016', NULL, NULL, NULL),
('11605843', 'Shofi Luthfiah', 'P', NULL, NULL, NULL, 31, 'Taj 4', '2016', NULL, NULL, NULL),
('11605844', 'Silvi Anggiastuti', 'P', NULL, NULL, NULL, 19, 'Cis 6', '2016', NULL, NULL, NULL),
('11605845', 'Silvi Nurfadhilah', 'P', NULL, NULL, NULL, 18, 'Cia 1', '2016', NULL, NULL, NULL),
('11605846', 'Silvia Anggraeni', 'P', NULL, NULL, NULL, 20, 'Cia 5', '2016', NULL, NULL, NULL),
('11605847', 'Silvia Irma Wahyudi', 'P', NULL, NULL, NULL, 28, 'Taj 5', '2016', NULL, NULL, NULL),
('11605848', 'Sindi Iklimah Nurul Apriani', 'P', NULL, NULL, NULL, 17, 'Cia 4', '2016', NULL, NULL, NULL),
('11605849', 'Siti Alfi Wahidah', 'P', NULL, NULL, NULL, 30, 'Cis 5', '2016', NULL, NULL, NULL),
('11605850', 'Siti Amalia Ihsan', 'P', NULL, NULL, NULL, 17, 'Cia 5', '2016', NULL, NULL, NULL),
('11605851', 'Siti Assyifah', 'P', NULL, NULL, NULL, 29, 'Cis 4', '2016', NULL, NULL, NULL),
('11605852', 'Siti Halimah', 'P', NULL, NULL, NULL, 19, 'Wik 1', '2016', NULL, NULL, NULL),
('11605853', 'Siti Inayatul Wahidah', 'P', NULL, NULL, NULL, 18, 'Cic 7', '2016', NULL, NULL, NULL),
('11605854', 'Siti Jahra', 'P', NULL, NULL, NULL, 22, 'Cic 6', '2016', NULL, NULL, NULL),
('11605855', 'Siti Khodijah', 'P', NULL, NULL, NULL, 19, 'Cis 4', '2016', NULL, NULL, NULL),
('11605856', 'Siti Mariam', 'P', NULL, NULL, NULL, 17, 'Suk 1', '2016', NULL, NULL, NULL),
('11605857', 'Siti Maryamah', 'P', NULL, NULL, NULL, 18, 'Cia 2', '2016', NULL, NULL, NULL),
('11605858', 'Siti Maulidia Sa`adah', 'P', NULL, NULL, NULL, 19, 'Suk 1', '2016', NULL, NULL, NULL),
('11605859', 'Siti Meika Anggita', 'P', NULL, NULL, NULL, 20, 'Cis 5', '2016', NULL, NULL, NULL),
('11605860', 'Siti Meliawati', 'P', NULL, NULL, NULL, 19, 'Cia 4', '2016', NULL, NULL, NULL),
('11605861', 'Siti Nabila Huda', 'P', NULL, NULL, NULL, 23, 'Cib 3', '2016', NULL, NULL, NULL),
('11605862', 'Siti Nadea', 'P', NULL, NULL, NULL, 19, 'Cic 5', '2016', NULL, NULL, NULL),
('11605863', 'Siti Novi Nurkomala', 'P', NULL, NULL, NULL, 18, 'Cia 2', '2016', NULL, NULL, NULL),
('11605864', 'Siti Nur Aulia', 'P', NULL, NULL, NULL, 20, 'Cic 5', '2016', NULL, NULL, NULL),
('11605865', 'Siti Nur Ubed Ubaedillah', 'P', NULL, NULL, NULL, 24, 'Cis 4', '2016', NULL, NULL, NULL),
('11605866', 'Siti Nuraeni', 'P', NULL, NULL, NULL, 17, 'Cic 7', '2016', NULL, NULL, NULL),
('11605867', 'Siti Nurheriah', 'P', NULL, NULL, NULL, 20, 'Cia 3', '2016', NULL, NULL, NULL),
('11605868', 'Siti Nurul Fadilah', 'P', NULL, NULL, NULL, 17, 'Cib 3', '2016', NULL, NULL, NULL),
('11605869', 'Siti Robiatul Adawiah', 'P', NULL, NULL, NULL, 18, 'Cis 1', '2016', NULL, NULL, NULL),
('11605870', 'Siti Salbia Sundava', 'P', NULL, NULL, NULL, 17, 'Cis 3', '2016', NULL, NULL, NULL),
('11605871', 'Siti Salwawati', 'P', NULL, NULL, NULL, 30, 'Cia 1', '2016', NULL, NULL, NULL),
('11605872', 'Siti Sarah', 'P', NULL, NULL, NULL, 29, 'Cia 2', '2016', NULL, NULL, NULL),
('11605873', 'Siti Silvani Nahrulita', 'P', NULL, NULL, NULL, 18, 'Cis 6', '2016', NULL, NULL, NULL),
('11605874', 'Siti Syahda Rana Areta', 'P', NULL, NULL, NULL, 24, 'Cib 2', '2016', NULL, NULL, NULL),
('11605875', 'Siti Syarah Namira Nur Azizah', 'P', NULL, NULL, NULL, 18, 'Taj 4', '2016', NULL, NULL, NULL),
('11605876', 'Siti Yulia Nengsih', 'P', NULL, NULL, NULL, 19, 'Cic 4', '2016', NULL, NULL, NULL),
('11605877', 'Siti Yulianti', 'P', NULL, NULL, NULL, 19, 'Cic 7', '2016', NULL, NULL, NULL),
('11605878', 'Sopiatunisa', 'P', NULL, NULL, NULL, 23, 'Taj 2', '2016', NULL, NULL, NULL),
('11605879', 'Sri Indriyani', 'P', NULL, NULL, NULL, 20, 'Taj 5', '2016', NULL, NULL, NULL),
('11605880', 'Sri Putri Mentari', 'P', NULL, NULL, NULL, 23, 'Cis 5', '2016', NULL, NULL, NULL),
('11605881', 'Sri Ratih', 'P', NULL, NULL, NULL, 19, 'Cib 2', '2016', NULL, NULL, NULL),
('11605882', 'Sri Siti Wahyuni', 'P', NULL, NULL, NULL, 20, 'Cis 3', '2016', NULL, NULL, NULL),
('11605883', 'Suci Ardila Citra', 'P', NULL, NULL, NULL, 24, 'Cib 2', '2016', NULL, NULL, NULL),
('11605884', 'Suci Putri Agnesia', 'P', NULL, NULL, NULL, 24, 'Cic 6', '2016', NULL, NULL, NULL),
('11605885', 'Sulhan Susanto', 'L', NULL, NULL, NULL, 25, 'Taj 3', '2016', NULL, NULL, NULL),
('11605886', 'Sultan Putra Ramadan', 'L', NULL, NULL, NULL, 28, 'Cia 3', '2016', NULL, NULL, NULL),
('11605887', 'Susanto', 'L', NULL, NULL, NULL, 24, 'Cis 5', '2016', NULL, NULL, NULL),
('11605888', 'Syabrina Salsabilla', 'P', NULL, NULL, NULL, 31, 'Taj 2', '2016', NULL, NULL, NULL),
('11605889', 'Syahril Sidik', 'L', NULL, NULL, NULL, 25, 'Cib 3', '2016', NULL, NULL, NULL),
('11605890', 'Syahrul Kamal', 'L', NULL, NULL, NULL, 26, 'Cis 6', '2016', NULL, NULL, NULL),
('11605891', 'Syifa Dwi Anindita Putri', 'P', NULL, NULL, NULL, 29, 'Wik 3', '2016', NULL, NULL, NULL),
('11605892', 'Syifa Fitriawati', 'P', NULL, NULL, NULL, 17, 'Cia 5', '2016', NULL, NULL, NULL),
('11605893', 'Syifa Gita Meilani', 'P', NULL, NULL, NULL, 31, 'Wik 2', '2016', NULL, NULL, NULL),
('11605895', 'Syifa Putri Apriliani', 'P', NULL, NULL, NULL, 30, 'Cic 3', '2016', NULL, NULL, NULL),
('11605896', 'Sylvia Julianti', 'P', NULL, NULL, NULL, 17, 'Cic 3', '2016', NULL, NULL, NULL),
('11605897', 'Tania Pratiwi', 'P', NULL, NULL, NULL, 30, 'Cib 1', '2016', NULL, NULL, NULL),
('11605898', 'Tarisa Fajarina Satiri', 'P', NULL, NULL, NULL, 20, 'Cia 5', '2016', NULL, NULL, NULL),
('11605899', 'Tasha Andini Afiany', 'P', NULL, NULL, NULL, 18, 'Cib 1', '2016', NULL, NULL, NULL),
('11605900', 'Teddy Haryadi', 'L', NULL, NULL, NULL, 30, 'Cic 6', '2016', NULL, NULL, NULL),
('11605901', 'Tedi Alamsyah', 'L', NULL, NULL, NULL, 22, 'Cic 4', '2016', NULL, NULL, NULL),
('11605902', 'Teresa Angelina', 'P', NULL, NULL, NULL, 27, 'Suk 2', '2016', NULL, NULL, NULL),
('11605903', 'Tesa Nurdiani', 'P', NULL, NULL, NULL, 17, 'Taj 4', '2016', NULL, NULL, NULL),
('11605904', 'Thoriq Abdul Basit', 'L', NULL, NULL, NULL, 27, 'Wik 1', '2016', NULL, NULL, NULL),
('11605905', 'Tian Ardiansyah Erlangga', 'L', NULL, NULL, NULL, 26, 'Cis 2', '2016', NULL, NULL, NULL),
('11605906', 'Tobias Vinsensius Pradana', 'L', NULL, NULL, NULL, 22, 'Wik 1', '2016', NULL, NULL, NULL),
('11605907', 'Tri Wulan Dari', 'P', NULL, NULL, NULL, 18, 'Cis 4', '2016', NULL, NULL, NULL),
('11605908', 'Tubagus Alif Syahrul Ramdoni', 'L', NULL, NULL, NULL, 23, 'Taj 4', '2016', NULL, NULL, NULL),
('11605909', 'Vina Nuralviani', 'P', NULL, NULL, NULL, 30, 'Cia 5', '2016', NULL, NULL, NULL),
('11605910', 'Virna Ameliana Putri', 'P', NULL, NULL, NULL, 27, 'Taj 5', '2016', NULL, NULL, NULL),
('11605911', 'Virnanda Asmy Luckyta', 'P', NULL, NULL, NULL, 19, 'Cic 5', '2016', NULL, NULL, NULL),
('11605912', 'Wahyudis Hapitaliani', 'P', NULL, NULL, NULL, 19, 'Cia 3', '2016', NULL, NULL, NULL),
('11605913', 'Wahyuni', 'P', NULL, NULL, NULL, 20, 'Taj 5', '2016', NULL, NULL, NULL),
('11605914', 'Wanda Hamidah', 'P', NULL, NULL, NULL, 20, 'Cib 3', '2016', NULL, NULL, NULL),
('11605915', 'Wida Widiyanti Aprilia', 'P', NULL, NULL, NULL, 25, 'Cic 1', '2016', NULL, NULL, NULL),
('11605916', 'Willy Halim', 'L', NULL, NULL, NULL, 31, 'Cis 4', '2016', NULL, NULL, NULL),
('11605917', 'Windi Nuratmalia', 'P', NULL, NULL, NULL, 28, 'Taj 5', '2016', NULL, NULL, NULL),
('11605918', 'Yovan Arya Nugraha', 'L', NULL, NULL, NULL, 31, 'Taj 3', '2016', NULL, NULL, NULL),
('11605919', 'Yurisa Iryolusiadivi', 'P', NULL, NULL, NULL, 20, 'Taj 2', '2016', NULL, NULL, NULL),
('11605920', 'Yushi Nur Afifah', 'P', NULL, NULL, NULL, 19, 'Cia 4', '2016', NULL, NULL, NULL),
('11605921', 'Zainal Arifin Famungkas', 'L', NULL, NULL, NULL, 25, 'Wik 1', '2016', NULL, NULL, NULL),
('11605922', 'Zeta Caradiva Bulansari', 'P', NULL, NULL, NULL, 18, 'Cis 3', '2016', NULL, NULL, NULL),
('11605923', 'Zhafari Irsyad', 'L', NULL, NULL, NULL, 23, 'Cia 5', '2016', NULL, NULL, NULL),
('11605924', 'Zhofran Dhiqo Wibisono Wijayanto', 'L', NULL, NULL, NULL, 24, 'Wik 2', '2016', NULL, NULL, NULL),
('11605926', 'Indra Aulia Gustaldi', 'L', NULL, NULL, NULL, 25, 'Taj 1', '2016', NULL, NULL, NULL),
('11605927', 'Shazira Rizky Wahyudi', 'P', NULL, NULL, NULL, 19, 'SUK 1', '2016', NULL, NULL, NULL),
('11705928', 'Abednego Wicaksono Prasetyo', 'L', NULL, NULL, NULL, 5, 'Suk 1', '2017', NULL, NULL, NULL),
('11705929', 'Abimanyu Pamungkas', 'L', NULL, NULL, NULL, 12, 'Wik 2', '2017', NULL, NULL, NULL),
('11705930', 'Addafi Siraz Muzani', 'L', NULL, NULL, NULL, 5, 'Cis 1', '2017', NULL, NULL, NULL),
('11705931', 'Ade Liana Ankuspa Putri', 'P', NULL, NULL, NULL, 4, 'Wik 1', '2017', NULL, NULL, NULL),
('11705932', 'Adelia Adisthyani', 'P', NULL, NULL, NULL, 1, 'Cic 6', '2017', NULL, NULL, NULL),
('11705933', 'Adelia Sandra Dwi Endang Putri', 'P', NULL, NULL, NULL, 1, 'Cic 2', '2017', NULL, NULL, NULL),
('11705934', 'Adella Aprilia', 'P', NULL, NULL, NULL, 15, 'Taj 5', '2017', NULL, NULL, NULL),
('11705935', 'Adiska Aulia Erwin ', 'P', NULL, NULL, NULL, 4, 'Cib 1', '2017', NULL, NULL, NULL),
('11705936', 'Aditya Putra', 'L', NULL, NULL, NULL, 8, 'Wik 2', '2017', NULL, NULL, NULL),
('11705937', 'Agistie Nanda Pratiwie', 'P', NULL, NULL, NULL, 10, 'Cis 1', '2017', NULL, NULL, NULL),
('11705938', 'Agnes Agustin', 'P', NULL, NULL, NULL, 6, 'Taj 3', '2017', NULL, NULL, NULL),
('11705939', 'Agnes Angela Surya Febriani', 'P', NULL, NULL, NULL, 3, 'Cis 6', '2017', NULL, NULL, NULL),
('11705940', 'Agung Hendrawan', 'L', NULL, NULL, NULL, 10, 'Cic 7', '2017', NULL, NULL, NULL),
('11705941', 'Agung Mardiansyah', 'L', NULL, NULL, NULL, 8, 'Cia 5', '2017', NULL, NULL, NULL),
('11705942', 'Ahmad Arfan Permadi', 'L', NULL, NULL, NULL, 7, 'Cia 1', '2017', NULL, NULL, NULL),
('11705943', 'Ahmad Barizie Sirojul Ilmi', 'L', NULL, NULL, NULL, 8, 'Cis 1', '2017', NULL, NULL, NULL),
('11705944', 'Ahmad Daffa Dhaifullah', 'L', NULL, NULL, NULL, 6, 'Cib 2', '2017', NULL, NULL, NULL),
('11705945', 'Ahmad Maulana Yusuf', 'L', NULL, NULL, NULL, 9, 'Taj 3', '2017', NULL, NULL, NULL),
('11705946', 'Ahmad Taufik Rahman', 'L', NULL, NULL, NULL, 4, 'Cib 2', '2017', NULL, NULL, NULL),
('11705947', 'Ajeng Gaida Kartika Dewi', 'P', NULL, NULL, NULL, 14, 'Taj 2', '2017', NULL, NULL, NULL),
('11705948', 'Akbar Kartiko', 'L', NULL, NULL, NULL, 12, 'Taj 2', '2017', NULL, NULL, NULL),
('11705949', 'Akbar Yusuf Saputra', 'L', NULL, NULL, NULL, 6, 'Cis 2', '2017', NULL, NULL, NULL),
('11705950', 'Aldi Susanto', 'L', NULL, NULL, NULL, 7, 'Cis 5', '2017', NULL, NULL, NULL),
('11705951', 'Alfina Azzahra', 'P', NULL, NULL, NULL, 12, 'Cia 2', '2017', NULL, NULL, NULL),
('11705952', 'Alfiya Damayanti', 'P', NULL, NULL, NULL, 15, 'Cic 2', '2017', NULL, NULL, NULL),
('11705953', 'Alif Adnan Ali', 'L', NULL, NULL, NULL, 15, 'Taj 5', '2017', NULL, NULL, NULL),
('11705954', 'Alif Firmansyah', 'L', NULL, NULL, NULL, 3, 'Taj 4', '2017', NULL, NULL, NULL),
('11705955', 'Aliya Rahmawati', 'P', NULL, NULL, NULL, 1, 'Suk 1', '2017', NULL, NULL, NULL),
('11705956', 'Aliyah Rachma Yunita', 'P', NULL, NULL, NULL, 1, 'Cib 1', '2017', NULL, NULL, NULL),
('11705957', 'Alvaro Fadillah Bachri', 'L', NULL, NULL, NULL, 8, 'Cic 4', '2017', NULL, NULL, NULL),
('11705958', 'Alya Shafira', 'P', NULL, NULL, NULL, 13, 'Cib 3', '2017', NULL, NULL, NULL),
('11705959', 'Ananda Citra Hasyaputri', 'P', NULL, NULL, NULL, 14, 'Cic 5', '2017', NULL, NULL, NULL),
('11705960', 'Ananda Desita Putri', 'P', NULL, NULL, NULL, 13, 'Cis 2', '2017', NULL, NULL, NULL),
('11705961', 'Ananda Tri Agustin', 'P', NULL, NULL, NULL, 13, 'Cib 3', '2017', NULL, NULL, NULL),
('11705962', 'Andhina Yorisa', 'P', NULL, NULL, NULL, 16, 'Suk 2', '2017', NULL, NULL, NULL),
('11705963', 'Andi Raihan Maulana', 'L', NULL, NULL, NULL, 15, 'Cic 5', '2017', NULL, NULL, NULL),
('11705964', 'Andini Amalia Suwardi', 'P', NULL, NULL, NULL, 2, 'Cia 3', '2017', NULL, NULL, NULL),
('11705965', 'Andre Setiawan', 'L', NULL, NULL, NULL, 16, 'Taj 5', '2017', NULL, NULL, NULL),
('11705966', 'Andri Oktavian', 'L', NULL, NULL, NULL, 12, 'Cia 2', '2017', NULL, NULL, NULL),
('11705967', 'Anesty Melva Suwandi', 'P', NULL, NULL, NULL, 13, 'Cib 3', '2017', NULL, NULL, NULL),
('11705968', 'Angelive Hilsunny', 'P', NULL, NULL, NULL, 12, 'Suk 1', '2017', NULL, NULL, NULL),
('11705969', 'Anggun Febri Hetisa Putri', 'P', NULL, NULL, NULL, 9, 'Wik 3', '2017', NULL, NULL, NULL),
('11705970', 'Anindia Febriyanti', 'P', NULL, NULL, NULL, 2, 'Cia 1', '2017', NULL, NULL, NULL),
('11705971', 'Anisa Cahyani', 'P', NULL, NULL, NULL, 15, 'Cis 3', '2017', NULL, NULL, NULL),
('11705972', 'Anisa Yahayati', 'P', NULL, NULL, NULL, 7, 'Wik 1', '2017', NULL, NULL, NULL),
('11705973', 'Annisa Haryoko', 'P', NULL, NULL, NULL, 9, 'Cis 4', '2017', NULL, NULL, NULL),
('11705974', 'Anzeli Ratu Zahra Zalianti', 'P', NULL, NULL, NULL, 1, 'Cib 3', '2017', NULL, NULL, NULL),
('11705975', 'Ardiyanti Nada Aqilah', 'P', NULL, NULL, NULL, 16, 'Taj 1', '2017', NULL, NULL, NULL),
('11705976', 'Ardyansyah Bayu Candra Sopyan', 'L', NULL, NULL, NULL, 10, 'Cic 7', '2017', NULL, NULL, NULL),
('11705977', 'Arif Fadhlurrohman', 'L', NULL, NULL, NULL, 7, 'Taj 1', '2017', NULL, NULL, NULL),
('11705978', 'Ariq Heritsa Maalik', 'L', NULL, NULL, NULL, 4, 'Wik 1', '2017', NULL, NULL, NULL),
('11705979', 'Arjuna Efenus De Silalahi', 'L', NULL, NULL, NULL, 4, 'Cib 1', '2017', NULL, NULL, NULL),
('11705980', 'Arnita Dwi Yuliyanti', 'P', NULL, NULL, NULL, 1, 'Cic 6', '2017', NULL, NULL, NULL),
('11705981', 'Artias Fahsya Annisa', 'P', NULL, NULL, NULL, 13, 'Cic 7', '2017', NULL, NULL, NULL),
('11705982', 'Arya Rizal Mulqi', 'L', NULL, NULL, NULL, 13, 'Cib 2', '2017', NULL, NULL, NULL),
('11705983', 'Asri Kumala', 'P', NULL, NULL, NULL, 16, 'Cia 4', '2017', NULL, NULL, NULL),
('11705984', 'Astri Utami Febriani', 'P', NULL, NULL, NULL, 12, 'Cia 1', '2017', NULL, NULL, NULL),
('11705985', 'Astrid Novika Damayanti', 'P', NULL, NULL, NULL, 4, 'Cic 7', '2017', NULL, NULL, NULL),
('11705986', 'Aulia Mutiara', 'P', NULL, NULL, NULL, 8, 'Suk 2', '2017', NULL, NULL, NULL),
('11705987', 'Aurelia Agustin', 'P', NULL, NULL, NULL, 11, 'Cis 4', '2017', NULL, NULL, NULL),
('11705988', 'Awal Nurizki', 'L', NULL, NULL, NULL, 10, 'Cis 2', '2017', NULL, NULL, NULL),
('11705989', 'Awaliah Zulhaida', 'P', NULL, NULL, NULL, 15, 'Cic 5', '2017', NULL, NULL, NULL),
('11705990', 'Aysha Ryanti Putri', 'P', NULL, NULL, NULL, 13, 'Cib 3', '2017', NULL, NULL, NULL),
('11705991', 'Ayu Tri Febriyanti', 'P', NULL, NULL, NULL, 2, 'Suk 1', '2017', NULL, NULL, NULL),
('11705992', 'Azhare Rasyid Kaliki', 'L', NULL, NULL, NULL, 12, 'Cia 4', '2017', NULL, NULL, NULL),
('11705993', 'Azromi Ammar', 'L', NULL, NULL, NULL, 5, 'Cia 5', '2017', NULL, NULL, NULL),
('11705994', 'Badarul Muharram', 'L', NULL, NULL, NULL, 7, 'Cic 3', '2017', NULL, NULL, NULL),
('11705995', 'Bagus Prasetyo', 'L', NULL, NULL, NULL, 12, 'Cic 5', '2017', NULL, NULL, NULL),
('11705996', 'Bayu Apriyadi', 'L', NULL, NULL, NULL, 6, 'Wik 2', '2017', NULL, NULL, NULL),
('11705997', 'Benikno Satria', 'L', NULL, NULL, NULL, 13, 'Cic 2', '2017', NULL, NULL, NULL),
('11705998', 'Bilal Almarizal', 'L', NULL, NULL, NULL, 10, 'Cic 6', '2017', NULL, NULL, NULL),
('11705999', 'Chicco Eka Putra', 'L', NULL, NULL, NULL, 9, 'Cic 5', '2017', NULL, NULL, NULL),
('11706000', 'Cindi Pratama Dewi', 'P', NULL, NULL, NULL, 15, 'Cic 3', '2017', NULL, NULL, NULL),
('11706001', 'Cindy Diva Amelia', 'P', NULL, NULL, NULL, 1, 'Cic 2', '2017', NULL, NULL, NULL),
('11706002', 'Dafa Rizki Fadillah', 'L', NULL, NULL, NULL, 4, 'Cic 5', '2017', NULL, NULL, NULL),
('11706003', 'Daffa Ardian Fachrezy', 'L', NULL, NULL, NULL, 10, 'Wik 1', '2017', NULL, NULL, NULL),
('11706004', 'Dandung Janitra Nugroho', 'L', NULL, NULL, NULL, 3, 'Suk 1', '2017', NULL, NULL, NULL),
('11706005', 'Daniel Sebastian Ramdan Gumulya', 'L', NULL, NULL, NULL, 9, 'Suk 1', '2017', NULL, NULL, NULL),
('11706006', 'Daris Dzakwan Kamiil', 'L', NULL, NULL, NULL, 6, 'Cib 1', '2017', NULL, NULL, NULL),
('11706007', 'Daris Mustafid Hidayat', 'L', NULL, NULL, NULL, 9, 'Wik 4', '2017', NULL, NULL, NULL),
('11706008', 'Dea Fitri Rahmawati', 'P', NULL, NULL, NULL, 15, 'Cis 5', '2017', NULL, NULL, NULL),
('11706009', 'Dea Lestari', 'P', NULL, NULL, NULL, 10, 'Cia 2', '2017', NULL, NULL, NULL),
('11706010', 'Deawy Azzahra', 'P', NULL, NULL, NULL, 14, 'Cis 1', '2017', NULL, NULL, NULL),
('11706011', 'Dede Fitria', 'P', NULL, NULL, NULL, 13, 'Cic 2', '2017', NULL, NULL, NULL),
('11706012', 'Dendha Fery Fernanda Pardede', 'L', NULL, NULL, NULL, 16, 'Cib 1', '2017', NULL, NULL, NULL),
('11706013', 'Deni Hakim', 'L', NULL, NULL, NULL, 10, 'Cis 1', '2017', NULL, NULL, NULL),
('11706014', 'Denzel Gymnastiar Setiawan', 'L', NULL, NULL, NULL, 12, 'Suk 1', '2017', NULL, NULL, NULL),
('11706015', 'Destyana Rahmah', 'P', NULL, NULL, NULL, 14, 'Cib 3', '2017', NULL, NULL, NULL),
('11706016', 'Desy Lailasari', 'P', NULL, NULL, NULL, 1, 'Cia 5', '2017', NULL, NULL, NULL),
('11706017', 'Dewi Septianingsih', 'P', NULL, NULL, NULL, 8, 'Suk 1', '2017', NULL, NULL, NULL),
('11706018', 'Dhia Dzulfikar', 'L', NULL, NULL, NULL, 15, 'Wik 1', '2017', NULL, NULL, NULL),
('11706019', 'Dhiya Galih Luthfenia', 'P', NULL, NULL, NULL, 5, 'Taj 3', '2017', NULL, NULL, NULL),
('11706020', 'Dian Rahmawati', 'P', NULL, NULL, NULL, 15, 'Cia 4', '2017', NULL, NULL, NULL),
('11706021', 'Dimas Aji Febriansyah', 'L', NULL, NULL, NULL, 15, 'Taj 5', '2017', NULL, NULL, NULL),
('11706022', 'Dimas Ardi Basyari', 'L', NULL, NULL, NULL, 8, 'Cic 2', '2017', NULL, NULL, NULL),
('11706023', 'Dimas Roger Widianto', 'L', NULL, NULL, NULL, 3, 'Cic 5', '2017', NULL, NULL, NULL),
('11706024', 'Dimas Septiansyah', 'L', NULL, NULL, NULL, 8, 'Taj 1', '2017', NULL, NULL, NULL),
('11706025', 'Dimas Triyono', 'L', NULL, NULL, NULL, 9, 'Cic 2', '2017', NULL, NULL, NULL),
('11706026', 'Dina Julia Ningsih', 'P', NULL, NULL, NULL, 16, 'Taj 3', '2017', NULL, NULL, NULL),
('11706027', 'Dinda Ajeng Cahyani', 'P', NULL, NULL, NULL, 13, 'Cic 4', '2017', NULL, NULL, NULL),
('11706028', 'Dinda Utami', 'P', NULL, NULL, NULL, 12, 'Taj 2', '2017', NULL, NULL, NULL),
('11706030', 'Dwi Febryansyah', 'L', NULL, NULL, NULL, 5, 'Cic 5', '2017', NULL, NULL, NULL),
('11706031', 'Dwi Wahyu Saputra', 'L', NULL, NULL, NULL, 8, 'Wik 1', '2017', NULL, NULL, NULL),
('11706032', 'Dwisesha Bagas Putrama Suminar', 'L', NULL, NULL, NULL, 5, 'Cic 2', '2017', NULL, NULL, NULL),
('11706033', 'Eka Rizki Andika', 'L', NULL, NULL, NULL, 16, 'Taj 2', '2017', NULL, NULL, NULL),
('11706034', 'Elsa Ayudia Sembiring', 'P', NULL, NULL, NULL, 2, 'Cia 5', '2017', NULL, NULL, NULL),
('11706035', 'Elsa Destriani Putri', 'P', NULL, NULL, NULL, 12, 'Cic 6', '2017', NULL, NULL, NULL),
('11706036', 'Emilia Muspita Oktaviani', 'P', NULL, NULL, NULL, 15, 'Cia 2', '2017', NULL, NULL, NULL),
('11706037', 'Eneng Rita Agustina', 'P', NULL, NULL, NULL, 4, 'Cic 7', '2017', NULL, NULL, NULL),
('11706038', 'Eno Altriana Putri', 'P', NULL, NULL, NULL, 6, 'Cic 7', '2017', NULL, NULL, NULL),
('11706039', 'Erian Refliansyah Sofyan Salilama', 'L', NULL, NULL, NULL, 10, 'Cia 5', '2017', NULL, NULL, NULL),
('11706040', 'Erik Restu Lesmana', 'L', NULL, NULL, NULL, 10, 'Taj 4', '2017', NULL, NULL, NULL),
('11706041', 'Erika Wisda Tiara', 'P', NULL, NULL, NULL, 4, 'Taj 4', '2017', NULL, NULL, NULL),
('11706042', 'Eriza Destiandini Syaidi', 'P', NULL, NULL, NULL, 16, 'Wik 2', '2017', NULL, NULL, NULL),
('11706043', 'Erlita Agustina', 'P', NULL, NULL, NULL, 1, 'Cic 2', '2017', NULL, NULL, NULL),
('11706044', 'Ernest Widjaja', 'L', NULL, NULL, NULL, 3, 'Wik 2', '2017', NULL, NULL, NULL),
('11706045', 'Eva Aditia', 'P', NULL, NULL, NULL, 1, 'Taj 2', '2017', NULL, NULL, NULL),
('11706046', 'Eva Apriyana', 'P', NULL, NULL, NULL, 13, 'Taj 5', '2017', NULL, NULL, NULL),
('11706047', 'Fadhila Handayani', 'P', NULL, NULL, NULL, 12, 'Taj 2', '2017', NULL, NULL, NULL),
('11706048', 'Fadlika Inasya Putri', 'P', NULL, NULL, NULL, 12, 'Suk 1', '2017', NULL, NULL, NULL),
('11706049', 'Faisal Listian Haris', 'L', NULL, NULL, NULL, 9, 'Cia 3', '2017', NULL, NULL, NULL),
('11706050', 'Faisal Rassya Aldani', 'L', NULL, NULL, NULL, 10, 'Cic 2', '2017', NULL, NULL, NULL),
('11706051', 'Faishal Raihan Kurnianto', 'L', NULL, NULL, NULL, 12, 'Wik 4', '2017', NULL, NULL, NULL),
('11706052', 'Faisol Nurrahmat', 'L', NULL, NULL, NULL, 5, 'Cib 3', '2017', NULL, NULL, NULL),
('11706053', 'Farah Diba Rezi Fauziah', 'P', NULL, NULL, NULL, 15, 'Cia 5', '2017', NULL, NULL, NULL),
('11706054', 'Farraz Sabrina', 'P', NULL, NULL, NULL, 9, 'Cic 2', '2017', NULL, NULL, NULL),
('11706055', 'Fathiya Anindyta Salsabila', 'P', NULL, NULL, NULL, 2, 'Cib 1', '2017', NULL, NULL, NULL),
('11706056', 'Fatima Azzahra', 'P', NULL, NULL, NULL, 12, 'Cib 1', '2017', NULL, NULL, NULL),
('11706057', 'Fatimah Zahra Alfazriany', 'P', NULL, NULL, NULL, 14, 'Cis 5', '2017', NULL, NULL, NULL),
('11706058', 'Fatma Laila Salsabilla', 'P', NULL, NULL, NULL, 13, 'Cia 1', '2017', NULL, NULL, NULL),
('11706059', 'Fauzan Hanif', 'L', NULL, NULL, NULL, 16, 'Taj 5', '2017', NULL, NULL, NULL),
('11706060', 'Febian Afwa Khoerunnisa', 'P', NULL, NULL, NULL, 1, 'Suk 1', '2017', NULL, NULL, NULL),
('11706061', 'Felita Salsabila', 'P', NULL, NULL, NULL, 11, 'Suk 2', '2017', NULL, NULL, NULL),
('11706062', 'Fifi Lutfiah', 'P', NULL, NULL, NULL, 6, 'Suk 1', '2017', NULL, NULL, NULL),
('11706064', 'Firdaus Werdayansah', 'L', NULL, NULL, NULL, 9, 'Cis 5', '2017', NULL, NULL, NULL),
('11706065', 'Fitri Ruhimah', 'P', NULL, NULL, NULL, 5, 'Cic 2', '2017', NULL, NULL, NULL),
('11706066', 'Fitrianingsih', 'P', NULL, NULL, NULL, 2, 'Taj 3', '2017', NULL, NULL, NULL),
('11706067', 'Fitriyani', 'P', NULL, NULL, NULL, 2, 'Cis 4', '2017', NULL, NULL, NULL),
('11706069', 'Fujianingsih', 'P', NULL, NULL, NULL, 3, 'Taj 2', '2017', NULL, NULL, NULL),
('11706070', 'Gabriel Alfinsius Renggi', 'L', NULL, NULL, NULL, 7, 'Cia 2', '2017', NULL, NULL, NULL),
('11706071', 'Galuh Fauziah', 'P', NULL, NULL, NULL, 7, 'Wik 4', '2017', NULL, NULL, NULL),
('11706072', 'Gifin Tri Julian', 'L', NULL, NULL, NULL, 4, 'Cic 1', '2017', NULL, NULL, NULL),
('11706073', 'Gita Irrenza', 'P', NULL, NULL, NULL, 15, 'Taj 5', '2017', NULL, NULL, NULL),
('11706074', 'Hafizd Ibrahim Fawwaz', 'L', NULL, NULL, NULL, 5, 'Suk 1', '2017', NULL, NULL, NULL),
('11706075', 'Halisa Riezkya Fadila', 'P', NULL, NULL, NULL, 14, 'Cia 2', '2017', NULL, NULL, NULL),
('11706076', 'Hamdi Hardika', 'L', NULL, NULL, NULL, 10, 'Cic 2', '2017', NULL, NULL, NULL),
('11706077', 'Hasan Mustofa', 'L', NULL, NULL, NULL, 14, 'Cis 1', '2017', NULL, NULL, NULL),
('11706078', 'Helga Giovanni Idelia', 'P', NULL, NULL, NULL, 13, 'Taj 3', '2017', NULL, NULL, NULL),
('11706079', 'Helmia Syadiatu Zahra', 'P', NULL, NULL, NULL, 4, 'Cib 1', '2017', NULL, NULL, NULL),
('11706080', 'Heri Rizal Setiawan', 'L', NULL, NULL, NULL, 7, 'Wik 1', '2017', NULL, NULL, NULL),
('11706081', 'Herlina Putri Laurent', 'P', NULL, NULL, NULL, 2, 'Cia 5', '2017', NULL, NULL, NULL),
('11706082', 'Herlina Yuan Rahmadhani', 'P', NULL, NULL, NULL, 14, 'Cis 5', '2017', NULL, NULL, NULL),
('11706084', 'Ikbal Hibatulloh', 'L', NULL, NULL, NULL, 8, 'Cib 3', '2017', NULL, NULL, NULL),
('11706085', 'Imam Firmansyah', 'L', NULL, NULL, NULL, 6, 'Cis 2', '2017', NULL, NULL, NULL),
('11706086', 'Inayatul Miskiah', 'P', NULL, NULL, NULL, 5, 'Wik 4', '2017', NULL, NULL, NULL),
('11706087', 'Indah Destriyani', 'P', NULL, NULL, NULL, 13, 'Cis 1', '2017', NULL, NULL, NULL),
('11706088', 'Ipan Maulana', 'L', NULL, NULL, NULL, 11, 'Taj 4', '2017', NULL, NULL, NULL),
('11706089', 'Iqbal Nurizky', 'L', NULL, NULL, NULL, 9, 'Taj 5', '2017', NULL, NULL, NULL),
('11706090', 'Irma', 'P', NULL, NULL, NULL, 14, 'Suk 2', '2017', NULL, NULL, NULL),
('11706091', 'Irmaliani', 'L', NULL, NULL, NULL, 6, 'Cic 4', '2017', NULL, NULL, NULL),
('11706092', 'Irsan Febriansyah', 'L', NULL, NULL, NULL, 15, 'Cib 1', '2017', NULL, NULL, NULL),
('11706093', 'Ismanto', 'L', NULL, NULL, NULL, 2, 'Cic 2', '2017', NULL, NULL, NULL),
('11706094', 'Jafar Shodiq Asmali', 'L', NULL, NULL, NULL, 9, 'Wik 3', '2017', NULL, NULL, NULL),
('11706095', 'Jamaludin', 'L', NULL, NULL, NULL, 3, 'Cis 2', '2017', NULL, NULL, NULL),
('11706096', 'James Nathanael', 'L', NULL, NULL, NULL, 3, 'Cic 7', '2017', NULL, NULL, NULL),
('11706097', 'Johana Febriyani Suteja', 'P', NULL, NULL, NULL, 2, 'Taj 3', '2017', NULL, NULL, NULL),
('11706098', 'Joshua Natanael Wijaya', 'L', NULL, NULL, NULL, 14, 'Taj 2', '2017', NULL, NULL, NULL),
('11706099', 'Jovandra Axl Pay', 'L', NULL, NULL, NULL, 11, 'Wik 1', '2017', NULL, NULL, NULL),
('11706100', 'Julian Maulana Thamrin', 'L', NULL, NULL, NULL, 7, 'Cia 5', '2017', NULL, NULL, NULL),
('11706101', 'Kamaludin Rivaldi', 'L', NULL, NULL, NULL, 7, 'Cib 1', '2017', NULL, NULL, NULL),
('11706102', 'Karin Rizki Maulidta', 'P', NULL, NULL, NULL, 11, 'Suk 1', '2017', NULL, NULL, NULL),
('11706103', 'Kavin Alderan', 'L', NULL, NULL, NULL, 16, 'Wik 2', '2017', NULL, NULL, NULL),
('11706104', 'Kayla Izza Yalma', 'P', NULL, NULL, NULL, 5, 'Cib 3', '2017', NULL, NULL, NULL),
('11706105', 'Khairunnisa Nurfarida', 'P', NULL, NULL, NULL, 10, 'Cic 6', '2017', NULL, NULL, NULL),
('11706106', 'Kharisma Candra Kirana', 'P', NULL, NULL, NULL, 2, 'Cis 1', '2017', NULL, NULL, NULL),
('11706107', 'Kiki Prastiwi Ananda', 'P', NULL, NULL, NULL, 8, 'Cis 5', '2017', NULL, NULL, NULL),
('11706108', 'Kresna Adinata', 'L', NULL, NULL, NULL, 11, 'Cis 1', '2017', NULL, NULL, NULL),
('11706109', 'Kriesna Rianny', 'P', NULL, NULL, NULL, 14, 'Taj 2', '2017', NULL, NULL, NULL),
('11706110', 'Kurnia Nurfadilah', 'P', NULL, NULL, NULL, 2, 'Taj 2', '2017', NULL, NULL, NULL),
('11706111', 'Leviany Jesilia Sopamena', 'P', NULL, NULL, NULL, 15, 'Cis 5', '2017', NULL, NULL, NULL),
('11706112', 'Lianintan Suci', 'P', NULL, NULL, NULL, 12, 'Cia 3', '2017', NULL, NULL, NULL),
('11706113', 'Linda Apriyanti', 'P', NULL, NULL, NULL, 14, 'Cia 1', '2017', NULL, NULL, NULL),
('11706114', 'Lingga Aksara Adiyatma', 'L', NULL, NULL, NULL, 6, 'Cib 3', '2017', NULL, NULL, NULL),
('11706115', 'Liska Damayanti', 'P', NULL, NULL, NULL, 11, 'Cib 2', '2017', NULL, NULL, NULL),
('11706116', 'Lita', 'P', NULL, NULL, NULL, 2, 'Wik 1', '2017', NULL, NULL, NULL),
('11706117', 'Lola Wati', 'P', NULL, NULL, NULL, 15, 'Taj 3', '2017', NULL, NULL, NULL),
('11706118', 'Lulu Chairul Nisa', 'P', NULL, NULL, NULL, 11, 'Cis 1', '2017', NULL, NULL, NULL),
('11706119', 'Lustiara Nazwa Azzahra', 'P', NULL, NULL, NULL, 16, 'Wik 4', '2017', NULL, NULL, NULL),
('11706120', 'Luthfia Nur Azizah', 'P', NULL, NULL, NULL, 12, 'Taj 2', '2017', NULL, NULL, NULL),
('11706121', 'M. Adriansyah Priyatna Putra', 'L', NULL, NULL, NULL, 9, 'Cia 5', '2017', NULL, NULL, NULL),
('11706122', 'Muhamad Akbar Fadilah', 'L', NULL, NULL, NULL, 4, 'Cib 2', '2017', NULL, NULL, NULL),
('11706123', 'M. Alfi Ariansyah', 'L', NULL, NULL, NULL, 7, 'Cis 2', '2017', NULL, NULL, NULL),
('11706124', 'M. Alfin Aditya Ramadhan', 'L', NULL, NULL, NULL, 9, 'Cic 6', '2017', NULL, NULL, NULL),
('11706125', 'M. Andriawan Ridwan', 'L', NULL, NULL, NULL, 3, 'Cis 3', '2017', NULL, NULL, NULL),
('11706126', 'Muhammad Naufal Fadhil Rahmat', 'L', NULL, NULL, NULL, 13, 'Cic 2', '2017', NULL, NULL, NULL),
('11706127', 'M. Naufal Ramdhani', 'L', NULL, NULL, NULL, 14, 'Cic 4', '2017', NULL, NULL, NULL),
('11706128', 'M. Pajar Purnama Diningrat', 'L', NULL, NULL, NULL, 16, 'Cis 4', '2017', NULL, NULL, NULL),
('11706129', 'M. Rafi Iskandar', 'L', NULL, NULL, NULL, 9, 'Cic 4', '2017', NULL, NULL, NULL),
('11706130', 'Mohammad Rafli Dwiputra', 'L', NULL, NULL, NULL, 8, 'Cic 6', '2017', NULL, NULL, NULL),
('11706131', 'M.Rafly Fajar Alghifari', 'L', NULL, NULL, NULL, 11, 'Wik 2', '2017', NULL, NULL, NULL),
('11706132', 'Muhamad Randika Satria Putra', 'L', NULL, NULL, NULL, 7, 'Cis 3', '2017', NULL, NULL, NULL),
('11706133', 'M.Restu Inyasdi Kahvi', 'L', NULL, NULL, NULL, 6, 'Cis 5', '2017', NULL, NULL, NULL),
('11706134', 'Muhamad Virgiawan Dwi Rangga', 'L', NULL, NULL, NULL, 4, 'Taj 3', '2017', NULL, NULL, NULL),
('11706135', 'Maharani', 'L', NULL, NULL, NULL, 16, 'Cia 2', '2017', NULL, NULL, NULL),
('11706136', 'Maharani Khalilah Syahputri', 'P', NULL, NULL, NULL, 4, 'Cic 7', '2017', NULL, NULL, NULL),
('11706137', 'Maharani Utami Destiansyah', 'P', NULL, NULL, NULL, 2, 'Cic 5', '2017', NULL, NULL, NULL),
('11706138', 'Mahardhika Vijayana', 'L', NULL, NULL, NULL, 11, 'Cib 1', '2017', NULL, NULL, NULL),
('11706139', 'Malida Nur Hamidah', 'P', NULL, NULL, NULL, 1, 'Cib 3', '2017', NULL, NULL, NULL),
('11706140', 'Maria De Liguori Imaculata', 'P', NULL, NULL, NULL, 6, 'Cic 6', '2017', NULL, NULL, NULL),
('11706141', 'Marsela Oktavia', 'P', NULL, NULL, NULL, 15, 'Cia 4', '2017', NULL, NULL, NULL),
('11706142', 'Mauladi Arif Iqbal', 'L', NULL, NULL, NULL, 3, 'Cic 2', '2017', NULL, NULL, NULL),
('11706143', 'Maulana Fattur Fahman', 'L', NULL, NULL, NULL, 15, 'Cic 6', '2017', NULL, NULL, NULL),
('11706144', 'Maulana Yusuf Ibrohim', 'L', NULL, NULL, NULL, 6, 'Cib 1', '2017', NULL, NULL, NULL),
('11706145', 'Meilinda Krisanti', 'P', NULL, NULL, NULL, 13, 'Taj 3', '2017', NULL, NULL, NULL),
('11706146', 'Melatie Auramaulidina Puteri Inayah', 'P', NULL, NULL, NULL, 2, 'Cic 6', '2017', NULL, NULL, NULL),
('11706147', 'Michael Kurniawan Prananto', 'L', NULL, NULL, NULL, 12, 'Wik 1', '2017', NULL, NULL, NULL),
('11706148', 'Michellia Aryanti', 'P', NULL, NULL, NULL, 15, 'Cis 5', '2017', NULL, NULL, NULL),
('11706149', 'Mira Tania Amalia', 'P', NULL, NULL, NULL, 14, 'Cib 3', '2017', NULL, NULL, NULL),
('11706150', 'Moch Dika Firdaus', 'L', NULL, NULL, NULL, 12, 'Cia 5', '2017', NULL, NULL, NULL),
('11706151', 'Mochamad Aditya Yazid', 'L', NULL, NULL, NULL, 14, 'Cia 5', '2017', NULL, NULL, NULL),
('11706152', 'Mochamad Al-Fazri Januar', 'L', NULL, NULL, NULL, 10, 'Taj 2', '2017', NULL, NULL, NULL),
('11706153', 'Mochamad Ardafa Pratama', 'L', NULL, NULL, NULL, 4, 'Cis 5', '2017', NULL, NULL, NULL),
('11706154', 'Mochamad Diass Asyami', 'L', NULL, NULL, NULL, 9, 'Cic 5', '2017', NULL, NULL, NULL),
('11706155', 'Mochamad Faiz Alamsyah ', 'L', NULL, NULL, NULL, 5, 'Cis 5', '2017', NULL, NULL, NULL),
('11706156', 'Mochamad Irgi', 'L', NULL, NULL, NULL, 9, 'Taj 2', '2017', NULL, NULL, NULL),
('11706157', 'Mochamad Satriatna', 'L', NULL, NULL, NULL, 6, 'Cis 5', '2017', NULL, NULL, NULL),
('11706158', 'Moh. Idam Fathahillah', 'L', NULL, NULL, NULL, 16, 'Cic 7', '2017', NULL, NULL, NULL),
('11706159', 'Mohamad Fahmi Sechan', 'L', NULL, NULL, NULL, 4, 'Cib 2', '2017', NULL, NULL, NULL),
('11706161', 'Mohammad Farly Putra Abidin', 'L', NULL, NULL, NULL, 16, 'Cia 2', '2017', NULL, NULL, NULL),
('11706162', 'Muchtarom', 'L', NULL, NULL, NULL, 5, 'Cis 3', '2017', NULL, NULL, NULL),
('11706163', 'Muhamad Abdul Jabar', 'L', NULL, NULL, NULL, 7, 'Cia 4', '2017', NULL, NULL, NULL),
('11706164', 'Muhamad Ardiansyah', 'L', NULL, NULL, NULL, 7, 'Cis 6', '2017', NULL, NULL, NULL),
('11706165', 'Muhamad Ariefin Ilham', 'L', NULL, NULL, NULL, 10, 'Wik 1', '2017', NULL, NULL, NULL),
('11706166', 'Muhamad Dias Maulana', 'L', NULL, NULL, NULL, 11, 'Cia 5', '2017', NULL, NULL, NULL),
('11706167', 'Muhamad Dimas Ramadhan', 'L', NULL, NULL, NULL, 5, 'Cis 1', '2017', NULL, NULL, NULL),
('11706168', 'Muhamad Fadhil Eka Lesmana', 'L', NULL, NULL, NULL, 8, 'Cic 1', '2017', NULL, NULL, NULL),
('11706169', 'Muhamad Faisal Ramadhan', 'L', NULL, NULL, NULL, 11, 'Cic 1', '2017', NULL, NULL, NULL),
('11706170', 'Muhammad Farhan', 'L', NULL, NULL, NULL, 12, 'Taj 3', '2017', NULL, NULL, NULL),
('11706171', 'Muhamad Farid Mahindra', 'L', NULL, NULL, NULL, 5, 'Cic 1', '2017', NULL, NULL, NULL),
('11706172', 'Muhamad Faturahman', 'L', NULL, NULL, NULL, 9, 'Taj 1', '2017', NULL, NULL, NULL),
('11706173', 'Muhamad Fauzi Azhar', 'L', NULL, NULL, NULL, 12, 'Cis 1', '2017', NULL, NULL, NULL),
('11706174', 'Muhamad Fikri Adjie', 'L', NULL, NULL, NULL, 9, 'Cib 2', '2017', NULL, NULL, NULL),
('11706175', 'Muhamad Fikri Ilhamsyah', 'L', NULL, NULL, NULL, 4, 'Cis 2', '2017', NULL, NULL, NULL),
('11706176', 'Muhamad Firmansyah', 'L', NULL, NULL, NULL, 4, 'Cic 5', '2017', NULL, NULL, NULL),
('11706177', 'Muhamad Hildan Pratama', 'L', NULL, NULL, NULL, 12, 'Cis 1', '2017', NULL, NULL, NULL),
('11706178', 'Muhamad Ikbal Abdullah', 'L', NULL, NULL, NULL, 9, 'Cis 2', '2017', NULL, NULL, NULL),
('11706179', 'Muhamad Ikhsan', 'L', NULL, NULL, NULL, 3, 'Cis 1', '2017', NULL, NULL, NULL),
('11706180', 'Muhamad Ilham Fadilah ', 'L', NULL, NULL, NULL, 3, 'Cis 5', '2017', NULL, NULL, NULL),
('11706181', 'Muhamad Lutfi Ardiansyah', 'L', NULL, NULL, NULL, 3, 'Suk 2', '2017', NULL, NULL, NULL),
('11706183', 'Muhamad Rafli Fadillah', 'L', NULL, NULL, NULL, 8, 'Cib 2', '2017', NULL, NULL, NULL),
('11706184', 'Muhamad Rafli Wijayanto', 'L', NULL, NULL, NULL, 9, 'Cis 3', '2017', NULL, NULL, NULL),
('11706185', 'Muhamad Rahman Dika Wilarto', 'L', NULL, NULL, NULL, 7, 'Cic 5', '2017', NULL, NULL, NULL),
('11706186', 'Muhamad Rajih Rabbani', 'L', NULL, NULL, NULL, 11, 'Cic 7', '2017', NULL, NULL, NULL),
('11706187', 'Muhamad Rediansyah', 'L', NULL, NULL, NULL, 9, 'Cia 1', '2017', NULL, NULL, NULL),
('11706188', 'Muhamad Reza Pratama', 'L', NULL, NULL, NULL, 11, 'Taj 3', '2017', NULL, NULL, NULL),
('11706189', 'Muhamad Ridwan', 'L', NULL, NULL, NULL, 5, 'Cia 2', '2017', NULL, NULL, NULL),
('11706190', 'Muhamad Ridwan', 'L', NULL, NULL, NULL, 10, 'Cic 6', '2017', NULL, NULL, NULL),
('11706191', 'Muhamad Rifki Fadilah', 'L', NULL, NULL, NULL, 12, 'Taj 2', '2017', NULL, NULL, NULL),
('11706192', 'Muhamad Riyansyah', 'L', NULL, NULL, NULL, 16, 'Cis 1', '2017', NULL, NULL, NULL),
('11706193', 'Muhamad Rizki Abdul Latif', 'L', NULL, NULL, NULL, 11, 'Cic 6', '2017', NULL, NULL, NULL),
('11706194', 'Muhamad Rizkianda', 'L', NULL, NULL, NULL, 4, 'Cia 2', '2017', NULL, NULL, NULL),
('11706195', 'Muhamad Rizkie Aditia', 'L', NULL, NULL, NULL, 8, 'Cis 1', '2017', NULL, NULL, NULL),
('11706196', 'Muhamad Sofyan Muladi', 'L', NULL, NULL, NULL, 11, 'Taj 3', '2017', NULL, NULL, NULL),
('11706197', 'Muhamad Syahrul Apriliansyah', 'L', NULL, NULL, NULL, 5, 'Cib 3', '2017', NULL, NULL, NULL),
('11706198', 'Muhamad Syukri Lukita', 'L', NULL, NULL, NULL, 8, 'Cia 2', '2017', NULL, NULL, NULL),
('11706199', 'Muhamad Wildan', 'L', NULL, NULL, NULL, 3, 'Cic 2', '2017', NULL, NULL, NULL),
('11706200', 'Muhamad Yolan Permana', 'L', NULL, NULL, NULL, 3, 'Wik 1', '2017', NULL, NULL, NULL),
('11706201', 'Muhamad Zidan Mulyasaputra', 'L', NULL, NULL, NULL, 7, 'Taj 4', '2017', NULL, NULL, NULL),
('11706202', 'Muhamad Zulkifli', 'L', NULL, NULL, NULL, 3, 'Cic 3', '2017', NULL, NULL, NULL),
('11706203', 'Muhamad Abdul Rohman', 'L', NULL, NULL, NULL, 11, 'Cib 3', '2017', NULL, NULL, NULL),
('11706204', 'Muhammad Abdullah Alwahdi', 'L', NULL, NULL, NULL, 8, 'Wik 3', '2017', NULL, NULL, NULL),
('11706205', 'Muhammad Agung Mulyana', 'L', NULL, NULL, NULL, 14, 'Cib 1', '2017', NULL, NULL, NULL),
('11706206', 'Muhammad Alfurqaan', 'L', NULL, NULL, NULL, 10, 'Taj 5', '2017', NULL, NULL, NULL),
('11706207', 'Muhammad Arafi', 'L', NULL, NULL, NULL, 9, 'Cis 1', '2017', NULL, NULL, NULL),
('11706208', 'Muhammad Arif Alhaeni', 'L', NULL, NULL, NULL, 15, 'Cic 5', '2017', NULL, NULL, NULL),
('11706209', 'Muhammad Arif Maulana', 'L', NULL, NULL, NULL, 10, 'Cia 5', '2017', NULL, NULL, NULL),
('11706210', 'Muhammad Ariq Khawan', 'L', NULL, NULL, NULL, 4, 'Cic 6', '2017', NULL, NULL, NULL),
('11706211', 'Muhammad Athaberyl Ramadhyli Adl', 'L', NULL, NULL, NULL, 5, 'Cis 3', '2017', NULL, NULL, NULL),
('11706212', 'Muhammad Azhar Fadillah Kusumawardhana', 'L', NULL, NULL, NULL, 11, 'Taj 3', '2017', NULL, NULL, NULL),
('11706213', 'Muhammad Daffa Deannova Irawan', 'L', NULL, NULL, NULL, 11, 'Cic 2', '2017', NULL, NULL, NULL),
('11706214', 'Muhammad Dikiyansyah', 'L', NULL, NULL, NULL, 12, 'Cia 2', '2017', NULL, NULL, NULL),
('11706215', 'Muhamad Ardi Firdaus ', 'L', NULL, NULL, NULL, 5, 'Cic 2', '2017', NULL, NULL, NULL),
('11706216', 'Muhammad Fadli Hasan', 'L', NULL, NULL, NULL, 15, 'Cic 5', '2017', NULL, NULL, NULL),
('11706217', 'Muhammad Fahri Saikal', 'L', NULL, NULL, NULL, 7, 'Cis 1', '2017', NULL, NULL, NULL),
('11706218', 'Muhammad Faisal Fazri', 'L', NULL, NULL, NULL, 10, 'Cic 5', '2017', NULL, NULL, NULL),
('11706219', 'Muhammad Faiz Fadillah', 'L', NULL, NULL, NULL, 10, 'Cis 6', '2017', NULL, NULL, NULL),
('11706220', 'Muhammad Farhan Darmawan', 'L', NULL, NULL, NULL, 5, 'Cib 2', '2017', NULL, NULL, NULL),
('11706221', 'Muhammad Fauzi', 'L', NULL, NULL, NULL, 16, 'Taj 5', '2017', NULL, NULL, NULL),
('11706222', 'Muhammad Fauzi Ridwan', 'L', NULL, NULL, NULL, 12, 'Cic 2', '2017', NULL, NULL, NULL),
('11706223', 'Muhammad Febri Hidayatulloh', 'L', NULL, NULL, NULL, 10, 'Taj 4', '2017', NULL, NULL, NULL),
('11706224', 'Muhammad Febrian Arrasyid', 'L', NULL, NULL, NULL, 6, 'Cis 1', '2017', NULL, NULL, NULL),
('11706225', 'Muhammad Febrianto', 'L', NULL, NULL, NULL, 4, 'Cic 5', '2017', NULL, NULL, NULL),
('11706226', 'Muhammad Fikri Pratama Allatif', 'L', NULL, NULL, NULL, 15, 'Cia 5', '2017', NULL, NULL, NULL),
('11706227', 'Muhammad Galuh Aldiyaksya', 'L', NULL, NULL, NULL, 12, 'Cic 6', '2017', NULL, NULL, NULL),
('11706228', 'Muhammad Ghifari', 'L', NULL, NULL, NULL, 6, 'Cia 1', '2017', NULL, NULL, NULL),
('11706229', 'Muhammad Haidar Lazuardi', 'L', NULL, NULL, NULL, 4, 'Cib 1', '2017', NULL, NULL, NULL),
('11706230', 'Muhammad Hardiansyah', 'L', NULL, NULL, NULL, 11, 'Wik 4', '2017', NULL, NULL, NULL),
('11706231', 'Muhammad Ichsan Khairullah', 'L', NULL, NULL, NULL, 15, 'Taj 3', '2017', NULL, NULL, NULL),
('11706232', 'Muhammad Ikhsan Maulana', 'L', NULL, NULL, NULL, 8, 'Cia 1', '2017', NULL, NULL, NULL),
('11706233', 'Muhammad Ikram Jordy', 'L', NULL, NULL, NULL, 10, 'Wik 3', '2017', NULL, NULL, NULL),
('11706234', 'Muhammad Ilham Husein', 'L', NULL, NULL, NULL, 6, 'Cic 7', '2017', NULL, NULL, NULL),
('11706235', 'Muhammad Ilham Maulidian', 'L', NULL, NULL, NULL, 13, 'Cib 3', '2017', NULL, NULL, NULL),
('11706236', 'Muhammad Ilyas Destira', 'L', NULL, NULL, NULL, 11, 'Cia 5', '2017', NULL, NULL, NULL),
('11706237', 'Muhammad Khairil Fajar', 'L', NULL, NULL, NULL, 5, 'Cis 1', '2017', NULL, NULL, NULL),
('11706238', 'Muhammad Mauladi', 'L', NULL, NULL, NULL, 14, 'Cis 6', '2017', NULL, NULL, NULL),
('11706239', 'Muhammad Maulana', 'L', NULL, NULL, NULL, 13, 'Taj 3', '2017', NULL, NULL, NULL),
('11706240', 'Muhammad Mushin Yasir', 'L', NULL, NULL, NULL, 6, 'Cis 1', '2017', NULL, NULL, NULL),
('11706241', 'Muhammad Mukhlis Rifai', 'L', NULL, NULL, NULL, 6, 'Cic 2', '2017', NULL, NULL, NULL),
('11706242', 'Muhammad Muntasir', 'L', NULL, NULL, NULL, 4, 'Taj 3', '2017', NULL, NULL, NULL),
('11706243', 'Muhammad Naufal Zaidan', 'L', NULL, NULL, NULL, 6, 'Cic 6', '2017', NULL, NULL, NULL),
('11706244', 'Muhammad Rafi Alamsyah', 'L', NULL, NULL, NULL, 1, 'Cia 3', '2017', NULL, NULL, NULL),
('11706245', 'Muhammad Raflillah Pratama', 'L', NULL, NULL, NULL, 10, 'Taj 4', '2017', NULL, NULL, NULL),
('11706246', 'Muhammad Ramdan Fauzi', 'L', NULL, NULL, NULL, 4, 'Cib 2', '2017', NULL, NULL, NULL),
('11706247', 'Muhammad Rayhan Alfaraby Aslam ', 'L', NULL, NULL, NULL, 4, 'Cic 6', '2017', NULL, NULL, NULL),
('11706248', 'Muhammad Rayhan Alghifari Nugroho', 'L', NULL, NULL, NULL, 7, 'Cic 4', '2017', NULL, NULL, NULL),
('11706249', 'Muhammad Renaldi Pajrin', 'L', NULL, NULL, NULL, 12, 'Cic 1', '2017', NULL, NULL, NULL),
('11706250', 'Muhammad Rico Fedryan', 'L', NULL, NULL, NULL, 7, 'Cis 1', '2017', NULL, NULL, NULL),
('11706251', 'Muhammad Ridho Irgiansyah', 'L', NULL, NULL, NULL, 6, 'Cib 3', '2017', NULL, NULL, NULL),
('11706252', 'Muhammad Rifaldi Hibatullah', 'L', NULL, NULL, NULL, 8, 'Cia 4', '2017', NULL, NULL, NULL),
('11706253', 'Muhammad Riziq Mulyadi', 'L', NULL, NULL, NULL, 4, 'Cic 5', '2017', NULL, NULL, NULL),
('11706254', 'Muhammad Robbi Zulfikar', 'L', NULL, NULL, NULL, 5, 'Cia 2', '2017', NULL, NULL, NULL),
('11706255', 'Muhammad Sigit Pratama', 'L', NULL, NULL, NULL, 14, 'Taj 2', '2017', NULL, NULL, NULL),
('11706256', 'Muhammad Sultan Malik', 'L', NULL, NULL, NULL, 11, 'Wik 2', '2017', NULL, NULL, NULL),
('11706258', 'Muhammad Yandika Ramadhan', 'L', NULL, NULL, NULL, 14, 'Cis 1', '2017', NULL, NULL, NULL),
('11706259', 'Muhammad Yaumil Ramadhani', 'L', NULL, NULL, NULL, 6, 'Cic 7', '2017', NULL, NULL, NULL),
('11706260', 'Muhammad Yudistira Putra Pratama', 'L', NULL, NULL, NULL, 4, 'Cis 2', '2017', NULL, NULL, NULL),
('11706261', 'Muhammad Zulfian Zaini', 'L', NULL, NULL, NULL, 14, 'Cic 1', '2017', NULL, NULL, NULL),
('11706262', 'Mulyana Amalia', 'P', NULL, NULL, NULL, 13, 'Cis 1', '2017', NULL, NULL, NULL),
('11706263', 'Mustafa Surya Syahputra', 'L', NULL, NULL, NULL, 4, 'Wik 2', '2017', NULL, NULL, NULL),
('11706264', 'Muthia Aisyah Syahidah', 'P', NULL, NULL, NULL, 7, 'Wik 4', '2017', NULL, NULL, NULL),
('11706265', 'Mutiara Diva Riyandi', 'P', NULL, NULL, NULL, 2, 'Cic 7', '2017', NULL, NULL, NULL),
('11706266', 'Mutiara Nurhandayani', 'P', NULL, NULL, NULL, 16, 'Cic 1', '2017', NULL, NULL, NULL),
('11706267', 'Nabila Baedani', 'P', NULL, NULL, NULL, 15, 'Cic 2', '2017', NULL, NULL, NULL),
('11706268', 'Nadia Nuraida', 'P', NULL, NULL, NULL, 14, 'Cic 5', '2017', NULL, NULL, NULL),
('11706269', 'Nadya Fauziah Putri Utami', 'P', NULL, NULL, NULL, 2, 'Cib 1', '2017', NULL, NULL, NULL),
('11706270', 'Nadzira Ahdan Samawarda', 'P', NULL, NULL, NULL, 10, 'Cic 2', '2017', NULL, NULL, NULL),
('11706271', 'Nadzira Alexandra', 'P', NULL, NULL, NULL, 12, 'Wik 4', '2017', NULL, NULL, NULL),
('11706272', 'Naffa Annazwa Utami', 'P', NULL, NULL, NULL, 14, 'Cis 1', '2017', NULL, NULL, NULL),
('11706273', 'Naila Fauziah Vianty', 'P', NULL, NULL, NULL, 3, 'Cic 4', '2017', NULL, NULL, NULL),
('11706274', 'Nandio Septian Danuarta', 'P', NULL, NULL, NULL, 8, 'Cia 5', '2017', NULL, NULL, NULL),
('11706275', 'Nastma Dzia', 'P', NULL, NULL, NULL, 10, 'Taj 5', '2017', NULL, NULL, NULL),
('11706276', 'Naufal Akbar Adilah', 'L', NULL, NULL, NULL, 4, 'Cia 5', '2017', NULL, NULL, NULL),
('11706277', 'Nazira Zahra Windayani', 'P', NULL, NULL, NULL, 12, 'Cia 3', '2017', NULL, NULL, NULL),
('11706278', 'Neddy Avgha Prasetio', 'L', NULL, NULL, NULL, 5, 'Cic 7', '2017', NULL, NULL, NULL),
('11706279', 'Neneng Novitawati Rahmadhani', 'P', NULL, NULL, NULL, 15, 'Cic 7', '2017', NULL, NULL, NULL),
('11706280', 'Nessa Julan Aulia', 'P', NULL, NULL, NULL, 16, 'Cic 2', '2017', NULL, NULL, NULL),
('11706281', 'Nindya Eka Putri Pangestu', 'P', NULL, NULL, NULL, 2, 'Cic 1', '2017', NULL, NULL, NULL),
('11706282', 'Nisa Siti Al-Hadawiah', 'P', NULL, NULL, NULL, 2, 'Wik 4', '2017', NULL, NULL, NULL),
('11706283', 'Nisrina Nurazizah', 'P', NULL, NULL, NULL, 14, 'Wik 3', '2017', NULL, NULL, NULL),
('11706284', 'Nisya Andini', 'P', NULL, NULL, NULL, 11, 'Cib 3', '2017', NULL, NULL, NULL),
('11706285', 'Nopita Lestari', 'P', NULL, NULL, NULL, 10, 'Cis 5', '2017', NULL, NULL, NULL),
('11706286', 'Novi Widia Damayanti', 'P', NULL, NULL, NULL, 4, 'Taj 2', '2017', NULL, NULL, NULL),
('11706287', 'Nur Arsy', 'P', NULL, NULL, NULL, 12, 'Cic 4', '2017', NULL, NULL, NULL),
('11706288', 'Nurizkiawati', 'P', NULL, NULL, NULL, 13, 'Cic 6', '2017', NULL, NULL, NULL),
('11706289', 'Nurmalia Hidayah', 'P', NULL, NULL, NULL, 2, 'Cia 4', '2017', NULL, NULL, NULL),
('11706290', 'Nurmayanti', 'P', NULL, NULL, NULL, 2, 'Cis 1', '2017', NULL, NULL, NULL),
('11706291', 'Nurul Aeni', 'P', NULL, NULL, NULL, 16, 'Suk 1', '2017', NULL, NULL, NULL),
('11706292', 'Nurul Aflah Nasution', 'P', NULL, NULL, NULL, 13, 'Cis 3', '2017', NULL, NULL, NULL),
('11706293', 'Nurul Astiawati', 'L', NULL, NULL, NULL, 16, 'Cia 4', '2017', NULL, NULL, NULL),
('11706294', 'Nurul Hidayah', 'P', NULL, NULL, NULL, 11, 'Cib 1', '2017', NULL, NULL, NULL),
('11706295', 'Nurul Ulfa Ruslia', 'P', NULL, NULL, NULL, 5, 'Cic 5', '2017', NULL, NULL, NULL),
('11706296', 'Nurwasyipa Aulia', 'P', NULL, NULL, NULL, 2, 'Cia 3', '2017', NULL, NULL, NULL),
('11706297', 'Prayogo Pangestu', 'L', NULL, NULL, NULL, 9, 'Taj 4', '2017', NULL, NULL, NULL),
('11706298', 'Prayudha Arya Nugraha', 'L', NULL, NULL, NULL, 15, 'Cic 3', '2017', NULL, NULL, NULL),
('11706299', 'Putri Anasti Kholidiah', 'P', NULL, NULL, NULL, 1, 'Cis 3', '2017', NULL, NULL, NULL),
('11706300', 'Putu Ferayani', 'P', NULL, NULL, NULL, 8, 'Cia 2', '2017', NULL, NULL, NULL),
('11706301', 'R.Mohamad Alfiansyah Prawira', 'L', NULL, NULL, NULL, 13, 'Cia 5', '2017', NULL, NULL, NULL),
('11706302', 'Rachmat Hidayat', 'L', NULL, NULL, NULL, 10, 'Taj 2', '2017', NULL, NULL, NULL),
('11706303', 'Raden Anita Nur Salsabila', 'P', NULL, NULL, NULL, 2, 'Cic 4', '2017', NULL, NULL, NULL),
('11706304', 'Raden Syarif', 'L', NULL, NULL, NULL, 4, 'Cia 3', '2017', NULL, NULL, NULL),
('11706305', 'Rafi Aprilian', 'L', NULL, NULL, NULL, 5, 'Wik 1', '2017', NULL, NULL, NULL),
('11706306', 'Rafli Ilham Alamsyah', 'L', NULL, NULL, NULL, 11, 'Cic 1', '2017', NULL, NULL, NULL),
('11706307', 'Rafli Kurnia Ramdhan', 'L', NULL, NULL, NULL, 3, 'Cic 7', '2017', NULL, NULL, NULL),
('11706308', 'Rafli Rai Rizky', 'L', NULL, NULL, NULL, 5, 'Cic 5', '2017', NULL, NULL, NULL),
('11706309', 'Raflyansyah Adi Pratama', 'L', NULL, NULL, NULL, 3, 'Cis 1', '2017', NULL, NULL, NULL),
('11706310', 'Ragil Latifah Fatin', 'L', NULL, NULL, NULL, 1, 'Cis 6', '2017', NULL, NULL, NULL),
('11706311', 'Raihan Adipramana', 'L', NULL, NULL, NULL, 7, 'Cis 5', '2017', NULL, NULL, NULL),
('11706312', 'Raihan Saiya Bustaman', 'L', NULL, NULL, NULL, 5, 'Cic 2', '2017', NULL, NULL, NULL),
('11706313', 'Raina Azaliyah Putri', 'P', NULL, NULL, NULL, 2, 'Cia 1', '2017', NULL, NULL, NULL),
('11706314', 'Rairana Syahdam Dafala', 'L', NULL, NULL, NULL, 9, 'Cis 2', '2017', NULL, NULL, NULL),
('11706315', 'Ramdani Syaputra', 'L', NULL, NULL, NULL, 3, 'Cis 5', '2017', NULL, NULL, NULL),
('11706316', 'Ratu Alisha', 'P', NULL, NULL, NULL, 1, 'Cia 2', '2017', NULL, NULL, NULL),
('11706317', 'Ratu Dhelila Apriani Humaidi', 'P', NULL, NULL, NULL, 13, 'Cic 3', '2017', NULL, NULL, NULL),
('11706318', 'Raudatul Jannah', 'P', NULL, NULL, NULL, 1, 'Taj 3', '2017', NULL, NULL, NULL),
('11706319', 'Reihan Akmal Harimulya', 'L', NULL, NULL, NULL, 10, 'Cic 6', '2017', NULL, NULL, NULL),
('11706320', 'Renita Nur Pajar', 'P', NULL, NULL, NULL, 3, 'Wik 2', '2017', NULL, NULL, NULL),
('11706321', 'Resa Dwi Putra Mahendra', 'L', NULL, NULL, NULL, 1, 'Cib 2', '2017', NULL, NULL, NULL),
('11706322', 'Resa Rezeky Hutasoit', 'P', NULL, NULL, NULL, 14, 'Suk 1', '2017', NULL, NULL, NULL),
('11706323', 'Resky Ardiani', 'P', NULL, NULL, NULL, 11, 'Cic 6', '2017', NULL, NULL, NULL),
('11706324', 'Resti Oktaviani', 'P', NULL, NULL, NULL, 9, 'Suk 1', '2017', NULL, NULL, NULL),
('11706325', 'Reva Anggraeni', 'P', NULL, NULL, NULL, 7, 'Suk 2', '2017', NULL, NULL, NULL),
('11706326', 'Reza Ramadhan Irianto', 'L', NULL, NULL, NULL, 6, 'Cic 6', '2017', NULL, NULL, NULL),
('11706327', 'Rezha Pramudia A', 'L', NULL, NULL, NULL, 3, 'Wik 2', '2017', NULL, NULL, NULL),
('11706328', 'Rezka Azzahra', 'P', NULL, NULL, NULL, 1, 'Cis 1', '2017', NULL, NULL, NULL),
('11706329', 'Rida', 'P', NULL, NULL, NULL, 13, 'Cia 2', '2017', NULL, NULL, NULL),
('11706330', 'Rida Nurhelina', 'P', NULL, NULL, NULL, 2, 'Cic 2', '2017', NULL, NULL, NULL),
('11706331', 'Rifaldi Nurhadiansyah', 'L', NULL, NULL, NULL, 11, 'Cic 5', '2017', NULL, NULL, NULL),
('11706332', 'Rifqi Syadzwana Ramadhan', 'L', NULL, NULL, NULL, 5, 'Cic 3', '2017', NULL, NULL, NULL),
('11706334', 'Rina Yuriana', 'P', NULL, NULL, NULL, 16, 'Cib 3', '2017', NULL, NULL, NULL),
('11706335', 'Riska Juliani Usman', 'P', NULL, NULL, NULL, 13, 'Taj 3', '2017', NULL, NULL, NULL),
('11706336', 'Riski Ramadan', 'L', NULL, NULL, NULL, 12, 'Taj 5', '2017', NULL, NULL, NULL),
('11706337', 'Risma Nurhasanah', 'P', NULL, NULL, NULL, 2, 'Cis 6', '2017', NULL, NULL, NULL),
('11706338', 'Rista Ruhan Pramascia', 'P', NULL, NULL, NULL, 2, 'Cic 1', '2017', NULL, NULL, NULL),
('11706339', 'Rival Nazar Ruslan', 'L', NULL, NULL, NULL, 15, 'Cis 1', '2017', NULL, NULL, NULL),
('11706340', 'Rizal Awaludin', 'L', NULL, NULL, NULL, 6, 'Wik 2', '2017', NULL, NULL, NULL),
('11706341', 'Rizfi Afriandi', 'L', NULL, NULL, NULL, 9, 'Cic 2', '2017', NULL, NULL, NULL),
('11706342', 'Rizky Ramon', 'L', NULL, NULL, NULL, 6, 'Cis 1', '2017', NULL, NULL, NULL),
('11706343', 'Rosita', 'P', NULL, NULL, NULL, 15, 'Taj 5', '2017', NULL, NULL, NULL),
('11706344', 'Rulyan Suwandi', 'L', NULL, NULL, NULL, 2, 'Cis 5', '2017', NULL, NULL, NULL),
('11706345', 'Saefadhli Khoiri', 'L', NULL, NULL, NULL, 9, 'Cia 5', '2017', NULL, NULL, NULL),
('11706346', 'Safitri Nur Rizki', 'P', NULL, NULL, NULL, 11, 'Taj 2', '2017', NULL, NULL, NULL),
('11706347', 'Salfira Rahmi Anzani', 'P', NULL, NULL, NULL, 2, 'Cic 3', '2017', NULL, NULL, NULL),
('11706348', 'Salman Faris', 'L', NULL, NULL, NULL, 6, 'Cia 2', '2017', NULL, NULL, NULL),
('11706349', 'Salsabila Raihana Darmawan', 'P', NULL, NULL, NULL, 11, 'Cic 1', '2017', NULL, NULL, NULL),
('11706350', 'Samuel Sambera', 'L', NULL, NULL, NULL, 11, 'Cib 1', '2017', NULL, NULL, NULL),
('11706351', 'Sanjaya', 'L', NULL, NULL, NULL, 6, 'Cia 2', '2017', NULL, NULL, NULL),
('11706352', 'Satria Anugrah Pamungkas', 'L', NULL, NULL, NULL, 8, 'Taj 2', '2017', NULL, NULL, NULL),
('11706353', 'Satriyo Nuraji Rasa ', 'L', NULL, NULL, NULL, 5, 'Cic 2', '2017', NULL, NULL, NULL),
('11706354', 'Satriyo Agung Ramadhan', 'L', NULL, NULL, NULL, 3, 'Cic 6', '2017', NULL, NULL, NULL),
('11706355', 'Savera Joviana Putri Djama', 'P', NULL, NULL, NULL, 1, 'Cic 7', '2017', NULL, NULL, NULL),
('11706356', 'Selvia Pratiwi', 'P', NULL, NULL, NULL, 10, 'Cic 5', '2017', NULL, NULL, NULL),
('11706357', 'Seno Putra Prakoso', 'L', NULL, NULL, NULL, 16, 'Cic 4', '2017', NULL, NULL, NULL),
('11706358', 'Sephia Herliana Muchtar', 'P', NULL, NULL, NULL, 13, 'Taj 3', '2017', NULL, NULL, NULL),
('11706359', 'Septhiya Rachmawati', 'P', NULL, NULL, NULL, 9, 'Cib 3', '2017', NULL, NULL, NULL),
('11706360', 'Septi Aulia', 'P', NULL, NULL, NULL, 1, 'Cic 2', '2017', NULL, NULL, NULL),
('11706361', 'Shafa Haniyah', 'P', NULL, NULL, NULL, 11, 'Cic 2', '2017', NULL, NULL, NULL),
('11706363', 'Shalsha Syabyllah', 'P', NULL, NULL, NULL, 13, 'Taj 3', '2017', NULL, NULL, NULL),
('11706364', 'Shandra Dwi Putra Hasibuan', 'L', NULL, NULL, NULL, 3, 'Cis 2', '2017', NULL, NULL, NULL);
INSERT INTO `tbl_siswa` (`nis`, `nama`, `jk`, `tgl_lahir`, `alamat`, `agama`, `kode_rombel`, `kode_rayon`, `tahun_masuk`, `password`, `tgl_update`, `user_update`) VALUES
('11706365', 'Shankara Argatira Bima', 'L', NULL, NULL, NULL, 13, 'Suk 1', '2017', NULL, NULL, NULL),
('11706366', 'Shofira Khairunnisa ', 'P', NULL, NULL, NULL, 6, 'Cib 2', '2017', NULL, NULL, NULL),
('11706367', 'Silvany Verolita Sibarani', 'P', NULL, NULL, NULL, 3, 'Cic 3', '2017', NULL, NULL, NULL),
('11706368', 'Silvia Natasya', 'P', NULL, NULL, NULL, 15, 'Cis 1', '2017', NULL, NULL, NULL),
('11706369', 'Silvia Noviyani', 'P', NULL, NULL, NULL, 15, 'Cic 7', '2017', NULL, NULL, NULL),
('11706370', 'Sinta Dwi Agustina', 'P', NULL, NULL, NULL, 2, 'Taj 2', '2017', NULL, NULL, NULL),
('11706371', 'Siti Aliyah', 'P', NULL, NULL, NULL, 1, 'Cia 3', '2017', NULL, NULL, NULL),
('11706372', 'Siti Azizah', 'P', NULL, NULL, NULL, 1, 'Cia 3', '2017', NULL, NULL, NULL),
('11706373', 'Siti Azzahra', 'P', NULL, NULL, NULL, 2, 'Cib 2', '2017', NULL, NULL, NULL),
('11706374', 'Siti Badriah', 'P', NULL, NULL, NULL, 2, 'Cia 2', '2017', NULL, NULL, NULL),
('11706375', 'Siti Fadila Afrilia', 'P', NULL, NULL, NULL, 8, 'Taj 2', '2017', NULL, NULL, NULL),
('11706376', 'Siti Fahrika Az-Zahra Sutisna', 'P', NULL, NULL, NULL, 16, 'Suk 1', '2017', NULL, NULL, NULL),
('11706377', 'Siti Fatimah Sakinah', 'P', NULL, NULL, NULL, 14, 'Cia 3', '2017', NULL, NULL, NULL),
('11706378', 'Siti Ismarani', 'P', NULL, NULL, NULL, 1, 'Cic 5', '2017', NULL, NULL, NULL),
('11706379', 'Siti Khodijah', 'P', NULL, NULL, NULL, 1, 'Suk 1', '2017', NULL, NULL, NULL),
('11706380', 'Siti Komalasari', 'P', NULL, NULL, NULL, 16, 'Taj 5', '2017', NULL, NULL, NULL),
('11706381', 'Siti Maharani Jaliyanti', 'P', NULL, NULL, NULL, 16, 'Cis 2', '2017', NULL, NULL, NULL),
('11706382', 'Siti Maria Ulfa', 'P', NULL, NULL, NULL, 9, 'Cia 1', '2017', NULL, NULL, NULL),
('11706383', 'Siti Marlina', 'P', NULL, NULL, NULL, 15, 'Cib 2', '2017', NULL, NULL, NULL),
('11706384', 'Siti Nur Nia Sari', 'P', NULL, NULL, NULL, 8, 'Cis 3', '2017', NULL, NULL, NULL),
('11706385', 'Siti Nuraisya Safitri', 'P', NULL, NULL, NULL, 16, 'Cib 1', '2017', NULL, NULL, NULL),
('11706386', 'Siti Nurhafada Aniadi', 'P', NULL, NULL, NULL, 14, 'Taj 2', '2017', NULL, NULL, NULL),
('11706387', 'Siti Nurmalinda Ulyanto', 'P', NULL, NULL, NULL, 7, 'Cib 3', '2017', NULL, NULL, NULL),
('11706388', 'Siti Nurmilah Latuapo', 'P', NULL, NULL, NULL, 6, 'Cib 3', '2017', NULL, NULL, NULL),
('11706389', 'Siti Nurul Khofifah', 'P', NULL, NULL, NULL, 3, 'Cia 5', '2017', NULL, NULL, NULL),
('11706390', 'Siti Paradilah', 'P', NULL, NULL, NULL, 16, 'Cib 2', '2017', NULL, NULL, NULL),
('11706391', 'Siti Rahayu', 'P', NULL, NULL, NULL, 14, 'Cia 2', '2017', NULL, NULL, NULL),
('11706392', 'Siti Syavadhila', 'P', NULL, NULL, NULL, 1, 'Taj 5', '2017', NULL, NULL, NULL),
('11706393', 'Siti Tanisya Nurul Hidayah', 'P', NULL, NULL, NULL, 1, 'Taj 1', '2017', NULL, NULL, NULL),
('11706394', 'Siti Yunita Awaliah', 'P', NULL, NULL, NULL, 16, 'Cia 1', '2017', NULL, NULL, NULL),
('11706395', 'Siti Zahra Khairunnisa', 'P', NULL, NULL, NULL, 2, 'Cib 3', '2017', NULL, NULL, NULL),
('11706396', 'Siti Zahra Nuryani', 'P', NULL, NULL, NULL, 12, 'Cia 3', '2017', NULL, NULL, NULL),
('11706397', 'Solihat Khairun Nisa', 'P', NULL, NULL, NULL, 1, 'Suk 2', '2017', NULL, NULL, NULL),
('11706398', 'Sri Wulandari', 'P', NULL, NULL, NULL, 3, 'Taj 2', '2017', NULL, NULL, NULL),
('11706399', 'Stefani', 'P', NULL, NULL, NULL, 13, 'Wik 3', '2017', NULL, NULL, NULL),
('11706400', 'Stefanny Greacia', 'P', NULL, NULL, NULL, 15, 'Taj 5', '2017', NULL, NULL, NULL),
('11706401', 'Sultan Yusuf Albari', 'L', NULL, NULL, NULL, 1, 'Taj 1', '2017', NULL, NULL, NULL),
('11706402', 'Suryo Selamet Kamal Kalamillah', 'L', NULL, NULL, NULL, 3, 'Wik 2', '2017', NULL, NULL, NULL),
('11706403', 'Syahdan Alfikri', 'L', NULL, NULL, NULL, 12, 'Taj 3', '2017', NULL, NULL, NULL),
('11706404', 'Syahrul Efendi', 'L', NULL, NULL, NULL, 7, 'Cic 2', '2017', NULL, NULL, NULL),
('11706405', 'Syahrul Rahman Apendi', 'L', NULL, NULL, NULL, 8, 'Cic 5', '2017', NULL, NULL, NULL),
('11706406', 'Syaini Syahriah', 'P', NULL, NULL, NULL, 11, 'Cia 1', '2017', NULL, NULL, NULL),
('11706407', 'Syarif Muhammad Abdillah', 'L', NULL, NULL, NULL, 7, 'Cib 2', '2017', NULL, NULL, NULL),
('11706408', 'Syifa Apriyani', 'P', NULL, NULL, NULL, 8, 'Cia 1', '2017', NULL, NULL, NULL),
('11706409', 'Tabah Hikmawan Yusron', 'L', NULL, NULL, NULL, 3, 'Cis 2', '2017', NULL, NULL, NULL),
('11706410', 'Tantri Nurwijaya', 'P', NULL, NULL, NULL, 16, 'Taj 2', '2017', NULL, NULL, NULL),
('11706411', 'Tasya Shafira Wilman', 'P', NULL, NULL, NULL, 15, 'Taj 1', '2017', NULL, NULL, NULL),
('11706412', 'Taufik Hidayat', 'L', NULL, NULL, NULL, 8, 'Cis 1', '2017', NULL, NULL, NULL),
('11706413', 'Tiara Fajardini', 'P', NULL, NULL, NULL, 6, 'Taj 2', '2017', NULL, NULL, NULL),
('11706414', 'Tina Agustina', 'P', NULL, NULL, NULL, 14, 'Cic 7', '2017', NULL, NULL, NULL),
('11706415', 'Tita Marliani Nurhilali', 'P', NULL, NULL, NULL, 1, 'Cis 1', '2017', NULL, NULL, NULL),
('11706416', 'Tito Triarso', 'L', NULL, NULL, NULL, 16, 'Taj 1', '2017', NULL, NULL, NULL),
('11706417', 'Tiwi Lusiawati', 'P', NULL, NULL, NULL, 14, 'Taj 4', '2017', NULL, NULL, NULL),
('11706418', 'Topani Christiadi', 'L', NULL, NULL, NULL, 8, 'Cic 2', '2017', NULL, NULL, NULL),
('11706419', 'Tri Anhari Noer Faqih', 'L', NULL, NULL, NULL, 8, 'Taj 3', '2017', NULL, NULL, NULL),
('11706420', 'Tri Ayu Siti Nurbiah', 'P', NULL, NULL, NULL, 11, 'Taj 5', '2017', NULL, NULL, NULL),
('11706421', 'Tri Harbiyanto', 'L', NULL, NULL, NULL, 7, 'Cis 2', '2017', NULL, NULL, NULL),
('11706422', 'Trie Meitha Choerunnisa', 'P', NULL, NULL, NULL, 11, 'Suk 2', '2017', NULL, NULL, NULL),
('11706423', 'Triyani Sukmaningsih', 'P', NULL, NULL, NULL, 12, 'Cis 1', '2017', NULL, NULL, NULL),
('11706424', 'Tubagus Radhiyya Ramandhika', 'L', NULL, NULL, NULL, 5, 'Suk 2', '2017', NULL, NULL, NULL),
('11706425', 'Virda Regina', 'P', NULL, NULL, NULL, 15, 'Suk 1', '2017', NULL, NULL, NULL),
('11706426', 'Vito Altamirano', 'L', NULL, NULL, NULL, 14, 'Cia 1', '2017', NULL, NULL, NULL),
('11706427', 'Wahyu Awaludin', 'L', NULL, NULL, NULL, 14, 'Cia 4', '2017', NULL, NULL, NULL),
('11706428', 'Wanaputri Dwi Adinda', 'P', NULL, NULL, NULL, 9, 'Suk 2', '2017', NULL, NULL, NULL),
('11706429', 'Wanda Agistira Putri', 'P', NULL, NULL, NULL, 1, 'Cia 5', '2017', NULL, NULL, NULL),
('11706430', 'Warda Puteri Sari', 'P', NULL, NULL, NULL, 1, 'Taj 3', '2017', NULL, NULL, NULL),
('11706431', 'Widya Nur Ananda', 'P', NULL, NULL, NULL, 1, 'Taj 4', '2017', NULL, NULL, NULL),
('11706432', 'Wina Dwiyanti', 'P', NULL, NULL, NULL, 2, 'Cib 1', '2017', NULL, NULL, NULL),
('11706433', 'Winardianto', 'L', NULL, NULL, NULL, 10, 'Taj 5', '2017', NULL, NULL, NULL),
('11706434', 'Windi Nurcaya Utami', 'P', NULL, NULL, NULL, 1, 'Cic 5', '2017', NULL, NULL, NULL),
('11706435', 'Wirda Surpiani', 'P', NULL, NULL, NULL, 16, 'Taj 5', '2017', NULL, NULL, NULL),
('11706436', 'Wiwit Nurhawa', 'P', NULL, NULL, NULL, 7, 'Taj 3', '2017', NULL, NULL, NULL),
('11706437', 'Yoga Ariefatullah Abimanyu', 'L', NULL, NULL, NULL, 6, 'Wik 1', '2017', NULL, NULL, NULL),
('11706438', 'Yudis Threeyantoro', 'L', NULL, NULL, NULL, 12, 'Cic 2', '2017', NULL, NULL, NULL),
('11706439', 'Yulia Handayani', 'P', NULL, NULL, NULL, 11, 'Cia 3', '2017', NULL, NULL, NULL),
('11706440', 'Yulia Rahman', 'P', NULL, NULL, NULL, 1, 'Cis 2', '2017', NULL, NULL, NULL),
('11706441', 'Yuliana Restu', 'P', NULL, NULL, NULL, 2, 'Wik 4', '2017', NULL, NULL, NULL),
('11706442', 'Yulistina Nurul Azizah', 'P', NULL, NULL, NULL, 13, 'Cic 3', '2017', NULL, NULL, NULL),
('11706443', 'Yuni Wijaya', 'P', NULL, NULL, NULL, 13, 'Cis 5', '2017', NULL, NULL, NULL),
('11706444', 'Yuniar Ledyanti', 'P', NULL, NULL, NULL, 7, 'Taj 1', '2017', NULL, NULL, NULL),
('11706445', 'Yunisa Yasmin', 'P', NULL, NULL, NULL, 14, 'Cis 1', '2017', NULL, NULL, NULL),
('11706446', 'Yunni Agustin', 'P', NULL, NULL, NULL, 13, 'Taj 5', '2017', NULL, NULL, NULL),
('11706447', 'Yurika Hanifah Putri Andi', 'P', NULL, NULL, NULL, 3, 'Taj 4', '2017', NULL, NULL, NULL),
('11706448', 'Yusuf Wandana', 'L', NULL, NULL, NULL, 5, 'Cic 4', '2017', NULL, NULL, NULL),
('11706449', 'Zafira Yasmin Ghiffari', 'P', NULL, NULL, NULL, 13, 'Wik 1', '2017', NULL, NULL, NULL),
('11706450', 'Zahra Zakiyya', 'P', NULL, NULL, NULL, 8, 'Suk 2', '2017', NULL, NULL, NULL),
('11706451', 'Zaki Aljabbar', 'L', NULL, NULL, NULL, 8, 'Suk 2', '2017', NULL, NULL, NULL),
('11706452', 'Zara Sheilomitha Ainnaya', 'P', NULL, NULL, NULL, 16, 'Suk 2', '2017', NULL, NULL, NULL),
('11706453', 'Zayyan Bagas Fibriyan', 'L', NULL, NULL, NULL, 7, 'Taj 2', '2017', NULL, NULL, NULL),
('11706454', 'Zidan Abdul Jabbar', 'L', NULL, NULL, NULL, 7, 'Cis 5', '2017', NULL, NULL, NULL),
('11706455', 'Rangga Adrian', 'L', NULL, NULL, NULL, 7, 'Wik 4', '2017', NULL, NULL, NULL),
('11706456', 'Malisa Diniyah', 'P', NULL, NULL, NULL, 3, 'Cis 2', '2017', NULL, NULL, NULL),
('11706457', 'Muhammad Farchany Yusup', 'L', NULL, NULL, NULL, 16, 'Taj 4', '2017', NULL, NULL, NULL);

--
-- Triggers `tbl_siswa`
--
DROP TRIGGER IF EXISTS `hapus_siswa`;
DELIMITER //
CREATE TRIGGER `hapus_siswa` AFTER DELETE ON `tbl_siswa`
 FOR EACH ROW UPDATE tbl_rombel SET jumlah_siswa = jumlah_siswa - 1 WHERE kode_rombel = OLD.kode_rombel
//
DELIMITER ;
DROP TRIGGER IF EXISTS `tambah_siswa`;
DELIMITER //
CREATE TRIGGER `tambah_siswa` AFTER INSERT ON `tbl_siswa`
 FOR EACH ROW UPDATE tbl_rombel SET jumlah_siswa = jumlah_siswa+1 WHERE kode_rombel = NEW.kode_rombel
//
DELIMITER ;

-- --------------------------------------------------------

--
-- Table structure for table `tbl_sp`
--

CREATE TABLE IF NOT EXISTS `tbl_sp` (
  `id_sp` int(11) NOT NULL AUTO_INCREMENT,
  `no_surat` varchar(100) NOT NULL,
  `nis` varchar(8) NOT NULL,
  `nama` varchar(100) NOT NULL,
  `jurusan` varchar(50) NOT NULL,
  `rombel` varchar(9) NOT NULL,
  `rayon` varchar(20) NOT NULL,
  `jumlah_skor` int(11) NOT NULL,
  `sp_ke` int(1) NOT NULL,
  `proses_kesiswaan` int(1) NOT NULL,
  `proses_pembimbing` int(1) NOT NULL,
  `status` int(1) NOT NULL,
  `tanggal_cetak` date NOT NULL,
  `tgl_update` timestamp NOT NULL DEFAULT '0000-00-00 00:00:00' ON UPDATE CURRENT_TIMESTAMP,
  `user_update` varchar(50) NOT NULL,
  PRIMARY KEY (`id_sp`)
) ENGINE=InnoDB  DEFAULT CHARSET=latin1 AUTO_INCREMENT=6 ;

--
-- Dumping data for table `tbl_sp`
--

INSERT INTO `tbl_sp` (`id_sp`, `no_surat`, `nis`, `nama`, `jurusan`, `rombel`, `rayon`, `jumlah_skor`, `sp_ke`, `proses_kesiswaan`, `proses_pembimbing`, `status`, `tanggal_cetak`, `tgl_update`, `user_update`) VALUES
(1, '422.2/123/SMK Wikrama/03/2018', '11504739', 'Aldi Oktaresi', 'Rekayasa Perangkat Lunak', 'RPL XII-3', 'Tajur 4', 250, 1, 1, 1, 1, '2018-03-02', '2018-03-02 10:28:17', ''),
(2, '422.2/123/SMK Wikrama/03/2018', '11504802', 'Bayu Maulana Ramdhan', 'Multimedia', 'MMD XII-1', 'Cicurug 4', 600, 2, 1, 1, 1, '2018-03-04', '2018-03-04 12:04:32', ''),
(3, '422.2/90/SMK Wikrama/03/2018', '11404587', 'Rizal Darmawan Supendi', 'Teknik Komputer dan Jaringan', 'TKJ XII-2', 'Wikrama 2', 750, 3, 1, 1, 1, '2018-03-05', '2018-03-05 03:30:48', ''),
(4, '422.2/144/SMK Wikrama/03/2018', '11505006', 'Muhamad Al-Fahasyim', 'Rekayasa Perangkat Lunak', 'RPL XII-1', 'Cicurug 5', 250, 1, 1, 1, 1, '2018-03-05', '2018-03-05 03:43:29', ''),
(5, '422.2/123/SMK Wikrama/03/2018', '11505002', 'Muhamad Irfan Maulana', 'Rekayasa Perangkat Lunak', 'RPL XII-3', 'Cibedug 1', 250, 1, 1, 1, 1, '2018-03-07', '2018-03-07 08:14:59', '');

--
-- Constraints for dumped tables
--

--
-- Constraints for table `tbl_absensi_siswa`
--
ALTER TABLE `tbl_absensi_siswa`
  ADD CONSTRAINT `tbl_absensi_siswa_ibfk_1` FOREIGN KEY (`nis`) REFERENCES `tbl_siswa` (`nis`),
  ADD CONSTRAINT `tbl_absensi_siswa_ibfk_2` FOREIGN KEY (`kode_rayon`) REFERENCES `tbl_rayon` (`kode_rayon`);

--
-- Constraints for table `tbl_izin_siswa`
--
ALTER TABLE `tbl_izin_siswa`
  ADD CONSTRAINT `tbl_izin_siswa_ibfk_1` FOREIGN KEY (`nis`) REFERENCES `tbl_siswa` (`nis`),
  ADD CONSTRAINT `tbl_izin_siswa_ibfk_2` FOREIGN KEY (`id_pegawai`) REFERENCES `tbl_pegawai` (`nip`),
  ADD CONSTRAINT `tbl_izin_siswa_ibfk_3` FOREIGN KEY (`kode_rayon`) REFERENCES `tbl_rayon` (`kode_rayon`);

--
-- Constraints for table `tbl_kinerja_siswa`
--
ALTER TABLE `tbl_kinerja_siswa`
  ADD CONSTRAINT `tbl_kinerja_siswa_ibfk_1` FOREIGN KEY (`kode_kinerja`) REFERENCES `tbl_poin_kinerja` (`kode_kinerja`),
  ADD CONSTRAINT `tbl_kinerja_siswa_ibfk_2` FOREIGN KEY (`nis`) REFERENCES `tbl_siswa` (`nis`),
  ADD CONSTRAINT `tbl_kinerja_siswa_ibfk_3` FOREIGN KEY (`kode_rayon`) REFERENCES `tbl_rayon` (`kode_rayon`);

--
-- Constraints for table `tbl_pembimbing`
--
ALTER TABLE `tbl_pembimbing`
  ADD CONSTRAINT `tbl_pembimbing_ibfk_1` FOREIGN KEY (`kode_rayon`) REFERENCES `tbl_rayon` (`kode_rayon`);

--
-- Constraints for table `tbl_siswa`
--
ALTER TABLE `tbl_siswa`
  ADD CONSTRAINT `tbl_siswa_ibfk_2` FOREIGN KEY (`kode_rayon`) REFERENCES `tbl_rayon` (`kode_rayon`),
  ADD CONSTRAINT `tbl_siswa_ibfk_3` FOREIGN KEY (`kode_rombel`) REFERENCES `tbl_rombel` (`kode_rombel`);

/*!40101 SET CHARACTER_SET_CLIENT=@OLD_CHARACTER_SET_CLIENT */;
/*!40101 SET CHARACTER_SET_RESULTS=@OLD_CHARACTER_SET_RESULTS */;
/*!40101 SET COLLATION_CONNECTION=@OLD_COLLATION_CONNECTION */;
